Date,Values,Delta Calculations,Delta - Mean(-0.000854383358098)
2010-02-22,2.22, , 
2010-02-23,2.14,-0.08000000000000007,-0.07914561664190208
2010-02-24,2.16,0.020000000000000018,0.020854383358098017
2010-02-25,2.16,0.0,0.000854383358098
2010-02-26,2.13,-0.03000000000000025,-0.02914561664190225
2010-03-01,2.14,0.010000000000000231,0.01085438335809823
2010-03-02,2.14,0.0,0.000854383358098
2010-03-03,2.15,0.009999999999999787,0.010854383358097786
2010-03-04,2.12,-0.029999999999999805,-0.029145616641901805
2010-03-05,2.15,0.029999999999999805,0.030854383358097804
2010-03-08,2.17,0.020000000000000018,0.020854383358098017
2010-03-09,2.19,0.020000000000000018,0.020854383358098017
2010-03-10,2.18,-0.009999999999999787,-0.009145616641901787
2010-03-11,2.16,-0.020000000000000018,-0.01914561664190202
2010-03-12,2.13,-0.03000000000000025,-0.02914561664190225
2010-03-15,2.13,0.0,0.000854383358098
2010-03-16,2.11,-0.020000000000000018,-0.01914561664190202
2010-03-17,2.07,-0.040000000000000036,-0.03914561664190203
2010-03-18,2.09,0.020000000000000018,0.020854383358098017
2010-03-19,2.1,0.010000000000000231,0.01085438335809823
2010-03-22,2.09,-0.010000000000000231,-0.009145616641902232
2010-03-23,2.11,0.020000000000000018,0.020854383358098017
2010-03-24,2.21,0.10000000000000009,0.10085438335809808
2010-03-25,2.23,0.020000000000000018,0.020854383358098017
2010-03-26,2.2,-0.029999999999999805,-0.029145616641901805
2010-03-29,2.22,0.020000000000000018,0.020854383358098017
2010-03-30,2.22,0.0,0.000854383358098
2010-03-31,2.16,-0.06000000000000005,-0.05914561664190205
2010-04-01,2.16,0.0,0.000854383358098
2010-04-02,2.22,0.06000000000000005,0.060854383358098056
2010-04-05,2.26,0.03999999999999959,0.040854383358097594
2010-04-06,2.2,-0.05999999999999961,-0.059145616641901606
2010-04-07,2.09,-0.11000000000000032,-0.10914561664190232
2010-04-08,2.11,0.020000000000000018,0.020854383358098017
2010-04-09,2.1,-0.009999999999999787,-0.009145616641901787
2010-04-12,2.06,-0.040000000000000036,-0.03914561664190203
2010-04-13,2.05,-0.010000000000000231,-0.009145616641902232
2010-04-14,2.08,0.03000000000000025,0.030854383358098248
2010-04-15,2.04,-0.040000000000000036,-0.03914561664190203
2010-04-16,2.02,-0.020000000000000018,-0.01914561664190202
2010-04-19,2.05,0.029999999999999805,0.030854383358097804
2010-04-20,2.03,-0.020000000000000018,-0.01914561664190202
2010-04-21,1.98,-0.04999999999999982,-0.04914561664190182
2010-04-22,2.01,0.029999999999999805,0.030854383358097804
2010-04-23,2.01,0.0,0.000854383358098
2010-04-26,2.0,-0.009999999999999787,-0.009145616641901787
2010-04-27,1.93,-0.07000000000000006,-0.06914561664190207
2010-04-28,1.97,0.040000000000000036,0.04085438335809804
2010-04-29,1.88,-0.09000000000000008,-0.08914561664190208
2010-04-30,1.85,-0.029999999999999805,-0.029145616641901805
2010-05-03,1.87,0.020000000000000018,0.020854383358098017
2010-05-04,1.85,-0.020000000000000018,-0.01914561664190202
2010-05-05,1.84,-0.010000000000000009,-0.00914561664190201
2010-05-06,1.73,-0.1100000000000001,-0.1091456166419021
2010-05-07,1.82,0.09000000000000008,0.09085438335809808
2010-05-10,1.87,0.050000000000000044,0.05085438335809805
2010-05-11,1.86,-0.010000000000000009,-0.00914561664190201
2010-05-12,1.86,0.0,0.000854383358098
2010-05-13,1.84,-0.020000000000000018,-0.01914561664190202
2010-05-14,1.79,-0.050000000000000044,-0.04914561664190204
2010-05-17,1.83,0.040000000000000036,0.04085438335809804
2010-05-18,1.76,-0.07000000000000006,-0.06914561664190207
2010-05-19,1.83,0.07000000000000006,0.07085438335809806
2010-05-20,1.84,0.010000000000000009,0.010854383358098008
2010-05-21,1.79,-0.050000000000000044,-0.04914561664190204
2010-05-24,1.82,0.030000000000000027,0.030854383358098026
2010-05-25,1.83,0.010000000000000009,0.010854383358098008
2010-05-26,1.81,-0.020000000000000018,-0.01914561664190202
2010-05-27,1.84,0.030000000000000027,0.030854383358098026
2010-05-28,1.83,-0.010000000000000009,-0.00914561664190201
2010-06-01,1.83,0.0,0.000854383358098
2010-06-02,1.85,0.020000000000000018,0.020854383358098017
2010-06-03,1.84,-0.010000000000000009,-0.00914561664190201
2010-06-04,1.77,-0.07000000000000006,-0.06914561664190207
2010-06-07,1.76,-0.010000000000000009,-0.00914561664190201
2010-06-08,1.77,0.010000000000000009,0.010854383358098008
2010-06-09,1.78,0.010000000000000009,0.010854383358098008
2010-06-10,1.86,0.08000000000000007,0.08085438335809807
2010-06-11,1.79,-0.07000000000000006,-0.06914561664190207
2010-06-14,1.82,0.030000000000000027,0.030854383358098026
2010-06-15,1.83,0.010000000000000009,0.010854383358098008
2010-06-16,1.79,-0.040000000000000036,-0.03914561664190203
2010-06-17,1.73,-0.06000000000000005,-0.05914561664190205
2010-06-18,1.76,0.030000000000000027,0.030854383358098026
2010-06-21,1.75,-0.010000000000000009,-0.00914561664190201
2010-06-22,1.72,-0.030000000000000027,-0.029145616641902027
2010-06-23,1.71,-0.010000000000000009,-0.00914561664190201
2010-06-24,1.76,0.050000000000000044,0.05085438335809805
2010-06-25,1.74,-0.020000000000000018,-0.01914561664190202
2010-06-28,1.72,-0.020000000000000018,-0.01914561664190202
2010-06-29,1.7,-0.020000000000000018,-0.01914561664190202
2010-06-30,1.71,0.010000000000000009,0.010854383358098008
2010-07-01,1.76,0.050000000000000044,0.05085438335809805
2010-07-02,1.81,0.050000000000000044,0.05085438335809805
2010-07-06,1.8,-0.010000000000000009,-0.00914561664190201
2010-07-07,1.85,0.050000000000000044,0.05085438335809805
2010-07-08,1.82,-0.030000000000000027,-0.029145616641902027
2010-07-09,1.83,0.010000000000000009,0.010854383358098008
2010-07-12,1.84,0.010000000000000009,0.010854383358098008
2010-07-13,1.87,0.030000000000000027,0.030854383358098026
2010-07-14,1.83,-0.040000000000000036,-0.03914561664190203
2010-07-15,1.82,-0.010000000000000009,-0.00914561664190201
2010-07-16,1.88,0.05999999999999983,0.060854383358097834
2010-07-19,1.95,0.07000000000000006,0.07085438335809806
2010-07-20,1.95,0.0,0.000854383358098
2010-07-21,1.86,-0.08999999999999986,-0.08914561664190186
2010-07-22,1.87,0.010000000000000009,0.010854383358098008
2010-07-23,1.93,0.05999999999999983,0.060854383358097834
2010-07-26,1.92,-0.010000000000000009,-0.00914561664190201
2010-07-27,1.94,0.020000000000000018,0.020854383358098017
2010-07-28,1.91,-0.030000000000000027,-0.029145616641902027
2010-07-29,1.92,0.010000000000000009,0.010854383358098008
2010-07-30,1.85,-0.06999999999999984,-0.06914561664190184
2010-08-02,1.88,0.029999999999999805,0.030854383358097804
2010-08-03,1.85,-0.029999999999999805,-0.029145616641901805
2010-08-04,1.88,0.029999999999999805,0.030854383358097804
2010-08-05,1.86,-0.019999999999999796,-0.019145616641901796
2010-08-06,1.85,-0.010000000000000009,-0.00914561664190201
2010-08-09,1.85,0.0,0.000854383358098
2010-08-10,1.78,-0.07000000000000006,-0.06914561664190207
2010-08-11,1.8,0.020000000000000018,0.020854383358098017
2010-08-12,1.86,0.06000000000000005,0.060854383358098056
2010-08-13,1.8,-0.06000000000000005,-0.05914561664190205
2010-08-16,1.74,-0.06000000000000005,-0.05914561664190205
2010-08-17,1.78,0.040000000000000036,0.04085438335809804
2010-08-18,1.78,0.0,0.000854383358098
2010-08-19,1.77,-0.010000000000000009,-0.00914561664190201
2010-08-20,1.77,0.0,0.000854383358098
2010-08-23,1.69,-0.08000000000000007,-0.07914561664190208
2010-08-24,1.68,-0.010000000000000009,-0.00914561664190201
2010-08-25,1.65,-0.030000000000000027,-0.029145616641902027
2010-08-26,1.59,-0.05999999999999983,-0.05914561664190183
2010-08-27,1.67,0.07999999999999985,0.08085438335809784
2010-08-30,1.62,-0.04999999999999982,-0.04914561664190182
2010-08-31,1.6,-0.020000000000000018,-0.01914561664190202
2010-09-01,1.65,0.04999999999999982,0.050854383358097825
2010-09-02,1.69,0.040000000000000036,0.04085438335809804
2010-09-03,1.72,0.030000000000000027,0.030854383358098026
2010-09-07,1.65,-0.07000000000000006,-0.06914561664190207
2010-09-08,1.69,0.040000000000000036,0.04085438335809804
2010-09-09,1.73,0.040000000000000036,0.04085438335809804
2010-09-10,1.73,0.0,0.000854383358098
2010-09-13,1.65,-0.08000000000000007,-0.07914561664190208
2010-09-14,1.66,0.010000000000000009,0.010854383358098008
2010-09-15,1.72,0.06000000000000005,0.060854383358098056
2010-09-16,1.77,0.050000000000000044,0.05085438335809805
2010-09-17,1.79,0.020000000000000018,0.020854383358098017
2010-09-20,1.74,-0.050000000000000044,-0.04914561664190204
2010-09-21,1.61,-0.1299999999999999,-0.12914561664190188
2010-09-22,1.56,-0.050000000000000044,-0.04914561664190204
2010-09-23,1.59,0.030000000000000027,0.030854383358098026
2010-09-24,1.65,0.05999999999999983,0.060854383358097834
2010-09-27,1.61,-0.039999999999999813,-0.03914561664190181
2010-09-28,1.53,-0.08000000000000007,-0.07914561664190208
2010-09-29,1.58,0.050000000000000044,0.05085438335809805
2010-09-30,1.63,0.04999999999999982,0.050854383358097825
2010-10-01,1.61,-0.019999999999999796,-0.019145616641901796
2010-10-04,1.59,-0.020000000000000018,-0.01914561664190202
2010-10-05,1.54,-0.050000000000000044,-0.04914561664190204
2010-10-06,1.43,-0.1100000000000001,-0.1091456166419021
2010-10-07,1.48,0.050000000000000044,0.05085438335809805
2010-10-08,1.42,-0.06000000000000005,-0.05914561664190205
2010-10-12,1.46,0.040000000000000036,0.04085438335809804
2010-10-13,1.41,-0.050000000000000044,-0.04914561664190204
2010-10-14,1.36,-0.04999999999999982,-0.04914561664190182
2010-10-15,1.42,0.05999999999999983,0.060854383358097834
2010-10-18,1.39,-0.030000000000000027,-0.029145616641902027
2010-10-19,1.35,-0.039999999999999813,-0.03914561664190181
2010-10-20,1.36,0.010000000000000009,0.010854383358098008
2010-10-21,1.38,0.019999999999999796,0.020854383358097795
2010-10-22,1.4,0.020000000000000018,0.020854383358098017
2010-10-25,1.35,-0.04999999999999982,-0.04914561664190182
2010-10-26,1.42,0.06999999999999984,0.07085438335809784
2010-10-27,1.48,0.06000000000000005,0.060854383358098056
2010-10-28,1.45,-0.030000000000000027,-0.029145616641902027
2010-10-29,1.41,-0.040000000000000036,-0.03914561664190203
2010-11-01,1.4,-0.010000000000000009,-0.00914561664190201
2010-11-02,1.35,-0.04999999999999982,-0.04914561664190182
2010-11-03,1.43,0.07999999999999985,0.08085438335809784
2010-11-04,1.47,0.040000000000000036,0.04085438335809804
2010-11-05,1.52,0.050000000000000044,0.05085438335809805
2010-11-08,1.52,0.0,0.000854383358098
2010-11-09,1.62,0.10000000000000009,0.10085438335809808
2010-11-10,1.58,-0.040000000000000036,-0.03914561664190203
2010-11-12,1.66,0.07999999999999985,0.08085438335809784
2010-11-15,1.79,0.13000000000000012,0.13085438335809813
2010-11-16,1.75,-0.040000000000000036,-0.03914561664190203
2010-11-17,1.76,0.010000000000000009,0.010854383358098008
2010-11-18,1.73,-0.030000000000000027,-0.029145616641902027
2010-11-19,1.7,-0.030000000000000027,-0.029145616641902027
2010-11-22,1.64,-0.06000000000000005,-0.05914561664190205
2010-11-23,1.63,-0.010000000000000009,-0.00914561664190201
2010-11-24,1.73,0.10000000000000009,0.10085438335809808
2010-11-26,1.65,-0.08000000000000007,-0.07914561664190208
2010-11-29,1.63,-0.020000000000000018,-0.01914561664190202
2010-11-30,1.65,0.020000000000000018,0.020854383358098017
2010-12-01,1.73,0.08000000000000007,0.08085438335809807
2010-12-02,1.73,0.0,0.000854383358098
2010-12-03,1.77,0.040000000000000036,0.04085438335809804
2010-12-06,1.72,-0.050000000000000044,-0.04914561664190204
2010-12-07,1.81,0.09000000000000008,0.09085438335809808
2010-12-08,1.91,0.09999999999999987,0.10085438335809786
2010-12-09,1.92,0.010000000000000009,0.010854383358098008
2010-12-10,1.95,0.030000000000000027,0.030854383358098026
2010-12-13,1.9,-0.050000000000000044,-0.04914561664190204
2010-12-14,2.04,0.14000000000000012,0.14085438335809813
2010-12-15,2.0,-0.040000000000000036,-0.03914561664190203
2010-12-16,1.94,-0.06000000000000005,-0.05914561664190205
2010-12-17,1.85,-0.08999999999999986,-0.08914561664190186
2010-12-20,1.89,0.039999999999999813,0.040854383358097816
2010-12-21,1.89,0.0,0.000854383358098
2010-12-22,1.9,0.010000000000000009,0.010854383358098008
2010-12-23,1.93,0.030000000000000027,0.030854383358098026
2010-12-27,1.91,-0.020000000000000018,-0.01914561664190202
2010-12-28,2.01,0.09999999999999987,0.10085438335809786
2010-12-29,1.9,-0.10999999999999988,-0.10914561664190188
2010-12-30,1.93,0.030000000000000027,0.030854383358098026
2010-12-31,1.86,-0.06999999999999984,-0.06914561664190184
2011-01-03,1.9,0.039999999999999813,0.040854383358097816
2011-01-04,1.91,0.010000000000000009,0.010854383358098008
2011-01-05,1.96,0.050000000000000044,0.05085438335809805
2011-01-06,1.94,-0.020000000000000018,-0.01914561664190202
2011-01-07,1.91,-0.030000000000000027,-0.029145616641902027
2011-01-10,1.9,-0.010000000000000009,-0.00914561664190201
2011-01-11,1.89,-0.010000000000000009,-0.00914561664190201
2011-01-12,1.91,0.020000000000000018,0.020854383358098017
2011-01-13,1.9,-0.010000000000000009,-0.00914561664190201
2011-01-14,1.93,0.030000000000000027,0.030854383358098026
2011-01-18,1.94,0.010000000000000009,0.010854383358098008
2011-01-19,1.92,-0.020000000000000018,-0.01914561664190202
2011-01-20,2.04,0.1200000000000001,0.1208543833580981
2011-01-21,2.02,-0.020000000000000018,-0.01914561664190202
2011-01-24,2.03,0.009999999999999787,0.010854383358097786
2011-01-25,2.0,-0.029999999999999805,-0.029145616641901805
2011-01-26,2.07,0.06999999999999984,0.07085438335809784
2011-01-27,2.08,0.010000000000000231,0.01085438335809823
2011-01-28,2.05,-0.03000000000000025,-0.02914561664190225
2011-01-31,2.07,0.020000000000000018,0.020854383358098017
2011-02-01,2.08,0.010000000000000231,0.01085438335809823
2011-02-02,2.1,0.020000000000000018,0.020854383358098017
2011-02-03,2.13,0.029999999999999805,0.030854383358097804
2011-02-04,2.17,0.040000000000000036,0.04085438335809804
2011-02-07,2.16,-0.009999999999999787,-0.009145616641901787
2011-02-08,2.21,0.04999999999999982,0.050854383358097825
2011-02-09,2.18,-0.029999999999999805,-0.029145616641901805
2011-02-10,2.25,0.06999999999999984,0.07085438335809784
2011-02-11,2.21,-0.040000000000000036,-0.03914561664190203
2011-02-14,2.18,-0.029999999999999805,-0.029145616641901805
2011-02-15,2.17,-0.010000000000000231,-0.009145616641902232
2011-02-16,2.21,0.040000000000000036,0.04085438335809804
2011-02-17,2.19,-0.020000000000000018,-0.01914561664190202
2011-02-18,2.16,-0.029999999999999805,-0.029145616641901805
2011-02-22,2.08,-0.08000000000000007,-0.07914561664190208
2011-02-23,2.06,-0.020000000000000018,-0.01914561664190202
2011-02-24,2.0,-0.06000000000000005,-0.05914561664190205
2011-02-25,1.97,-0.030000000000000027,-0.029145616641902027
2011-02-28,1.96,-0.010000000000000009,-0.00914561664190201
2011-03-01,1.94,-0.020000000000000018,-0.01914561664190202
2011-03-02,1.94,0.0,0.000854383358098
2011-03-03,2.0,0.06000000000000005,0.060854383358098056
2011-03-04,1.94,-0.06000000000000005,-0.05914561664190205
2011-03-07,1.93,-0.010000000000000009,-0.00914561664190201
2011-03-08,1.95,0.020000000000000018,0.020854383358098017
2011-03-09,1.92,-0.030000000000000027,-0.029145616641902027
2011-03-10,1.85,-0.06999999999999984,-0.06914561664190184
2011-03-11,1.89,0.039999999999999813,0.040854383358097816
2011-03-14,1.89,0.0,0.000854383358098
2011-03-15,1.87,-0.019999999999999796,-0.019145616641901796
2011-03-16,1.8,-0.07000000000000006,-0.06914561664190207
2011-03-17,1.79,-0.010000000000000009,-0.00914561664190201
2011-03-18,1.8,0.010000000000000009,0.010854383358098008
2011-03-21,1.83,0.030000000000000027,0.030854383358098026
2011-03-22,1.85,0.020000000000000018,0.020854383358098017
2011-03-23,1.88,0.029999999999999805,0.030854383358097804
2011-03-24,1.88,0.0,0.000854383358098
2011-03-25,1.9,0.020000000000000018,0.020854383358098017
2011-03-28,1.9,0.0,0.000854383358098
2011-03-29,1.92,0.020000000000000018,0.020854383358098017
2011-03-30,1.9,-0.020000000000000018,-0.01914561664190202
2011-03-31,1.88,-0.020000000000000018,-0.01914561664190202
2011-04-01,1.83,-0.04999999999999982,-0.04914561664190182
2011-04-04,1.82,-0.010000000000000009,-0.00914561664190201
2011-04-05,1.82,0.0,0.000854383358098
2011-04-06,1.9,0.07999999999999985,0.08085438335809784
2011-04-07,1.92,0.020000000000000018,0.020854383358098017
2011-04-08,1.87,-0.04999999999999982,-0.04914561664190182
2011-04-11,1.87,0.0,0.000854383358098
2011-04-12,1.81,-0.06000000000000005,-0.05914561664190205
2011-04-13,1.8,-0.010000000000000009,-0.00914561664190201
2011-04-14,1.78,-0.020000000000000018,-0.01914561664190202
2011-04-15,1.71,-0.07000000000000006,-0.06914561664190207
2011-04-18,1.71,0.0,0.000854383358098
2011-04-19,1.68,-0.030000000000000027,-0.029145616641902027
2011-04-20,1.74,0.06000000000000005,0.060854383358098056
2011-04-21,1.77,0.030000000000000027,0.030854383358098026
2011-04-25,1.75,-0.020000000000000018,-0.01914561664190202
2011-04-26,1.74,-0.010000000000000009,-0.00914561664190201
2011-04-27,1.79,0.050000000000000044,0.05085438335809805
2011-04-28,1.76,-0.030000000000000027,-0.029145616641902027
2011-04-29,1.74,-0.020000000000000018,-0.01914561664190202
2011-05-02,1.73,-0.010000000000000009,-0.00914561664190201
2011-05-03,1.71,-0.020000000000000018,-0.01914561664190202
2011-05-04,1.68,-0.030000000000000027,-0.029145616641902027
2011-05-05,1.68,0.0,0.000854383358098
2011-05-06,1.71,0.030000000000000027,0.030854383358098026
2011-05-09,1.7,-0.010000000000000009,-0.00914561664190201
2011-05-10,1.73,0.030000000000000027,0.030854383358098026
2011-05-11,1.74,0.010000000000000009,0.010854383358098008
2011-05-12,1.78,0.040000000000000036,0.04085438335809804
2011-05-13,1.78,0.0,0.000854383358098
2011-05-16,1.79,0.010000000000000009,0.010854383358098008
2011-05-17,1.79,0.0,0.000854383358098
2011-05-18,1.79,0.0,0.000854383358098
2011-05-19,1.83,0.040000000000000036,0.04085438335809804
2011-05-20,1.85,0.020000000000000018,0.020854383358098017
2011-05-23,1.84,-0.010000000000000009,-0.00914561664190201
2011-05-24,1.8,-0.040000000000000036,-0.03914561664190203
2011-05-25,1.82,0.020000000000000018,0.020854383358098017
2011-05-26,1.78,-0.040000000000000036,-0.03914561664190203
2011-05-27,1.8,0.020000000000000018,0.020854383358098017
2011-05-31,1.8,0.0,0.000854383358098
2011-06-01,1.75,-0.050000000000000044,-0.04914561664190204
2011-06-02,1.8,0.050000000000000044,0.05085438335809805
2011-06-03,1.78,-0.020000000000000018,-0.01914561664190202
2011-06-06,1.8,0.020000000000000018,0.020854383358098017
2011-06-07,1.81,0.010000000000000009,0.010854383358098008
2011-06-08,1.78,-0.030000000000000027,-0.029145616641902027
2011-06-09,1.8,0.020000000000000018,0.020854383358098017
2011-06-10,1.79,-0.010000000000000009,-0.00914561664190201
2011-06-13,1.8,0.010000000000000009,0.010854383358098008
2011-06-14,1.84,0.040000000000000036,0.04085438335809804
2011-06-15,1.78,-0.06000000000000005,-0.05914561664190205
2011-06-16,1.79,0.010000000000000009,0.010854383358098008
2011-06-17,1.84,0.050000000000000044,0.05085438335809805
2011-06-20,1.84,0.0,0.000854383358098
2011-06-21,1.82,-0.020000000000000018,-0.01914561664190202
2011-06-22,1.85,0.030000000000000027,0.030854383358098026
2011-06-23,1.71,-0.14000000000000012,-0.13914561664190211
2011-06-24,1.66,-0.050000000000000044,-0.04914561664190204
2011-06-27,1.73,0.07000000000000006,0.07085438335809806
2011-06-28,1.75,0.020000000000000018,0.020854383358098017
2011-06-29,1.77,0.020000000000000018,0.020854383358098017
2011-06-30,1.75,-0.020000000000000018,-0.01914561664190202
2011-07-01,1.77,0.020000000000000018,0.020854383358098017
2011-07-05,1.77,0.0,0.000854383358098
2011-07-06,1.74,-0.030000000000000027,-0.029145616641902027
2011-07-07,1.74,0.0,0.000854383358098
2011-07-08,1.68,-0.06000000000000005,-0.05914561664190205
2011-07-11,1.61,-0.06999999999999984,-0.06914561664190184
2011-07-12,1.58,-0.030000000000000027,-0.029145616641902027
2011-07-13,1.54,-0.040000000000000036,-0.03914561664190203
2011-07-14,1.62,0.08000000000000007,0.08085438335809807
2011-07-15,1.61,-0.010000000000000009,-0.00914561664190201
2011-07-18,1.61,0.0,0.000854383358098
2011-07-19,1.53,-0.08000000000000007,-0.07914561664190208
2011-07-20,1.6,0.07000000000000006,0.07085438335809806
2011-07-21,1.64,0.039999999999999813,0.040854383358097816
2011-07-22,1.61,-0.029999999999999805,-0.029145616641901805
2011-07-25,1.62,0.010000000000000009,0.010854383358098008
2011-07-26,1.6,-0.020000000000000018,-0.01914561664190202
2011-07-27,1.58,-0.020000000000000018,-0.01914561664190202
2011-07-28,1.54,-0.040000000000000036,-0.03914561664190203
2011-07-29,1.39,-0.15000000000000013,-0.14914561664190212
2011-08-01,1.34,-0.04999999999999982,-0.04914561664190182
2011-08-02,1.26,-0.08000000000000007,-0.07914561664190208
2011-08-03,1.29,0.030000000000000027,0.030854383358098026
2011-08-04,1.15,-0.14000000000000012,-0.13914561664190211
2011-08-05,1.25,0.10000000000000009,0.10085438335809808
2011-08-08,1.14,-0.1100000000000001,-0.1091456166419021
2011-08-09,0.99,-0.1499999999999999,-0.1491456166419019
2011-08-10,0.88,-0.10999999999999999,-0.10914561664190199
2011-08-11,1.12,0.2400000000000001,0.2408543833580981
2011-08-12,1.03,-0.09000000000000008,-0.08914561664190208
2011-08-15,1.08,0.050000000000000044,0.05085438335809805
2011-08-16,1.04,-0.040000000000000036,-0.03914561664190203
2011-08-17,0.96,-0.08000000000000007,-0.07914561664190208
2011-08-18,1.03,0.07000000000000006,0.07085438335809806
2011-08-19,0.95,-0.08000000000000007,-0.07914561664190208
2011-08-22,0.96,0.010000000000000009,0.010854383358098008
2011-08-23,1.04,0.08000000000000007,0.08085438335809807
2011-08-24,1.2,0.15999999999999992,0.16085438335809793
2011-08-25,1.13,-0.07000000000000006,-0.06914561664190207
2011-08-26,1.1,-0.029999999999999805,-0.029145616641901805
2011-08-29,1.17,0.06999999999999984,0.07085438335809784
2011-08-30,1.1,-0.06999999999999984,-0.06914561664190184
2011-08-31,1.18,0.07999999999999985,0.08085438335809784
2011-09-01,1.07,-0.10999999999999988,-0.10914561664190188
2011-09-02,0.94,-0.13000000000000012,-0.1291456166419021
2011-09-06,0.98,0.040000000000000036,0.04085438335809804
2011-09-07,1.06,0.08000000000000007,0.08085438335809807
2011-09-08,1.0,-0.06000000000000005,-0.05914561664190205
2011-09-09,0.97,-0.030000000000000027,-0.029145616641902027
2011-09-12,0.98,0.010000000000000009,0.010854383358098008
2011-09-13,1.07,0.09000000000000008,0.09085438335809808
2011-09-14,1.08,0.010000000000000009,0.010854383358098008
2011-09-15,1.1,0.020000000000000018,0.020854383358098017
2011-09-16,1.09,-0.010000000000000009,-0.00914561664190201
2011-09-19,1.06,-0.030000000000000027,-0.029145616641902027
2011-09-20,1.03,-0.030000000000000027,-0.029145616641902027
2011-09-21,0.98,-0.050000000000000044,-0.04914561664190204
2011-09-22,0.87,-0.10999999999999999,-0.10914561664190199
2011-09-23,0.97,0.09999999999999998,0.10085438335809797
2011-09-26,1.06,0.09000000000000008,0.09085438335809808
2011-09-27,1.06,0.0,0.000854383358098
2011-09-28,1.05,-0.010000000000000009,-0.00914561664190201
2011-09-29,1.03,-0.020000000000000018,-0.01914561664190202
2011-09-30,1.02,-0.010000000000000009,-0.00914561664190201
2011-10-03,0.86,-0.16000000000000003,-0.15914561664190202
2011-10-04,0.83,-0.030000000000000027,-0.029145616641902027
2011-10-05,0.9,0.07000000000000006,0.07085438335809806
2011-10-06,0.93,0.030000000000000027,0.030854383358098026
2011-10-07,0.95,0.019999999999999907,0.020854383358097906
2011-10-11,1.02,0.07000000000000006,0.07085438335809806
2011-10-12,1.08,0.06000000000000005,0.060854383358098056
2011-10-13,1.08,0.0,0.000854383358098
2011-10-14,1.12,0.040000000000000036,0.04085438335809804
2011-10-17,1.07,-0.050000000000000044,-0.04914561664190204
2011-10-18,1.05,-0.020000000000000018,-0.01914561664190202
2011-10-19,1.04,-0.010000000000000009,-0.00914561664190201
2011-10-20,0.99,-0.050000000000000044,-0.04914561664190204
2011-10-21,1.06,0.07000000000000006,0.07085438335809806
2011-10-24,1.04,-0.020000000000000018,-0.01914561664190202
2011-10-25,0.9,-0.14,-0.139145616641902
2011-10-26,0.92,0.020000000000000018,0.020854383358098017
2011-10-27,1.07,0.15000000000000002,0.15085438335809803
2011-10-28,1.02,-0.050000000000000044,-0.04914561664190204
2011-10-31,0.85,-0.17000000000000004,-0.16914561664190203
2011-11-01,0.72,-0.13,-0.129145616641902
2011-11-02,0.73,0.010000000000000009,0.010854383358098008
2011-11-03,0.79,0.06000000000000005,0.060854383358098056
2011-11-04,0.74,-0.050000000000000044,-0.04914561664190204
2011-11-07,0.69,-0.050000000000000044,-0.04914561664190204
2011-11-08,0.77,0.08000000000000007,0.08085438335809807
2011-11-09,0.76,-0.010000000000000009,-0.00914561664190201
2011-11-10,0.79,0.030000000000000027,0.030854383358098026
2011-11-14,0.79,0.0,0.000854383358098
2011-11-15,0.84,0.04999999999999993,0.050854383358097936
2011-11-16,0.83,-0.010000000000000009,-0.00914561664190201
2011-11-17,0.83,0.0,0.000854383358098
2011-11-18,0.83,0.0,0.000854383358098
2011-11-21,0.85,0.020000000000000018,0.020854383358098017
2011-11-22,0.82,-0.030000000000000027,-0.029145616641902027
2011-11-23,0.73,-0.08999999999999997,-0.08914561664190197
2011-11-25,0.79,0.06000000000000005,0.060854383358098056
2011-11-28,0.75,-0.040000000000000036,-0.03914561664190203
2011-11-29,0.75,0.0,0.000854383358098
2011-11-30,0.82,0.06999999999999995,0.07085438335809795
2011-12-01,0.85,0.030000000000000027,0.030854383358098026
2011-12-02,0.78,-0.06999999999999995,-0.06914561664190196
2011-12-05,0.77,-0.010000000000000009,-0.00914561664190201
2011-12-06,0.81,0.040000000000000036,0.04085438335809804
2011-12-07,0.82,0.009999999999999898,0.010854383358097897
2011-12-08,0.85,0.030000000000000027,0.030854383358098026
2011-12-09,0.92,0.07000000000000006,0.07085438335809806
2011-12-12,0.83,-0.09000000000000008,-0.08914561664190208
2011-12-13,0.74,-0.08999999999999997,-0.08914561664190197
2011-12-14,0.73,-0.010000000000000009,-0.00914561664190201
2011-12-15,0.78,0.050000000000000044,0.05085438335809805
2011-12-16,0.74,-0.040000000000000036,-0.03914561664190203
2011-12-19,0.68,-0.05999999999999994,-0.05914561664190194
2011-12-20,0.69,0.009999999999999898,0.010854383358097897
2011-12-21,0.73,0.040000000000000036,0.04085438335809804
2011-12-22,0.76,0.030000000000000027,0.030854383358098026
2011-12-23,0.79,0.030000000000000027,0.030854383358098026
2011-12-27,0.81,0.020000000000000018,0.020854383358098017
2011-12-28,0.74,-0.07000000000000006,-0.06914561664190207
2011-12-29,0.78,0.040000000000000036,0.04085438335809804
2011-12-30,0.78,0.0,0.000854383358098
2012-01-03,0.81,0.030000000000000027,0.030854383358098026
2012-01-04,0.79,-0.020000000000000018,-0.01914561664190202
2012-01-05,0.76,-0.030000000000000027,-0.029145616641902027
2012-01-06,0.73,-0.030000000000000027,-0.029145616641902027
2012-01-09,0.72,-0.010000000000000009,-0.00914561664190201
2012-01-10,0.75,0.030000000000000027,0.030854383358098026
2012-01-11,0.71,-0.040000000000000036,-0.03914561664190203
2012-01-12,0.74,0.030000000000000027,0.030854383358098026
2012-01-13,0.71,-0.030000000000000027,-0.029145616641902027
2012-01-17,0.68,-0.029999999999999916,-0.029145616641901916
2012-01-18,0.72,0.039999999999999925,0.04085438335809793
2012-01-19,0.76,0.040000000000000036,0.04085438335809804
2012-01-20,0.8,0.040000000000000036,0.04085438335809804
2012-01-23,0.84,0.039999999999999925,0.04085438335809793
2012-01-24,0.82,-0.020000000000000018,-0.01914561664190202
2012-01-25,0.76,-0.05999999999999994,-0.05914561664190194
2012-01-26,0.74,-0.020000000000000018,-0.01914561664190202
2012-01-27,0.73,-0.010000000000000009,-0.00914561664190201
2012-01-30,0.68,-0.04999999999999993,-0.04914561664190193
2012-01-31,0.61,-0.07000000000000006,-0.06914561664190207
2012-02-01,0.65,0.040000000000000036,0.04085438335809804
2012-02-02,0.64,-0.010000000000000009,-0.00914561664190201
2012-02-03,0.75,0.10999999999999999,0.11085438335809798
2012-02-06,0.69,-0.06000000000000005,-0.05914561664190205
2012-02-07,0.73,0.040000000000000036,0.04085438335809804
2012-02-08,0.71,-0.020000000000000018,-0.01914561664190202
2012-02-09,0.76,0.050000000000000044,0.05085438335809805
2012-02-10,0.69,-0.07000000000000006,-0.06914561664190207
2012-02-13,0.69,0.0,0.000854383358098
2012-02-14,0.63,-0.05999999999999994,-0.05914561664190194
2012-02-15,0.65,0.020000000000000018,0.020854383358098017
2012-02-16,0.77,0.12,0.12085438335809799
2012-02-17,0.79,0.020000000000000018,0.020854383358098017
2012-02-21,0.8,0.010000000000000009,0.010854383358098008
2012-02-22,0.76,-0.040000000000000036,-0.03914561664190203
2012-02-23,0.75,-0.010000000000000009,-0.00914561664190201
2012-02-24,0.75,0.0,0.000854383358098
2012-02-27,0.7,-0.050000000000000044,-0.04914561664190204
2012-02-28,0.72,0.020000000000000018,0.020854383358098017
2012-02-29,0.73,0.010000000000000009,0.010854383358098008
2012-03-01,0.8,0.07000000000000006,0.07085438335809806
2012-03-02,0.81,0.010000000000000009,0.010854383358098008
2012-03-05,0.87,0.05999999999999994,0.060854383358097945
2012-03-06,0.83,-0.040000000000000036,-0.03914561664190203
2012-03-07,0.83,0.0,0.000854383358098
2012-03-08,0.85,0.020000000000000018,0.020854383358098017
2012-03-09,0.82,-0.030000000000000027,-0.029145616641902027
2012-03-12,0.8,-0.019999999999999907,-0.019145616641901907
2012-03-13,0.84,0.039999999999999925,0.04085438335809793
2012-03-14,0.95,0.10999999999999999,0.11085438335809798
2012-03-15,0.9,-0.04999999999999993,-0.04914561664190193
2012-03-16,0.88,-0.020000000000000018,-0.01914561664190202
2012-03-19,0.93,0.050000000000000044,0.05085438335809805
2012-03-20,0.93,0.0,0.000854383358098
2012-03-21,0.9,-0.030000000000000027,-0.029145616641902027
2012-03-22,0.91,0.010000000000000009,0.010854383358098008
2012-03-23,0.86,-0.050000000000000044,-0.04914561664190204
2012-03-26,0.93,0.07000000000000006,0.07085438335809806
2012-03-27,0.89,-0.040000000000000036,-0.03914561664190203
2012-03-28,0.89,0.0,0.000854383358098
2012-03-29,0.87,-0.020000000000000018,-0.01914561664190202
2012-03-30,0.93,0.06000000000000005,0.060854383358098056
2012-04-02,0.89,-0.040000000000000036,-0.03914561664190203
2012-04-03,0.94,0.04999999999999993,0.050854383358097936
2012-04-04,0.94,0.0,0.000854383358098
2012-04-05,0.92,-0.019999999999999907,-0.019145616641901907
2012-04-06,0.85,-0.07000000000000006,-0.06914561664190207
2012-04-09,0.83,-0.020000000000000018,-0.01914561664190202
2012-04-10,0.77,-0.05999999999999994,-0.05914561664190194
2012-04-11,0.78,0.010000000000000009,0.010854383358098008
2012-04-12,0.82,0.039999999999999925,0.04085438335809793
2012-04-13,0.77,-0.04999999999999993,-0.04914561664190193
2012-04-16,0.75,-0.020000000000000018,-0.01914561664190202
2012-04-17,0.74,-0.010000000000000009,-0.00914561664190201
2012-04-18,0.74,0.0,0.000854383358098
2012-04-19,0.77,0.030000000000000027,0.030854383358098026
2012-04-20,0.75,-0.020000000000000018,-0.01914561664190202
2012-04-23,0.72,-0.030000000000000027,-0.029145616641902027
2012-04-24,0.74,0.020000000000000018,0.020854383358098017
2012-04-25,0.75,0.010000000000000009,0.010854383358098008
2012-04-26,0.72,-0.030000000000000027,-0.029145616641902027
2012-04-27,0.73,0.010000000000000009,0.010854383358098008
2012-04-30,0.75,0.020000000000000018,0.020854383358098017
2012-05-01,0.78,0.030000000000000027,0.030854383358098026
2012-05-02,0.76,-0.020000000000000018,-0.01914561664190202
2012-05-03,0.78,0.020000000000000018,0.020854383358098017
2012-05-04,0.76,-0.020000000000000018,-0.01914561664190202
2012-05-07,0.75,-0.010000000000000009,-0.00914561664190201
2012-05-08,0.72,-0.030000000000000027,-0.029145616641902027
2012-05-09,0.76,0.040000000000000036,0.04085438335809804
2012-05-10,0.77,0.010000000000000009,0.010854383358098008
2012-05-11,0.76,-0.010000000000000009,-0.00914561664190201
2012-05-14,0.71,-0.050000000000000044,-0.04914561664190204
2012-05-15,0.68,-0.029999999999999916,-0.029145616641901916
2012-05-16,0.7,0.019999999999999907,0.020854383358097906
2012-05-17,0.62,-0.07999999999999996,-0.07914561664190196
2012-05-18,0.6,-0.020000000000000018,-0.01914561664190202
2012-05-21,0.57,-0.030000000000000027,-0.029145616641902027
2012-05-22,0.62,0.050000000000000044,0.05085438335809805
2012-05-23,0.58,-0.040000000000000036,-0.03914561664190203
2012-05-24,0.63,0.050000000000000044,0.05085438335809805
2012-05-25,0.63,0.0,0.000854383358098
2012-05-29,0.65,0.020000000000000018,0.020854383358098017
2012-05-30,0.57,-0.08000000000000007,-0.07914561664190208
2012-05-31,0.51,-0.05999999999999994,-0.05914561664190194
2012-06-01,0.36,-0.15000000000000002,-0.149145616641902
2012-06-04,0.37,0.010000000000000009,0.010854383358098008
2012-06-05,0.38,0.010000000000000009,0.010854383358098008
2012-06-06,0.46,0.08000000000000002,0.08085438335809801
2012-06-07,0.53,0.07,0.070854383358098
2012-06-08,0.55,0.020000000000000018,0.020854383358098017
2012-06-11,0.53,-0.020000000000000018,-0.01914561664190202
2012-06-12,0.56,0.030000000000000027,0.030854383358098026
2012-06-13,0.51,-0.050000000000000044,-0.04914561664190204
2012-06-14,0.55,0.040000000000000036,0.04085438335809804
2012-06-15,0.5,-0.050000000000000044,-0.04914561664190204
2012-06-18,0.49,-0.010000000000000009,-0.00914561664190201
2012-06-19,0.51,0.020000000000000018,0.020854383358098017
2012-06-20,0.5,-0.010000000000000009,-0.00914561664190201
2012-06-21,0.52,0.020000000000000018,0.020854383358098017
2012-06-22,0.57,0.04999999999999993,0.050854383358097936
2012-06-25,0.51,-0.05999999999999994,-0.05914561664190194
2012-06-26,0.52,0.010000000000000009,0.010854383358098008
2012-06-27,0.49,-0.030000000000000027,-0.029145616641902027
2012-06-28,0.49,0.0,0.000854383358098
2012-06-29,0.56,0.07000000000000006,0.07085438335809806
2012-07-02,0.51,-0.050000000000000044,-0.04914561664190204
2012-07-03,0.53,0.020000000000000018,0.020854383358098017
2012-07-05,0.5,-0.030000000000000027,-0.029145616641902027
2012-07-06,0.48,-0.020000000000000018,-0.01914561664190202
2012-07-09,0.43,-0.04999999999999999,-0.049145616641901986
2012-07-10,0.4,-0.02999999999999997,-0.029145616641901972
2012-07-11,0.41,0.009999999999999953,0.010854383358097953
2012-07-12,0.39,-0.019999999999999962,-0.019145616641901963
2012-07-13,0.38,-0.010000000000000009,-0.00914561664190201
2012-07-16,0.37,-0.010000000000000009,-0.00914561664190201
2012-07-17,0.4,0.030000000000000027,0.030854383358098026
2012-07-18,0.4,0.0,0.000854383358098
2012-07-19,0.4,0.0,0.000854383358098
2012-07-20,0.33,-0.07,-0.06914561664190201
2012-07-23,0.32,-0.010000000000000009,-0.00914561664190201
2012-07-24,0.31,-0.010000000000000009,-0.00914561664190201
2012-07-25,0.31,0.0,0.000854383358098
2012-07-26,0.33,0.020000000000000018,0.020854383358098017
2012-07-27,0.41,0.07999999999999996,0.08085438335809796
2012-07-30,0.36,-0.04999999999999999,-0.049145616641901986
2012-07-31,0.32,-0.03999999999999998,-0.03914561664190198
2012-08-01,0.34,0.020000000000000018,0.020854383358098017
2012-08-02,0.3,-0.040000000000000036,-0.03914561664190203
2012-08-03,0.36,0.06,0.060854383358098
2012-08-06,0.35,-0.010000000000000009,-0.00914561664190201
2012-08-07,0.38,0.030000000000000027,0.030854383358098026
2012-08-08,0.42,0.03999999999999998,0.04085438335809798
2012-08-09,0.44,0.020000000000000018,0.020854383358098017
2012-08-10,0.44,0.0,0.000854383358098
2012-08-13,0.45,0.010000000000000009,0.010854383358098008
2012-08-14,0.51,0.06,0.060854383358098
2012-08-15,0.6,0.08999999999999997,0.09085438335809796
2012-08-16,0.64,0.040000000000000036,0.04085438335809804
2012-08-17,0.64,0.0,0.000854383358098
2012-08-20,0.64,0.0,0.000854383358098
2012-08-21,0.61,-0.030000000000000027,-0.029145616641902027
2012-08-22,0.53,-0.07999999999999996,-0.07914561664190196
2012-08-23,0.48,-0.050000000000000044,-0.04914561664190204
2012-08-24,0.48,0.0,0.000854383358098
2012-08-27,0.44,-0.03999999999999998,-0.03914561664190198
2012-08-28,0.41,-0.030000000000000027,-0.029145616641902027
2012-08-29,0.44,0.030000000000000027,0.030854383358098026
2012-08-30,0.46,0.020000000000000018,0.020854383358098017
2012-08-31,0.41,-0.050000000000000044,-0.04914561664190204
2012-09-04,0.4,-0.009999999999999953,-0.009145616641901954
2012-09-05,0.4,0.0,0.000854383358098
2012-09-06,0.47,0.06999999999999995,0.07085438335809795
2012-09-07,0.44,-0.02999999999999997,-0.029145616641901972
2012-09-10,0.43,-0.010000000000000009,-0.00914561664190201
2012-09-11,0.43,0.0,0.000854383358098
2012-09-12,0.52,0.09000000000000002,0.09085438335809802
2012-09-13,0.44,-0.08000000000000002,-0.07914561664190202
2012-09-14,0.43,-0.010000000000000009,-0.00914561664190201
2012-09-17,0.43,0.0,0.000854383358098
2012-09-18,0.44,0.010000000000000009,0.010854383358098008
2012-09-19,0.42,-0.020000000000000018,-0.01914561664190202
2012-09-20,0.46,0.040000000000000036,0.04085438335809804
2012-09-21,0.46,0.0,0.000854383358098
2012-09-24,0.47,0.009999999999999953,0.010854383358097953
2012-09-25,0.43,-0.03999999999999998,-0.03914561664190198
2012-09-26,0.39,-0.03999999999999998,-0.03914561664190198
2012-09-27,0.41,0.019999999999999962,0.02085438335809796
2012-09-28,0.43,0.020000000000000018,0.020854383358098017
2012-10-01,0.42,-0.010000000000000009,-0.00914561664190201
2012-10-02,0.37,-0.04999999999999999,-0.049145616641901986
2012-10-03,0.35,-0.020000000000000018,-0.01914561664190202
2012-10-04,0.34,-0.009999999999999953,-0.009145616641901954
2012-10-05,0.38,0.03999999999999998,0.04085438335809798
2012-10-09,0.37,-0.010000000000000009,-0.00914561664190201
2012-10-10,0.38,0.010000000000000009,0.010854383358098008
2012-10-11,0.39,0.010000000000000009,0.010854383358098008
2012-10-12,0.39,0.0,0.000854383358098
2012-10-15,0.4,0.010000000000000009,0.010854383358098008
2012-10-16,0.46,0.06,0.060854383358098
2012-10-17,0.49,0.02999999999999997,0.03085438335809797
2012-10-18,0.49,0.0,0.000854383358098
2012-10-19,0.42,-0.07,-0.06914561664190201
2012-10-22,0.42,0.0,0.000854383358098
2012-10-23,0.4,-0.019999999999999962,-0.019145616641901963
2012-10-24,0.42,0.019999999999999962,0.02085438335809796
2012-10-25,0.47,0.04999999999999999,0.05085438335809799
2012-10-26,0.43,-0.03999999999999998,-0.03914561664190198
2012-10-29,0.39,-0.03999999999999998,-0.03914561664190198
2012-10-31,0.35,-0.040000000000000036,-0.03914561664190203
2012-11-01,0.36,0.010000000000000009,0.010854383358098008
2012-11-02,0.4,0.040000000000000036,0.04085438335809804
2012-11-05,0.38,-0.020000000000000018,-0.01914561664190202
2012-11-06,0.41,0.02999999999999997,0.03085438335809797
2012-11-07,0.33,-0.07999999999999996,-0.07914561664190196
2012-11-08,0.26,-0.07,-0.06914561664190201
2012-11-09,0.29,0.02999999999999997,0.03085438335809797
2012-11-13,0.28,-0.009999999999999953,-0.009145616641901954
2012-11-14,0.29,0.009999999999999953,0.010854383358097953
2012-11-15,0.29,0.0,0.000854383358098
2012-11-16,0.31,0.020000000000000018,0.020854383358098017
2012-11-19,0.34,0.030000000000000027,0.030854383358098026
2012-11-20,0.38,0.03999999999999998,0.04085438335809798
2012-11-21,0.4,0.020000000000000018,0.020854383358098017
2012-11-23,0.4,0.0,0.000854383358098
2012-11-26,0.38,-0.020000000000000018,-0.01914561664190202
2012-11-27,0.37,-0.010000000000000009,-0.00914561664190201
2012-11-28,0.38,0.010000000000000009,0.010854383358098008
2012-11-29,0.36,-0.020000000000000018,-0.01914561664190202
2012-11-30,0.34,-0.019999999999999962,-0.019145616641901963
2012-12-03,0.3,-0.040000000000000036,-0.03914561664190203
2012-12-04,0.28,-0.019999999999999962,-0.019145616641901963
2012-12-05,0.27,-0.010000000000000009,-0.00914561664190201
2012-12-06,0.24,-0.030000000000000027,-0.029145616641902027
2012-12-07,0.25,0.010000000000000009,0.010854383358098008
2012-12-10,0.24,-0.010000000000000009,-0.00914561664190201
2012-12-11,0.26,0.020000000000000018,0.020854383358098017
2012-12-12,0.31,0.04999999999999999,0.05085438335809799
2012-12-13,0.34,0.030000000000000027,0.030854383358098026
2012-12-14,0.32,-0.020000000000000018,-0.01914561664190202
2012-12-17,0.38,0.06,0.060854383358098
2012-12-18,0.42,0.03999999999999998,0.04085438335809798
2012-12-19,0.41,-0.010000000000000009,-0.00914561664190201
2012-12-20,0.38,-0.02999999999999997,-0.029145616641901972
2012-12-21,0.35,-0.030000000000000027,-0.029145616641902027
2012-12-24,0.35,0.0,0.000854383358098
2012-12-26,0.35,0.0,0.000854383358098
2012-12-27,0.34,-0.009999999999999953,-0.009145616641901954
2012-12-28,0.36,0.019999999999999962,0.02085438335809796
2012-12-31,0.41,0.04999999999999999,0.05085438335809799
2013-01-02,0.47,0.06,0.060854383358098
2013-01-03,0.56,0.09000000000000008,0.09085438335809808
2013-01-04,0.53,-0.030000000000000027,-0.029145616641902027
2013-01-07,0.49,-0.040000000000000036,-0.03914561664190203
2013-01-08,0.46,-0.02999999999999997,-0.029145616641901972
2013-01-09,0.44,-0.020000000000000018,-0.01914561664190202
2013-01-10,0.47,0.02999999999999997,0.03085438335809797
2013-01-11,0.45,-0.019999999999999962,-0.019145616641901963
2013-01-14,0.46,0.010000000000000009,0.010854383358098008
2013-01-15,0.43,-0.030000000000000027,-0.029145616641902027
2013-01-16,0.44,0.010000000000000009,0.010854383358098008
2013-01-17,0.47,0.02999999999999997,0.03085438335809797
2013-01-18,0.44,-0.02999999999999997,-0.029145616641901972
2013-01-22,0.44,0.0,0.000854383358098
2013-01-23,0.44,0.0,0.000854383358098
2013-01-24,0.45,0.010000000000000009,0.010854383358098008
2013-01-25,0.51,0.06,0.060854383358098
2013-01-28,0.52,0.010000000000000009,0.010854383358098008
2013-01-29,0.55,0.030000000000000027,0.030854383358098026
2013-01-30,0.56,0.010000000000000009,0.010854383358098008
2013-01-31,0.53,-0.030000000000000027,-0.029145616641902027
2013-02-01,0.58,0.04999999999999993,0.050854383358097936
2013-02-04,0.53,-0.04999999999999993,-0.04914561664190193
2013-02-05,0.56,0.030000000000000027,0.030854383358098026
2013-02-06,0.53,-0.030000000000000027,-0.029145616641902027
2013-02-07,0.53,0.0,0.000854383358098
2013-02-08,0.56,0.030000000000000027,0.030854383358098026
2013-02-11,0.55,-0.010000000000000009,-0.00914561664190201
2013-02-12,0.57,0.019999999999999907,0.020854383358097906
2013-02-13,0.59,0.020000000000000018,0.020854383358098017
2013-02-14,0.58,-0.010000000000000009,-0.00914561664190201
2013-02-15,0.61,0.030000000000000027,0.030854383358098026
2013-02-19,0.61,0.0,0.000854383358098
2013-02-20,0.61,0.0,0.000854383358098
2013-02-21,0.62,0.010000000000000009,0.010854383358098008
2013-02-22,0.59,-0.030000000000000027,-0.029145616641902027
2013-02-25,0.54,-0.04999999999999993,-0.04914561664190193
2013-02-26,0.56,0.020000000000000018,0.020854383358098017
2013-02-27,0.57,0.009999999999999898,0.010854383358097897
2013-02-28,0.55,-0.019999999999999907,-0.019145616641901907
2013-03-01,0.52,-0.030000000000000027,-0.029145616641902027
2013-03-04,0.54,0.020000000000000018,0.020854383358098017
2013-03-05,0.54,0.0,0.000854383358098
2013-03-06,0.58,0.039999999999999925,0.04085438335809793
2013-03-07,0.62,0.040000000000000036,0.04085438335809804
2013-03-08,0.67,0.050000000000000044,0.05085438335809805
2013-03-11,0.67,0.0,0.000854383358098
2013-03-12,0.65,-0.020000000000000018,-0.01914561664190202
2013-03-13,0.65,0.0,0.000854383358098
2013-03-14,0.67,0.020000000000000018,0.020854383358098017
2013-03-15,0.67,0.0,0.000854383358098
2013-03-18,0.64,-0.030000000000000027,-0.029145616641902027
2013-03-19,0.62,-0.020000000000000018,-0.01914561664190202
2013-03-20,0.66,0.040000000000000036,0.04085438335809804
2013-03-21,0.65,-0.010000000000000009,-0.00914561664190201
2013-03-22,0.62,-0.030000000000000027,-0.029145616641902027
2013-03-25,0.63,0.010000000000000009,0.010854383358098008
2013-03-26,0.62,-0.010000000000000009,-0.00914561664190201
2013-03-27,0.59,-0.030000000000000027,-0.029145616641902027
2013-03-28,0.61,0.020000000000000018,0.020854383358098017
2013-04-01,0.58,-0.030000000000000027,-0.029145616641902027
2013-04-02,0.6,0.020000000000000018,0.020854383358098017
2013-04-03,0.56,-0.039999999999999925,-0.03914561664190192
2013-04-04,0.48,-0.08000000000000007,-0.07914561664190208
2013-04-05,0.38,-0.09999999999999998,-0.09914561664190198
2013-04-08,0.44,0.06,0.060854383358098
2013-04-09,0.49,0.04999999999999999,0.05085438335809799
2013-04-10,0.56,0.07000000000000006,0.07085438335809806
2013-04-11,0.52,-0.040000000000000036,-0.03914561664190203
2013-04-12,0.47,-0.050000000000000044,-0.04914561664190204
2013-04-15,0.44,-0.02999999999999997,-0.029145616641901972
2013-04-16,0.48,0.03999999999999998,0.04085438335809798
2013-04-17,0.48,0.0,0.000854383358098
2013-04-18,0.52,0.040000000000000036,0.04085438335809804
2013-04-19,0.49,-0.030000000000000027,-0.029145616641902027
2013-04-22,0.47,-0.020000000000000018,-0.01914561664190202
2013-04-23,0.47,0.0,0.000854383358098
2013-04-24,0.45,-0.019999999999999962,-0.019145616641901963
2013-04-25,0.45,0.0,0.000854383358098
2013-04-26,0.42,-0.030000000000000027,-0.029145616641902027
2013-04-29,0.44,0.020000000000000018,0.020854383358098017
2013-04-30,0.46,0.020000000000000018,0.020854383358098017
2013-05-01,0.44,-0.020000000000000018,-0.01914561664190202
2013-05-02,0.45,0.010000000000000009,0.010854383358098008
2013-05-03,0.56,0.11000000000000004,0.11085438335809804
2013-05-06,0.58,0.019999999999999907,0.020854383358097906
2013-05-07,0.59,0.010000000000000009,0.010854383358098008
2013-05-08,0.62,0.030000000000000027,0.030854383358098026
2013-05-09,0.62,0.0,0.000854383358098
2013-05-10,0.67,0.050000000000000044,0.05085438335809805
2013-05-13,0.69,0.019999999999999907,0.020854383358097906
2013-05-14,0.74,0.050000000000000044,0.05085438335809805
2013-05-15,0.75,0.010000000000000009,0.010854383358098008
2013-05-16,0.7,-0.050000000000000044,-0.04914561664190204
2013-05-17,0.76,0.06000000000000005,0.060854383358098056
2013-05-20,0.77,0.010000000000000009,0.010854383358098008
2013-05-21,0.74,-0.030000000000000027,-0.029145616641902027
2013-05-22,0.83,0.08999999999999997,0.09085438335809796
2013-05-23,0.83,0.0,0.000854383358098
2013-05-24,0.8,-0.029999999999999916,-0.029145616641901916
2013-05-28,0.89,0.08999999999999997,0.09085438335809796
2013-05-29,0.91,0.020000000000000018,0.020854383358098017
2013-05-30,0.96,0.04999999999999993,0.050854383358097936
2013-05-31,0.97,0.010000000000000009,0.010854383358098008
2013-06-03,0.95,-0.020000000000000018,-0.01914561664190202
2013-06-04,0.99,0.040000000000000036,0.04085438335809804
2013-06-05,0.97,-0.020000000000000018,-0.01914561664190202
2013-06-06,0.99,0.020000000000000018,0.020854383358098017
2013-06-07,1.06,0.07000000000000006,0.07085438335809806
2013-06-10,1.15,0.08999999999999986,0.09085438335809785
2013-06-11,1.14,-0.010000000000000009,-0.00914561664190201
2013-06-12,1.21,0.07000000000000006,0.07085438335809806
2013-06-13,1.17,-0.040000000000000036,-0.03914561664190203
2013-06-14,1.14,-0.030000000000000027,-0.029145616641902027
2013-06-17,1.21,0.07000000000000006,0.07085438335809806
2013-06-18,1.16,-0.050000000000000044,-0.04914561664190204
2013-06-19,1.26,0.10000000000000009,0.10085438335809808
2013-06-20,1.39,0.1299999999999999,0.1308543833580979
2013-06-21,1.45,0.06000000000000005,0.060854383358098056
2013-06-24,1.45,0.0,0.000854383358098
2013-06-25,1.44,-0.010000000000000009,-0.00914561664190201
2013-06-26,1.38,-0.06000000000000005,-0.05914561664190205
2013-06-27,1.31,-0.06999999999999984,-0.06914561664190184
2013-06-28,1.31,0.0,0.000854383358098
2013-07-01,1.28,-0.030000000000000027,-0.029145616641902027
2013-07-02,1.23,-0.050000000000000044,-0.04914561664190204
2013-07-03,1.28,0.050000000000000044,0.05085438335809805
2013-07-05,1.43,0.1499999999999999,0.15085438335809792
2013-07-08,1.38,-0.050000000000000044,-0.04914561664190204
2013-07-09,1.4,0.020000000000000018,0.020854383358098017
2013-07-10,1.44,0.040000000000000036,0.04085438335809804
2013-07-11,1.41,-0.030000000000000027,-0.029145616641902027
2013-07-12,1.4,-0.010000000000000009,-0.00914561664190201
2013-07-15,1.34,-0.05999999999999983,-0.05914561664190183
2013-07-16,1.29,-0.050000000000000044,-0.04914561664190204
2013-07-17,1.29,0.0,0.000854383358098
2013-07-18,1.35,0.06000000000000005,0.060854383358098056
2013-07-19,1.27,-0.08000000000000007,-0.07914561664190208
2013-07-22,1.25,-0.020000000000000018,-0.01914561664190202
2013-07-23,1.3,0.050000000000000044,0.05085438335809805
2013-07-24,1.39,0.08999999999999986,0.09085438335809785
2013-07-25,1.39,0.0,0.000854383358098
2013-07-26,1.36,-0.029999999999999805,-0.029145616641901805
2013-07-29,1.38,0.019999999999999796,0.020854383358097795
2013-07-30,1.39,0.010000000000000009,0.010854383358098008
2013-07-31,1.31,-0.07999999999999985,-0.07914561664190185
2013-08-01,1.4,0.08999999999999986,0.09085438335809785
2013-08-02,1.35,-0.04999999999999982,-0.04914561664190182
2013-08-05,1.37,0.020000000000000018,0.020854383358098017
2013-08-06,1.32,-0.050000000000000044,-0.04914561664190204
2013-08-07,1.27,-0.050000000000000044,-0.04914561664190204
2013-08-08,1.26,-0.010000000000000009,-0.00914561664190201
2013-08-09,1.25,-0.010000000000000009,-0.00914561664190201
2013-08-12,1.3,0.050000000000000044,0.05085438335809805
2013-08-13,1.4,0.09999999999999987,0.10085438335809786
2013-08-14,1.43,0.030000000000000027,0.030854383358098026
2013-08-15,1.51,0.08000000000000007,0.08085438335809807
2013-08-16,1.58,0.07000000000000006,0.07085438335809806
2013-08-19,1.63,0.04999999999999982,0.050854383358097825
2013-08-20,1.58,-0.04999999999999982,-0.04914561664190182
2013-08-21,1.62,0.040000000000000036,0.04085438335809804
2013-08-22,1.61,-0.010000000000000009,-0.00914561664190201
2013-08-23,1.51,-0.10000000000000009,-0.09914561664190209
2013-08-26,1.47,-0.040000000000000036,-0.03914561664190203
2013-08-27,1.41,-0.06000000000000005,-0.05914561664190205
2013-08-28,1.45,0.040000000000000036,0.04085438335809804
2013-08-29,1.43,-0.020000000000000018,-0.01914561664190202
2013-08-30,1.46,0.030000000000000027,0.030854383358098026
2013-09-03,1.54,0.08000000000000007,0.08085438335809807
2013-09-04,1.58,0.040000000000000036,0.04085438335809804
2013-09-05,1.64,0.05999999999999983,0.060854383358097834
2013-09-06,1.62,-0.019999999999999796,-0.019145616641901796
2013-09-09,1.59,-0.030000000000000027,-0.029145616641902027
2013-09-10,1.6,0.010000000000000009,0.010854383358098008
2013-09-11,1.55,-0.050000000000000044,-0.04914561664190204
2013-09-12,1.57,0.020000000000000018,0.020854383358098017
2013-09-13,1.57,0.0,0.000854383358098
2013-09-16,1.6,0.030000000000000027,0.030854383358098026
2013-09-17,1.54,-0.06000000000000005,-0.05914561664190205
2013-09-18,1.44,-0.10000000000000009,-0.09914561664190209
2013-09-19,1.48,0.040000000000000036,0.04085438335809804
2013-09-20,1.44,-0.040000000000000036,-0.03914561664190203
2013-09-23,1.38,-0.06000000000000005,-0.05914561664190205
2013-09-24,1.37,-0.009999999999999787,-0.009145616641901787
2013-09-25,1.36,-0.010000000000000009,-0.00914561664190201
2013-09-26,1.37,0.010000000000000009,0.010854383358098008
2013-09-27,1.39,0.019999999999999796,0.020854383358097795
2013-09-30,1.38,-0.010000000000000009,-0.00914561664190201
2013-10-01,1.39,0.010000000000000009,0.010854383358098008
2013-10-02,1.37,-0.019999999999999796,-0.019145616641901796
2013-10-03,1.38,0.009999999999999787,0.010854383358097786
2013-10-04,1.4,0.020000000000000018,0.020854383358098017
2013-10-07,1.37,-0.029999999999999805,-0.029145616641901805
2013-10-08,1.39,0.019999999999999796,0.020854383358097795
2013-10-09,1.4,0.010000000000000009,0.010854383358098008
2013-10-10,1.43,0.030000000000000027,0.030854383358098026
2013-10-11,1.42,-0.010000000000000009,-0.00914561664190201
2013-10-15,1.47,0.050000000000000044,0.05085438335809805
2013-10-16,1.43,-0.040000000000000036,-0.03914561664190203
2013-10-17,1.4,-0.030000000000000027,-0.029145616641902027
2013-10-18,1.37,-0.029999999999999805,-0.029145616641901805
2013-10-21,1.39,0.019999999999999796,0.020854383358097795
2013-10-22,1.34,-0.04999999999999982,-0.04914561664190182
2013-10-23,1.33,-0.010000000000000009,-0.00914561664190201
2013-10-24,1.33,0.0,0.000854383358098
2013-10-25,1.3,-0.030000000000000027,-0.029145616641902027
2013-10-28,1.3,0.0,0.000854383358098
2013-10-29,1.32,0.020000000000000018,0.020854383358098017
2013-10-30,1.33,0.010000000000000009,0.010854383358098008
2013-10-31,1.34,0.010000000000000009,0.010854383358098008
2013-11-01,1.41,0.06999999999999984,0.07085438335809784
2013-11-04,1.42,0.010000000000000009,0.010854383358098008
2013-11-05,1.48,0.06000000000000005,0.060854383358098056
2013-11-06,1.46,-0.020000000000000018,-0.01914561664190202
2013-11-07,1.43,-0.030000000000000027,-0.029145616641902027
2013-11-08,1.54,0.1100000000000001,0.1108543833580981
2013-11-12,1.55,0.010000000000000009,0.010854383358098008
2013-11-13,1.54,-0.010000000000000009,-0.00914561664190201
2013-11-14,1.5,-0.040000000000000036,-0.03914561664190203
2013-11-15,1.51,0.010000000000000009,0.010854383358098008
2013-11-18,1.47,-0.040000000000000036,-0.03914561664190203
2013-11-19,1.51,0.040000000000000036,0.04085438335809804
2013-11-20,1.63,0.11999999999999988,0.12085438335809788
2013-11-21,1.59,-0.039999999999999813,-0.03914561664190181
2013-11-22,1.52,-0.07000000000000006,-0.06914561664190207
2013-11-25,1.51,-0.010000000000000009,-0.00914561664190201
2013-11-26,1.49,-0.020000000000000018,-0.01914561664190202
2013-11-27,1.52,0.030000000000000027,0.030854383358098026
2013-11-29,1.53,0.010000000000000009,0.010854383358098008
2013-12-02,1.58,0.050000000000000044,0.05085438335809805
2013-12-03,1.57,-0.010000000000000009,-0.00914561664190201
2013-12-04,1.64,0.06999999999999984,0.07085438335809784
2013-12-05,1.66,0.020000000000000018,0.020854383358098017
2013-12-06,1.64,-0.020000000000000018,-0.01914561664190202
2013-12-09,1.62,-0.019999999999999796,-0.019145616641901796
2013-12-10,1.58,-0.040000000000000036,-0.03914561664190203
2013-12-11,1.6,0.020000000000000018,0.020854383358098017
2013-12-12,1.63,0.029999999999999805,0.030854383358097804
2013-12-13,1.59,-0.039999999999999813,-0.03914561664190181
2013-12-16,1.59,0.0,0.000854383358098
2013-12-17,1.56,-0.030000000000000027,-0.029145616641902027
2013-12-18,1.6,0.040000000000000036,0.04085438335809804
2013-12-19,1.63,0.029999999999999805,0.030854383358097804
2013-12-20,1.56,-0.06999999999999984,-0.06914561664190184
2013-12-23,1.57,0.010000000000000009,0.010854383358098008
2013-12-24,1.61,0.040000000000000036,0.04085438335809804
2013-12-26,1.63,0.019999999999999796,0.020854383358097795
2013-12-27,1.64,0.010000000000000009,0.010854383358098008
2013-12-30,1.59,-0.04999999999999982,-0.04914561664190182
2013-12-31,1.64,0.04999999999999982,0.050854383358097825
2014-01-02,1.58,-0.05999999999999983,-0.05914561664190183
2014-01-03,1.57,-0.010000000000000009,-0.00914561664190201
2014-01-06,1.54,-0.030000000000000027,-0.029145616641902027
2014-01-07,1.52,-0.020000000000000018,-0.01914561664190202
2014-01-08,1.5,-0.020000000000000018,-0.01914561664190202
2014-01-09,1.45,-0.050000000000000044,-0.04914561664190204
2014-01-10,1.4,-0.050000000000000044,-0.04914561664190204
2014-01-13,1.41,0.010000000000000009,0.010854383358098008
2014-01-14,1.45,0.040000000000000036,0.04085438335809804
2014-01-15,1.45,0.0,0.000854383358098
2014-01-16,1.43,-0.020000000000000018,-0.01914561664190202
2014-01-17,1.41,-0.020000000000000018,-0.01914561664190202
2014-01-21,1.42,0.010000000000000009,0.010854383358098008
2014-01-22,1.44,0.020000000000000018,0.020854383358098017
2014-01-23,1.38,-0.06000000000000005,-0.05914561664190205
2014-01-24,1.36,-0.019999999999999796,-0.019145616641901796
2014-01-27,1.39,0.029999999999999805,0.030854383358097804
2014-01-28,1.4,0.010000000000000009,0.010854383358098008
2014-01-29,1.35,-0.04999999999999982,-0.04914561664190182
2014-01-30,1.36,0.010000000000000009,0.010854383358098008
2014-01-31,1.33,-0.030000000000000027,-0.029145616641902027
2014-02-03,1.28,-0.050000000000000044,-0.04914561664190204
2014-02-04,1.34,0.06000000000000005,0.060854383358098056
2014-02-05,1.42,0.07999999999999985,0.08085438335809784
2014-02-06,1.42,0.0,0.000854383358098
2014-02-07,1.4,-0.020000000000000018,-0.01914561664190202
2014-02-10,1.39,-0.010000000000000009,-0.00914561664190201
2014-02-11,1.42,0.030000000000000027,0.030854383358098026
2014-02-12,1.45,0.030000000000000027,0.030854383358098026
2014-02-13,1.42,-0.030000000000000027,-0.029145616641902027
2014-02-14,1.43,0.010000000000000009,0.010854383358098008
2014-02-18,1.42,-0.010000000000000009,-0.00914561664190201
2014-02-19,1.45,0.030000000000000027,0.030854383358098026
2014-02-20,1.49,0.040000000000000036,0.04085438335809804
2014-02-21,1.45,-0.040000000000000036,-0.03914561664190203
2014-02-24,1.45,0.0,0.000854383358098
2014-02-25,1.4,-0.050000000000000044,-0.04914561664190204
2014-02-26,1.38,-0.020000000000000018,-0.01914561664190202
2014-02-27,1.35,-0.029999999999999805,-0.029145616641901805
2014-02-28,1.32,-0.030000000000000027,-0.029145616641902027
2014-03-03,1.27,-0.050000000000000044,-0.04914561664190204
2014-03-04,1.35,0.08000000000000007,0.08085438335809807
2014-03-05,1.33,-0.020000000000000018,-0.01914561664190202
2014-03-06,1.36,0.030000000000000027,0.030854383358098026
2014-03-07,1.38,0.019999999999999796,0.020854383358097795
2014-03-10,1.39,0.010000000000000009,0.010854383358098008
2014-03-11,1.39,0.0,0.000854383358098
2014-03-12,1.36,-0.029999999999999805,-0.029145616641901805
2014-03-13,1.31,-0.050000000000000044,-0.04914561664190204
2014-03-14,1.3,-0.010000000000000009,-0.00914561664190201
2014-03-17,1.32,0.020000000000000018,0.020854383358098017
2014-03-18,1.32,0.0,0.000854383358098
2014-03-19,1.36,0.040000000000000036,0.04085438335809804
2014-03-20,1.4,0.039999999999999813,0.040854383358097816
2014-03-21,1.34,-0.05999999999999983,-0.05914561664190183
2014-03-24,1.3,-0.040000000000000036,-0.03914561664190203
2014-03-25,1.3,0.0,0.000854383358098
2014-03-26,1.27,-0.030000000000000027,-0.029145616641902027
2014-03-27,1.24,-0.030000000000000027,-0.029145616641902027
2014-03-28,1.28,0.040000000000000036,0.04085438335809804
2014-03-31,1.29,0.010000000000000009,0.010854383358098008
2014-04-01,1.32,0.030000000000000027,0.030854383358098026
2014-04-02,1.37,0.050000000000000044,0.05085438335809805
2014-04-03,1.34,-0.030000000000000027,-0.029145616641902027
2014-04-04,1.3,-0.040000000000000036,-0.03914561664190203
2014-04-07,1.28,-0.020000000000000018,-0.01914561664190202
2014-04-08,1.28,0.0,0.000854383358098
2014-04-09,1.29,0.010000000000000009,0.010854383358098008
2014-04-10,1.24,-0.050000000000000044,-0.04914561664190204
2014-04-11,1.2,-0.040000000000000036,-0.03914561664190203
2014-04-14,1.2,0.0,0.000854383358098
2014-04-15,1.19,-0.010000000000000009,-0.00914561664190201
2014-04-16,1.16,-0.030000000000000027,-0.029145616641902027
2014-04-17,1.21,0.050000000000000044,0.05085438335809805
2014-04-21,1.21,0.0,0.000854383358098
2014-04-22,1.19,-0.020000000000000018,-0.01914561664190202
2014-04-23,1.16,-0.030000000000000027,-0.029145616641902027
2014-04-24,1.14,-0.020000000000000018,-0.01914561664190202
2014-04-25,1.13,-0.010000000000000009,-0.00914561664190201
2014-04-28,1.17,0.040000000000000036,0.04085438335809804
2014-04-29,1.2,0.030000000000000027,0.030854383358098026
2014-04-30,1.16,-0.040000000000000036,-0.03914561664190203
2014-05-01,1.1,-0.05999999999999983,-0.05914561664190183
2014-05-02,1.06,-0.040000000000000036,-0.03914561664190203
2014-05-05,1.11,0.050000000000000044,0.05085438335809805
2014-05-06,1.09,-0.020000000000000018,-0.01914561664190202
2014-05-07,1.11,0.020000000000000018,0.020854383358098017
2014-05-08,1.13,0.019999999999999796,0.020854383358097795
2014-05-09,1.15,0.020000000000000018,0.020854383358098017
2014-05-12,1.19,0.040000000000000036,0.04085438335809804
2014-05-13,1.15,-0.040000000000000036,-0.03914561664190203
2014-05-14,1.07,-0.07999999999999985,-0.07914561664190185
2014-05-15,1.01,-0.06000000000000005,-0.05914561664190205
2014-05-16,1.03,0.020000000000000018,0.020854383358098017
2014-05-19,1.09,0.06000000000000005,0.060854383358098056
2014-05-20,1.09,0.0,0.000854383358098
2014-05-21,1.12,0.030000000000000027,0.030854383358098026
2014-05-22,1.11,-0.010000000000000009,-0.00914561664190201
2014-05-23,1.08,-0.030000000000000027,-0.029145616641902027
2014-05-27,1.06,-0.020000000000000018,-0.01914561664190202
2014-05-28,0.98,-0.08000000000000007,-0.07914561664190208
2014-05-29,0.99,0.010000000000000009,0.010854383358098008
2014-05-30,1.02,0.030000000000000027,0.030854383358098026
2014-06-02,1.08,0.06000000000000005,0.060854383358098056
2014-06-03,1.15,0.06999999999999984,0.07085438335809784
2014-06-04,1.18,0.030000000000000027,0.030854383358098026
2014-06-05,1.16,-0.020000000000000018,-0.01914561664190202
2014-06-06,1.15,-0.010000000000000009,-0.00914561664190201
2014-06-09,1.15,0.0,0.000854383358098
2014-06-10,1.17,0.020000000000000018,0.020854383358098017
2014-06-11,1.17,0.0,0.000854383358098
2014-06-12,1.14,-0.030000000000000027,-0.029145616641902027
2014-06-13,1.14,0.0,0.000854383358098
2014-06-16,1.11,-0.029999999999999805,-0.029145616641901805
2014-06-17,1.14,0.029999999999999805,0.030854383358097804
2014-06-18,1.11,-0.029999999999999805,-0.029145616641901805
2014-06-19,1.14,0.029999999999999805,0.030854383358097804
2014-06-20,1.09,-0.04999999999999982,-0.04914561664190182
2014-06-23,1.09,0.0,0.000854383358098
2014-06-24,1.04,-0.050000000000000044,-0.04914561664190204
2014-06-25,1.03,-0.010000000000000009,-0.00914561664190201
2014-06-26,0.99,-0.040000000000000036,-0.03914561664190203
2014-06-27,1.01,0.020000000000000018,0.020854383358098017
2014-06-30,0.99,-0.020000000000000018,-0.01914561664190202
2014-07-01,1.05,0.06000000000000005,0.060854383358098056
2014-07-02,1.12,0.07000000000000006,0.07085438335809806
2014-07-03,1.1,-0.020000000000000018,-0.01914561664190202
2014-07-07,1.08,-0.020000000000000018,-0.01914561664190202
2014-07-08,1.02,-0.06000000000000005,-0.05914561664190205
2014-07-09,0.99,-0.030000000000000027,-0.029145616641902027
2014-07-10,1.0,0.010000000000000009,0.010854383358098008
2014-07-11,0.97,-0.030000000000000027,-0.029145616641902027
2014-07-14,0.99,0.020000000000000018,0.020854383358098017
2014-07-15,1.01,0.020000000000000018,0.020854383358098017
2014-07-16,1.0,-0.010000000000000009,-0.00914561664190201
2014-07-17,0.93,-0.06999999999999995,-0.06914561664190196
2014-07-18,0.95,0.019999999999999907,0.020854383358097906
2014-07-21,0.92,-0.029999999999999916,-0.029145616641901916
2014-07-22,0.92,0.0,0.000854383358098
2014-07-23,0.93,0.010000000000000009,0.010854383358098008
2014-07-24,0.95,0.019999999999999907,0.020854383358097906
2014-07-25,0.88,-0.06999999999999995,-0.06914561664190196
2014-07-28,0.91,0.030000000000000027,0.030854383358098026
2014-07-29,0.87,-0.040000000000000036,-0.03914561664190203
2014-07-30,0.95,0.07999999999999996,0.08085438335809796
2014-07-31,0.96,0.010000000000000009,0.010854383358098008
2014-08-01,0.93,-0.029999999999999916,-0.029145616641901916
2014-08-04,0.95,0.019999999999999907,0.020854383358097906
2014-08-05,0.94,-0.010000000000000009,-0.00914561664190201
2014-08-06,0.93,-0.009999999999999898,-0.009145616641901898
2014-08-07,0.9,-0.030000000000000027,-0.029145616641902027
2014-08-08,0.91,0.010000000000000009,0.010854383358098008
2014-08-11,0.92,0.010000000000000009,0.010854383358098008
2014-08-12,0.96,0.039999999999999925,0.04085438335809793
2014-08-13,0.94,-0.020000000000000018,-0.01914561664190202
2014-08-14,0.89,-0.04999999999999993,-0.04914561664190193
2014-08-15,0.84,-0.050000000000000044,-0.04914561664190204
2014-08-18,0.9,0.06000000000000005,0.060854383358098056
2014-08-19,0.93,0.030000000000000027,0.030854383358098026
2014-08-20,0.94,0.009999999999999898,0.010854383358097897
2014-08-21,0.91,-0.029999999999999916,-0.029145616641901916
2014-08-22,0.88,-0.030000000000000027,-0.029145616641902027
2014-08-25,0.86,-0.020000000000000018,-0.01914561664190202
2014-08-26,0.88,0.020000000000000018,0.020854383358098017
2014-08-27,0.85,-0.030000000000000027,-0.029145616641902027
2014-08-28,0.82,-0.030000000000000027,-0.029145616641902027
2014-08-29,0.84,0.020000000000000018,0.020854383358098017
2014-09-02,0.9,0.06000000000000005,0.060854383358098056
2014-09-03,0.89,-0.010000000000000009,-0.00914561664190201
2014-09-04,0.94,0.04999999999999993,0.050854383358097936
2014-09-05,0.97,0.030000000000000027,0.030854383358098026
2014-09-08,0.97,0.0,0.000854383358098
2014-09-09,0.97,0.0,0.000854383358098
2014-09-10,1.02,0.050000000000000044,0.05085438335809805
2014-09-11,1.01,-0.010000000000000009,-0.00914561664190201
2014-09-12,1.1,0.09000000000000008,0.09085438335809808
2014-09-15,1.09,-0.010000000000000009,-0.00914561664190201
2014-09-16,1.11,0.020000000000000018,0.020854383358098017
2014-09-17,1.16,0.04999999999999982,0.050854383358097825
2014-09-18,1.17,0.010000000000000009,0.010854383358098008
2014-09-19,1.11,-0.05999999999999983,-0.05914561664190183
2014-09-22,1.13,0.019999999999999796,0.020854383358097795
2014-09-23,1.08,-0.04999999999999982,-0.04914561664190182
2014-09-24,1.1,0.020000000000000018,0.020854383358098017
2014-09-25,1.06,-0.040000000000000036,-0.03914561664190203
2014-09-26,1.09,0.030000000000000027,0.030854383358098026
2014-09-29,1.08,-0.010000000000000009,-0.00914561664190201
2014-09-30,1.1,0.020000000000000018,0.020854383358098017
2014-10-01,1.01,-0.09000000000000008,-0.08914561664190208
2014-10-02,1.04,0.030000000000000027,0.030854383358098026
2014-10-03,1.04,0.0,0.000854383358098
2014-10-06,1.04,0.0,0.000854383358098
2014-10-07,1.0,-0.040000000000000036,-0.03914561664190203
2014-10-08,0.97,-0.030000000000000027,-0.029145616641902027
2014-10-09,0.96,-0.010000000000000009,-0.00914561664190201
2014-10-10,0.93,-0.029999999999999916,-0.029145616641901916
2014-10-14,0.88,-0.050000000000000044,-0.04914561664190204
2014-10-15,0.88,0.0,0.000854383358098
2014-10-16,0.89,0.010000000000000009,0.010854383358098008
2014-10-17,0.9,0.010000000000000009,0.010854383358098008
2014-10-20,0.9,0.0,0.000854383358098
2014-10-21,0.94,0.039999999999999925,0.04085438335809793
2014-10-22,0.94,0.0,0.000854383358098
2014-10-23,0.98,0.040000000000000036,0.04085438335809804
2014-10-24,0.98,0.0,0.000854383358098
2014-10-27,0.97,-0.010000000000000009,-0.00914561664190201
2014-10-28,0.98,0.010000000000000009,0.010854383358098008
2014-10-29,0.96,-0.020000000000000018,-0.01914561664190202
2014-10-30,0.96,0.0,0.000854383358098
2014-10-31,0.99,0.030000000000000027,0.030854383358098026
2014-11-03,0.99,0.0,0.000854383358098
2014-11-04,0.96,-0.030000000000000027,-0.029145616641902027
2014-11-05,0.96,0.0,0.000854383358098
2014-11-06,0.98,0.020000000000000018,0.020854383358098017
2014-11-07,0.93,-0.04999999999999993,-0.04914561664190193
2014-11-10,0.98,0.04999999999999993,0.050854383358097936
2014-11-12,1.0,0.020000000000000018,0.020854383358098017
2014-11-13,1.01,0.010000000000000009,0.010854383358098008
2014-11-14,0.99,-0.020000000000000018,-0.01914561664190202
2014-11-17,1.02,0.030000000000000027,0.030854383358098026
2014-11-18,1.02,0.0,0.000854383358098
2014-11-19,1.07,0.050000000000000044,0.05085438335809805
2014-11-20,1.05,-0.020000000000000018,-0.01914561664190202
2014-11-21,1.0,-0.050000000000000044,-0.04914561664190204
2014-11-24,0.99,-0.010000000000000009,-0.00914561664190201
2014-11-25,0.96,-0.030000000000000027,-0.029145616641902027
2014-11-26,0.95,-0.010000000000000009,-0.00914561664190201
2014-11-28,0.92,-0.029999999999999916,-0.029145616641901916
2014-12-01,0.96,0.039999999999999925,0.04085438335809793
2014-12-02,1.01,0.050000000000000044,0.05085438335809805
2014-12-03,1.0,-0.010000000000000009,-0.00914561664190201
2014-12-04,0.96,-0.040000000000000036,-0.03914561664190203
2014-12-05,0.98,0.020000000000000018,0.020854383358098017
2014-12-08,0.94,-0.040000000000000036,-0.03914561664190203
2014-12-09,0.9,-0.039999999999999925,-0.03914561664190192
2014-12-10,0.88,-0.020000000000000018,-0.01914561664190202
2014-12-11,0.88,0.0,0.000854383358098
2014-12-12,0.84,-0.040000000000000036,-0.03914561664190203
2014-12-15,0.84,0.0,0.000854383358098
2014-12-16,0.77,-0.06999999999999995,-0.06914561664190196
2014-12-17,0.81,0.040000000000000036,0.04085438335809804
2014-12-18,0.91,0.09999999999999998,0.10085438335809797
2014-12-19,0.85,-0.06000000000000005,-0.05914561664190205
2014-12-22,0.82,-0.030000000000000027,-0.029145616641902027
2014-12-23,0.92,0.10000000000000009,0.10085438335809808
2014-12-24,0.91,-0.010000000000000009,-0.00914561664190201
2014-12-26,0.9,-0.010000000000000009,-0.00914561664190201
2014-12-29,0.88,-0.020000000000000018,-0.01914561664190202
2014-12-30,0.88,0.0,0.000854383358098
2014-12-31,0.83,-0.050000000000000044,-0.04914561664190204
2015-01-02,0.76,-0.06999999999999995,-0.06914561664190196
2015-01-05,0.71,-0.050000000000000044,-0.04914561664190204
2015-01-06,0.68,-0.029999999999999916,-0.029145616641901916
2015-01-07,0.68,0.0,0.000854383358098
2015-01-08,0.73,0.04999999999999993,0.050854383358097936
2015-01-09,0.72,-0.010000000000000009,-0.00914561664190201
2015-01-12,0.69,-0.030000000000000027,-0.029145616641902027
2015-01-13,0.73,0.040000000000000036,0.04085438335809804
2015-01-14,0.69,-0.040000000000000036,-0.03914561664190203
2015-01-15,0.61,-0.07999999999999996,-0.07914561664190196
2015-01-16,0.66,0.050000000000000044,0.05085438335809805
2015-01-20,0.63,-0.030000000000000027,-0.029145616641902027
2015-01-21,0.71,0.07999999999999996,0.08085438335809796
2015-01-22,0.69,-0.020000000000000018,-0.01914561664190202
2015-01-23,0.61,-0.07999999999999996,-0.07914561664190196
2015-01-26,0.64,0.030000000000000027,0.030854383358098026
2015-01-27,0.64,0.0,0.000854383358098
2015-01-28,0.56,-0.07999999999999996,-0.07914561664190196
2015-01-29,0.59,0.029999999999999916,0.030854383358097915
2015-01-30,0.52,-0.06999999999999995,-0.06914561664190196
2015-02-02,0.54,0.020000000000000018,0.020854383358098017
2015-02-03,0.62,0.07999999999999996,0.08085438335809796
2015-02-04,0.6,-0.020000000000000018,-0.01914561664190202
2015-02-05,0.64,0.040000000000000036,0.04085438335809804
2015-02-06,0.68,0.040000000000000036,0.04085438335809804
2015-02-09,0.67,-0.010000000000000009,-0.00914561664190201
2015-02-10,0.74,0.06999999999999995,0.07085438335809795
2015-02-11,0.75,0.010000000000000009,0.010854383358098008
2015-02-12,0.78,0.030000000000000027,0.030854383358098026
2015-02-13,0.81,0.030000000000000027,0.030854383358098026
2015-02-17,0.87,0.05999999999999994,0.060854383358097945
2015-02-18,0.82,-0.050000000000000044,-0.04914561664190204
2015-02-19,0.84,0.020000000000000018,0.020854383358098017
2015-02-20,0.83,-0.010000000000000009,-0.00914561664190201
2015-02-23,0.79,-0.039999999999999925,-0.03914561664190192
2015-02-24,0.73,-0.06000000000000005,-0.05914561664190205
2015-02-25,0.7,-0.030000000000000027,-0.029145616641902027
2015-02-26,0.72,0.020000000000000018,0.020854383358098017
2015-02-27,0.68,-0.039999999999999925,-0.03914561664190192
2015-03-02,0.75,0.06999999999999995,0.07085438335809795
2015-03-03,0.75,0.0,0.000854383358098
2015-03-04,0.74,-0.010000000000000009,-0.00914561664190201
2015-03-05,0.74,0.0,0.000854383358098
2015-03-06,0.86,0.12,0.12085438335809799
2015-03-09,0.88,0.020000000000000018,0.020854383358098017
2015-03-10,0.85,-0.030000000000000027,-0.029145616641902027
2015-03-11,0.83,-0.020000000000000018,-0.01914561664190202
2015-03-12,0.84,0.010000000000000009,0.010854383358098008
2015-03-13,0.88,0.040000000000000036,0.04085438335809804
2015-03-16,0.87,-0.010000000000000009,-0.00914561664190201
2015-03-17,0.81,-0.05999999999999994,-0.05914561664190194
2015-03-18,0.66,-0.15000000000000002,-0.149145616641902
2015-03-19,0.65,-0.010000000000000009,-0.00914561664190201
2015-03-20,0.61,-0.040000000000000036,-0.03914561664190203
2015-03-23,0.62,0.010000000000000009,0.010854383358098008
2015-03-24,0.55,-0.06999999999999995,-0.06914561664190196
2015-03-25,0.57,0.019999999999999907,0.020854383358097906
2015-03-26,0.67,0.10000000000000009,0.10085438335809808
2015-03-27,0.64,-0.030000000000000027,-0.029145616641902027
2015-03-30,0.69,0.04999999999999993,0.050854383358097936
2015-03-31,0.69,0.0,0.000854383358098
2015-04-01,0.6,-0.08999999999999997,-0.08914561664190197
2015-04-02,0.64,0.040000000000000036,0.04085438335809804
2015-04-03,0.58,-0.06000000000000005,-0.05914561664190205
2015-04-06,0.66,0.08000000000000007,0.08085438335809807
2015-04-07,0.6,-0.06000000000000005,-0.05914561664190205
2015-04-08,0.63,0.030000000000000027,0.030854383358098026
2015-04-09,0.68,0.050000000000000044,0.05085438335809805
2015-04-10,0.67,-0.010000000000000009,-0.00914561664190201
2015-04-13,0.68,0.010000000000000009,0.010854383358098008
2015-04-14,0.65,-0.030000000000000027,-0.029145616641902027
2015-04-15,0.64,-0.010000000000000009,-0.00914561664190201
2015-04-16,0.63,-0.010000000000000009,-0.00914561664190201
2015-04-17,0.54,-0.08999999999999997,-0.08914561664190197
2015-04-20,0.59,0.04999999999999993,0.050854383358097936
2015-04-21,0.63,0.040000000000000036,0.04085438335809804
2015-04-22,0.7,0.06999999999999995,0.07085438335809795
2015-04-23,0.66,-0.039999999999999925,-0.03914561664190192
2015-04-24,0.64,-0.020000000000000018,-0.01914561664190202
2015-04-27,0.63,-0.010000000000000009,-0.00914561664190201
2015-04-28,0.71,0.07999999999999996,0.08085438335809796
2015-04-29,0.76,0.050000000000000044,0.05085438335809805
2015-04-30,0.72,-0.040000000000000036,-0.03914561664190203
2015-05-01,0.78,0.06000000000000005,0.060854383358098056
2015-05-04,0.86,0.07999999999999996,0.08085438335809796
2015-05-05,0.86,0.0,0.000854383358098
2015-05-06,0.95,0.08999999999999997,0.09085438335809796
2015-05-07,0.88,-0.06999999999999995,-0.06914561664190196
2015-05-08,0.89,0.010000000000000009,0.010854383358098008
2015-05-11,1.0,0.10999999999999999,0.11085438335809798
2015-05-12,0.99,-0.010000000000000009,-0.00914561664190201
2015-05-13,1.04,0.050000000000000044,0.05085438335809805
2015-05-14,1.03,-0.010000000000000009,-0.00914561664190201
2015-05-15,0.94,-0.09000000000000008,-0.08914561664190208
2015-05-18,1.02,0.08000000000000007,0.08085438335809807
2015-05-19,1.06,0.040000000000000036,0.04085438335809804
2015-05-20,1.06,0.0,0.000854383358098
2015-05-21,1.01,-0.050000000000000044,-0.04914561664190204
2015-05-22,1.0,-0.010000000000000009,-0.00914561664190201
2015-05-26,0.94,-0.06000000000000005,-0.05914561664190205
2015-05-27,0.95,0.010000000000000009,0.010854383358098008
2015-05-28,0.98,0.030000000000000027,0.030854383358098026
2015-05-29,0.95,-0.030000000000000027,-0.029145616641902027
2015-06-01,1.02,0.07000000000000006,0.07085438335809806
2015-06-02,1.08,0.06000000000000005,0.060854383358098056
2015-06-03,1.16,0.07999999999999985,0.08085438335809784
2015-06-04,1.09,-0.06999999999999984,-0.06914561664190184
2015-06-05,1.14,0.04999999999999982,0.050854383358097825
2015-06-08,1.14,0.0,0.000854383358098
2015-06-09,1.18,0.040000000000000036,0.04085438335809804
2015-06-10,1.25,0.07000000000000006,0.07085438335809806
2015-06-11,1.17,-0.08000000000000007,-0.07914561664190208
2015-06-12,1.16,-0.010000000000000009,-0.00914561664190201
2015-06-15,1.12,-0.039999999999999813,-0.03914561664190181
2015-06-16,1.05,-0.07000000000000006,-0.06914561664190207
2015-06-17,1.09,0.040000000000000036,0.04085438335809804
2015-06-18,1.14,0.04999999999999982,0.050854383358097825
2015-06-19,1.07,-0.06999999999999984,-0.06914561664190184
2015-06-22,1.14,0.06999999999999984,0.07085438335809784
2015-06-23,1.17,0.030000000000000027,0.030854383358098026
2015-06-24,1.13,-0.040000000000000036,-0.03914561664190203
2015-06-25,1.13,0.0,0.000854383358098
2015-06-26,1.21,0.08000000000000007,0.08085438335809807
2015-06-29,1.1,-0.10999999999999988,-0.10914561664190188
2015-06-30,1.11,0.010000000000000009,0.010854383358098008
2015-07-01,1.18,0.06999999999999984,0.07085438335809784
2015-07-02,1.16,-0.020000000000000018,-0.01914561664190202
2015-07-06,1.07,-0.08999999999999986,-0.08914561664190186
