Date,Values,Delta Calculations,Delta - Mean(-0.0012119446467600001)
2010-01-13,1.427, , 
2010-01-14,1.397,-0.030000000000000027,-0.028788055353240027
2010-01-15,1.342,-0.05499999999999994,-0.05378805535323994
2010-01-19,1.343,0.001000000000000334,0.002211944646760334
2010-01-20,1.306,-0.037000000000000144,-0.035788055353240145
2010-01-21,1.293,-0.0129999999999999,-0.011788055353239901
2010-01-22,1.308,0.014999999999999902,0.0162119446467599
2010-01-25,1.318,0.010000000000000009,0.011211944646760008
2010-01-26,1.308,-0.010000000000000009,-0.00878805535324001
2010-01-27,1.338,0.030000000000000027,0.031211944646760026
2010-01-28,1.341,0.0029999999999998916,0.004211944646759892
2010-01-29,1.294,-0.04699999999999993,-0.04578805535323993
2010-02-01,1.281,-0.013000000000000123,-0.011788055353240123
2010-02-02,1.266,-0.014999999999999902,-0.013788055353239903
2010-02-03,1.306,0.040000000000000036,0.041211944646760035
2010-02-04,1.284,-0.02200000000000002,-0.02078805535324002
2010-02-05,1.326,0.041999999999999815,0.043211944646759815
2010-02-08,1.341,0.015000000000000124,0.016211944646760124
2010-02-09,1.37,0.029000000000000137,0.030211944646760136
2010-02-10,1.429,0.05899999999999994,0.06021194464675994
2010-02-11,1.468,0.039000000000000146,0.040211944646760145
2010-02-12,1.46,-0.00800000000000023,-0.006788055353240229
2010-02-16,1.424,-0.03599999999999981,-0.03478805535323981
2010-02-17,1.455,0.030999999999999917,0.032211944646759916
2010-02-18,1.484,0.028999999999999915,0.030211944646759914
2010-02-19,1.51,0.026000000000000023,0.027211944646760022
2010-02-22,1.553,0.04300000000000015,0.04421194464676015
2010-02-23,1.498,-0.05499999999999994,-0.05378805535323994
2010-02-24,1.512,0.013999999999999568,0.015211944646759568
2010-02-25,1.501,-0.010999999999999899,-0.0097880553532399
2010-02-26,1.441,-0.06000000000000005,-0.058788055353240054
2010-03-01,1.459,0.018000000000000238,0.019211944646760237
2010-03-02,1.455,-0.0040000000000000036,-0.0027880553532400034
2010-03-03,1.455,0.0,0.0012119446467600001
2010-03-04,1.441,-0.014000000000000234,-0.012788055353240235
2010-03-05,1.467,0.026000000000000023,0.027211944646760022
2010-03-08,1.49,0.02300000000000013,0.02421194464676013
2010-03-09,1.472,-0.018000000000000016,-0.016788055353240017
2010-03-10,1.471,-0.001000000000000112,0.0002119446467598882
2010-03-11,1.483,0.012000000000000233,0.013211944646760232
2010-03-12,1.449,-0.03400000000000003,-0.03278805535324003
2010-03-15,1.45,0.0009999999999998899,0.00221194464675989
2010-03-16,1.411,-0.038999999999999924,-0.037788055353239924
2010-03-17,1.397,-0.014000000000000234,-0.012788055353240235
2010-03-18,1.443,0.04600000000000026,0.04721194464676026
2010-03-19,1.497,0.053999999999999826,0.055211944646759825
2010-03-22,1.478,-0.018999999999999684,-0.017788055353239685
2010-03-23,1.488,0.010000000000000009,0.011211944646760008
2010-03-24,1.603,0.11499999999999999,0.11621194464675999
2010-03-25,1.65,0.04699999999999971,0.04821194464675971
2010-03-26,1.628,-0.021999999999999797,-0.020788055353239798
2010-03-29,1.652,0.0239999999999998,0.0252119446467598
2010-03-30,1.661,0.009000000000000119,0.010211944646760118
2010-03-31,1.6,-0.06099999999999994,-0.059788055353239944
2010-04-01,1.611,0.010999999999999899,0.012211944646759898
2010-04-02,1.685,0.07400000000000007,0.07521194464676006
2010-04-05,1.711,0.0259999999999998,0.0272119446467598
2010-04-06,1.664,-0.04699999999999971,-0.04578805535323971
2010-04-07,1.534,-0.13000000000000012,-0.12878805535324012
2010-04-08,1.564,0.030000000000000027,0.031211944646760026
2010-04-09,1.552,-0.012000000000000233,-0.010788055353240233
2010-04-12,1.52,-0.031999999999999806,-0.030788055353239807
2010-04-13,1.501,-0.019000000000000128,-0.01778805535324013
2010-04-14,1.534,0.03300000000000014,0.03421194464676014
2010-04-15,1.498,-0.03599999999999981,-0.03478805535323981
2010-04-16,1.447,-0.05100000000000038,-0.04978805535324038
2010-04-19,1.484,0.037000000000000144,0.03821194464676014
2010-04-20,1.463,-0.020999999999999908,-0.01978805535323991
2010-04-21,1.406,-0.05700000000000016,-0.05578805535324016
2010-04-22,1.446,0.040000000000000036,0.041211944646760035
2010-04-23,1.453,0.007000000000000117,0.008211944646760116
2010-04-26,1.456,0.0029999999999998916,0.004211944646759892
2010-04-27,1.359,-0.09699999999999998,-0.09578805535323998
2010-04-28,1.408,0.049000000000000155,0.050211944646760154
2010-04-29,1.298,-0.1100000000000001,-0.1087880553532401
2010-04-30,1.263,-0.03500000000000014,-0.03378805535324014
2010-05-03,1.313,0.050000000000000266,0.051211944646760266
2010-05-04,1.291,-0.02200000000000024,-0.020788055353240242
2010-05-05,1.277,-0.01399999999999979,-0.012788055353239791
2010-05-06,1.21,-0.06700000000000017,-0.06578805535324017
2010-05-07,1.275,0.06499999999999995,0.06621194464675995
2010-05-10,1.296,0.02100000000000013,0.02221194464676013
2010-05-11,1.285,-0.01100000000000012,-0.009788055353240122
2010-05-12,1.26,-0.02499999999999991,-0.023788055353239912
2010-05-13,1.256,-0.0040000000000000036,-0.0027880553532400034
2010-05-14,1.241,-0.015000000000000124,-0.013788055353240125
2010-05-17,1.289,0.048000000000000265,0.049211944646760264
2010-05-18,1.212,-0.07700000000000018,-0.07578805535324018
2010-05-19,1.284,0.07200000000000006,0.07321194464676006
2010-05-20,1.346,0.06199999999999983,0.06321194464675983
2010-05-21,1.273,-0.07299999999999995,-0.07178805535323995
2010-05-24,1.292,0.018999999999999906,0.020211944646759905
2010-05-25,1.294,0.002000000000000224,0.003211944646760224
2010-05-26,1.273,-0.02100000000000013,-0.01978805535324013
2010-05-27,1.316,0.04299999999999993,0.044211944646759926
2010-05-28,1.288,-0.027999999999999803,-0.026788055353239804
2010-06-01,1.306,0.018000000000000016,0.019211944646760015
2010-06-02,1.339,0.03299999999999992,0.03421194464675992
2010-06-03,1.316,-0.02300000000000013,-0.021788055353240132
2010-06-04,1.223,-0.09299999999999997,-0.09178805535323997
2010-06-07,1.23,0.007000000000000117,0.008211944646760116
2010-06-08,1.257,0.027000000000000135,0.028211944646760134
2010-06-09,1.247,-0.010000000000000009,-0.00878805535324001
2010-06-10,1.321,0.07399999999999984,0.07521194464675984
2010-06-11,1.267,-0.053999999999999826,-0.05278805535323983
2010-06-14,1.274,0.006999999999999895,0.008211944646759894
2010-06-15,1.29,0.016000000000000014,0.017211944646760013
2010-06-16,1.267,-0.02299999999999991,-0.02178805535323991
2010-06-17,1.185,-0.08200000000000007,-0.08078805535324007
2010-06-18,1.224,0.038999999999999924,0.04021194464675992
2010-06-21,1.205,-0.018999999999999906,-0.017788055353239907
2010-06-22,1.147,-0.05800000000000005,-0.05678805535324005
2010-06-23,1.15,0.0029999999999998916,0.004211944646759892
2010-06-24,1.179,0.029000000000000137,0.030211944646760136
2010-06-25,1.179,0.0,0.0012119446467600001
2010-06-28,1.133,-0.04600000000000004,-0.04478805535324004
2010-06-29,1.098,-0.03500000000000014,-0.03378805535324014
2010-06-30,1.095,-0.0029999999999998916,-0.0017880553532398915
2010-07-01,1.162,0.06699999999999995,0.06821194464675995
2010-07-02,1.22,0.05800000000000005,0.05921194464676005
2010-07-06,1.211,-0.009000000000000119,-0.007788055353240119
2010-07-07,1.249,0.038000000000000256,0.039211944646760255
2010-07-08,1.22,-0.029000000000000137,-0.027788055353240138
2010-07-09,1.213,-0.006999999999999895,-0.005788055353239895
2010-07-12,1.195,-0.018000000000000016,-0.016788055353240017
2010-07-13,1.22,0.02499999999999991,0.02621194464675991
2010-07-14,1.173,-0.04699999999999993,-0.04578805535323993
2010-07-15,1.166,-0.007000000000000117,-0.005788055353240117
2010-07-16,1.188,0.02200000000000002,0.02321194464676002
2010-07-19,1.244,0.05600000000000005,0.05721194464676005
2010-07-20,1.204,-0.040000000000000036,-0.038788055353240036
2010-07-21,1.143,-0.06099999999999994,-0.059788055353239944
2010-07-22,1.148,0.004999999999999893,0.0062119446467598935
2010-07-23,1.193,0.04500000000000015,0.04621194464676015
2010-07-26,1.177,-0.016000000000000014,-0.014788055353240015
2010-07-27,1.202,0.02499999999999991,0.02621194464675991
2010-07-28,1.163,-0.038999999999999924,-0.037788055353239924
2010-07-29,1.156,-0.007000000000000117,-0.005788055353240117
2010-07-30,1.084,-0.07199999999999984,-0.07078805535323984
2010-08-02,1.077,-0.007000000000000117,-0.005788055353240117
2010-08-03,1.02,-0.05699999999999994,-0.05578805535323994
2010-08-04,1.051,0.030999999999999917,0.032211944646759916
2010-08-05,1.03,-0.020999999999999908,-0.01978805535323991
2010-08-06,0.974,-0.05599999999999994,-0.05478805535323994
2010-08-09,0.975,0.0009999999999998899,0.00221194464675989
2010-08-10,0.905,-0.06999999999999995,-0.06878805535323995
2010-08-11,0.88,-0.025000000000000022,-0.023788055353240023
2010-08-12,0.971,0.09099999999999997,0.09221194464675997
2010-08-13,0.918,-0.05300000000000005,-0.05178805535324005
2010-08-16,0.871,-0.04699999999999993,-0.04578805535323993
2010-08-17,0.938,0.06699999999999995,0.06821194464675995
2010-08-18,0.962,0.024000000000000132,0.02521194464676013
2010-08-19,0.969,0.007000000000000006,0.008211944646760005
2010-08-20,0.986,0.016999999999999904,0.018211944646759903
2010-08-23,0.996,0.010000000000000009,0.011211944646760008
2010-08-24,0.967,-0.028999999999999915,-0.027788055353239915
2010-08-25,0.97,0.0029999999999998916,0.004211944646759892
2010-08-26,0.874,-0.09599999999999986,-0.09478805535323986
2010-08-27,0.983,0.10899999999999987,0.11021194464675987
2010-08-30,0.93,-0.052999999999999936,-0.05178805535323994
2010-08-31,0.864,-0.06599999999999995,-0.06478805535323995
2010-09-01,0.956,0.09199999999999986,0.09321194464675986
2010-09-02,0.969,0.013000000000000123,0.014211944646760122
2010-09-03,0.986,0.016999999999999904,0.018211944646759903
2010-09-07,0.912,-0.07399999999999995,-0.07278805535323996
2010-09-08,0.939,0.027000000000000024,0.028211944646760023
2010-09-09,0.98,0.040999999999999925,0.042211944646759925
2010-09-10,0.944,-0.03599999999999992,-0.03478805535323992
2010-09-13,0.862,-0.08200000000000007,-0.08078805535324007
2010-09-14,0.845,-0.017000000000000015,-0.015788055353240016
2010-09-15,0.889,0.04400000000000004,0.04521194464676004
2010-09-16,0.926,0.03699999999999992,0.03821194464675992
2010-09-17,0.919,-0.006999999999999895,-0.005788055353239895
2010-09-20,0.876,-0.04300000000000015,-0.04178805535324015
2010-09-21,0.738,-0.1379999999999999,-0.1367880553532399
2010-09-22,0.651,-0.08700000000000008,-0.08578805535324008
2010-09-23,0.699,0.048000000000000154,0.04921194464676015
2010-09-24,0.726,0.026999999999999913,0.028211944646759912
2010-09-27,0.705,-0.02100000000000002,-0.01978805535324002
2010-09-28,0.589,-0.11599999999999999,-0.11478805535323999
2010-09-29,0.656,0.06699999999999995,0.06821194464675995
2010-09-30,0.614,-0.041999999999999926,-0.04078805535323993
2010-10-01,0.664,0.050000000000000044,0.051211944646760044
2010-10-04,0.642,-0.02200000000000002,-0.02078805535324002
2010-10-05,0.566,-0.07599999999999996,-0.07478805535323996
2010-10-06,0.46,-0.10600000000000004,-0.10478805535324004
2010-10-07,0.463,0.002999999999999947,0.004211944646759947
2010-10-08,0.385,-0.07799999999999996,-0.07678805535323996
2010-10-12,0.414,0.02899999999999997,0.03021194464675997
2010-10-13,0.345,-0.069,-0.06778805535324
2010-10-14,0.312,-0.032999999999999974,-0.031788055353239975
2010-10-15,0.404,0.09199999999999997,0.09321194464675997
2010-10-18,0.368,-0.035999999999999976,-0.03478805535323998
2010-10-19,0.363,-0.0050000000000000044,-0.0037880553532400043
2010-10-20,0.379,0.016000000000000014,0.017211944646760013
2010-10-21,0.402,0.02300000000000002,0.02421194464676002
2010-10-22,0.399,-0.003000000000000058,-0.001788055353240058
2010-10-25,0.361,-0.03799999999999998,-0.03678805535323998
2010-10-26,0.418,0.056999999999999995,0.058211944646759994
2010-10-27,0.516,0.09800000000000003,0.09921194464676003
2010-10-28,0.459,-0.05700000000000005,-0.05578805535324005
2010-10-29,0.425,-0.033999999999999975,-0.032788055353239975
2010-11-01,0.404,-0.02100000000000002,-0.01978805535324002
2010-11-02,0.388,-0.016000000000000014,-0.014788055353240015
2010-11-03,0.438,0.04999999999999999,0.05121194464675999
2010-11-04,0.355,-0.08299999999999996,-0.08178805535323996
2010-11-05,0.384,0.029000000000000026,0.030211944646760025
2010-11-08,0.392,0.008000000000000007,0.009211944646760006
2010-11-09,0.481,0.08900000000000002,0.09021194464676002
2010-11-10,0.439,-0.04200000000000004,-0.04078805535324004
2010-11-12,0.578,0.13899999999999996,0.14021194464675996
2010-11-15,0.715,0.137,0.13821194464676
2010-11-16,0.708,-0.007000000000000006,-0.005788055353240006
2010-11-17,0.694,-0.013999999999999901,-0.012788055353239902
2010-11-18,0.701,0.006999999999999895,0.008211944646759894
2010-11-19,0.652,-0.04899999999999993,-0.04778805535323993
2010-11-22,0.586,-0.06600000000000006,-0.06478805535324006
2010-11-23,0.565,-0.02100000000000002,-0.01978805535324002
2010-11-24,0.658,0.09299999999999997,0.09421194464675997
2010-11-26,0.627,-0.030999999999999917,-0.029788055353239917
2010-11-29,0.6,-0.027000000000000024,-0.025788055353240025
2010-11-30,0.634,0.03400000000000003,0.03521194464676003
2010-12-01,0.733,0.09899999999999998,0.10021194464675998
2010-12-02,0.724,-0.008999999999999897,-0.007788055353239897
2010-12-03,0.73,0.005999999999999894,0.007211944646759894
2010-12-06,0.663,-0.06700000000000006,-0.06578805535324006
2010-12-07,0.815,0.15200000000000002,0.15321194464676002
2010-12-08,0.919,0.10400000000000009,0.10521194464676009
2010-12-09,1.0,0.08099999999999996,0.08221194464675996
2010-12-10,1.053,0.052999999999999936,0.054211944646759935
2010-12-13,1.004,-0.04899999999999993,-0.04778805535323993
2010-12-14,1.159,0.15500000000000003,0.15621194464676003
2010-12-15,1.126,-0.03300000000000014,-0.03178805535324014
2010-12-16,1.073,-0.052999999999999936,-0.05178805535323994
2010-12-17,0.952,-0.12099999999999989,-0.11978805535323989
2010-12-20,1.003,0.05099999999999982,0.05221194464675982
2010-12-21,0.935,-0.06799999999999984,-0.06678805535323984
2010-12-22,0.944,0.009000000000000008,0.010211944646760007
2010-12-23,0.977,0.03299999999999992,0.03421194464675992
2010-12-27,0.945,-0.03200000000000003,-0.03078805535324003
2010-12-28,1.066,0.12099999999999989,0.12221194464675988
2010-12-29,0.956,-0.10999999999999988,-0.10878805535323988
2010-12-30,0.979,0.02300000000000013,0.02421194464676013
2010-12-31,0.907,-0.07200000000000006,-0.07078805535324006
2011-01-03,0.934,0.027000000000000024,0.028211944646760023
2011-01-04,0.918,-0.016000000000000125,-0.014788055353240126
2011-01-05,0.985,0.06700000000000006,0.06821194464676006
2011-01-06,0.93,-0.05499999999999994,-0.05378805535323994
2011-01-07,0.869,-0.06099999999999994,-0.059788055353239944
2011-01-10,0.845,-0.024000000000000132,-0.022788055353240133
2011-01-11,0.841,-0.0040000000000000036,-0.0027880553532400034
2011-01-12,0.853,0.01200000000000001,0.01321194464676001
2011-01-13,0.851,-0.0020000000000000018,-0.0007880553532400017
2011-01-14,0.872,0.02100000000000002,0.022211944646760018
2011-01-18,0.88,0.008000000000000007,0.009211944646760006
2011-01-19,0.85,-0.030000000000000027,-0.028788055353240027
2011-01-20,0.985,0.135,0.13621194464676
2011-01-21,0.996,0.01100000000000001,0.012211944646760009
2011-01-24,0.99,-0.006000000000000005,-0.004788055353240005
2011-01-25,0.901,-0.08900000000000008,-0.08778805535324008
2011-01-26,0.976,0.07500000000000007,0.07621194464676007
2011-01-27,0.945,-0.031000000000000028,-0.02978805535324003
2011-01-28,0.905,-0.039999999999999925,-0.038788055353239925
2011-01-31,0.884,-0.02100000000000002,-0.01978805535324002
2011-02-01,0.912,0.028000000000000025,0.029211944646760024
2011-02-02,0.957,0.04500000000000004,0.04621194464676004
2011-02-03,1.038,0.08099999999999996,0.08221194464675996
2011-02-04,1.113,0.07499999999999996,0.07621194464675995
2011-02-07,1.124,0.01100000000000012,0.01221194464676012
2011-02-08,1.19,0.06599999999999984,0.06721194464675984
2011-02-09,1.142,-0.04799999999999982,-0.04678805535323982
2011-02-10,1.207,0.06499999999999995,0.06621194464675995
2011-02-11,1.164,-0.04299999999999993,-0.04178805535323993
2011-02-14,1.148,-0.016000000000000236,-0.014788055353240237
2011-02-15,1.137,-0.010999999999999899,-0.0097880553532399
2011-02-16,1.168,0.030999999999999917,0.032211944646759916
2011-02-17,1.129,-0.038999999999999924,-0.037788055353239924
2011-02-18,1.054,-0.07499999999999996,-0.07378805535323996
2011-02-22,0.926,-0.1280000000000001,-0.12678805535324011
2011-02-23,0.906,-0.020000000000000018,-0.01878805535324002
2011-02-24,0.85,-0.05599999999999994,-0.05478805535323994
2011-02-25,0.834,-0.015999999999999903,-0.014788055353239904
2011-02-28,0.844,0.010000000000000009,0.011211944646760008
2011-03-01,0.81,-0.03400000000000003,-0.03278805535324003
2011-03-02,0.826,0.015999999999999903,0.017211944646759902
2011-03-03,0.879,0.05300000000000005,0.054211944646760046
2011-03-04,0.8,-0.07899999999999996,-0.07778805535323996
2011-03-07,0.782,-0.018000000000000016,-0.016788055353240017
2011-03-08,0.795,0.013000000000000012,0.01421194464676001
2011-03-09,0.775,-0.020000000000000018,-0.01878805535324002
2011-03-10,0.693,-0.08200000000000007,-0.08078805535324007
2011-03-11,0.728,0.03500000000000003,0.03621194464676003
2011-03-14,0.705,-0.02300000000000002,-0.02178805535324002
2011-03-15,0.71,0.0050000000000000044,0.0062119446467600046
2011-03-16,0.632,-0.07799999999999996,-0.07678805535323996
2011-03-17,0.61,-0.02200000000000002,-0.02078805535324002
2011-03-18,0.627,0.017000000000000015,0.018211944646760014
2011-03-21,0.673,0.04599999999999993,0.04721194464675993
2011-03-22,0.73,0.05700000000000005,0.05821194464676005
2011-03-23,0.763,0.03300000000000003,0.03421194464676003
2011-03-24,0.744,-0.018999999999999906,-0.017788055353239907
2011-03-25,0.802,0.05799999999999994,0.05921194464675994
2011-03-28,0.818,0.015999999999999903,0.017211944646759902
2011-03-29,0.858,0.040000000000000036,0.041211944646760035
2011-03-30,0.827,-0.030999999999999917,-0.029788055353239917
2011-03-31,0.801,-0.026000000000000134,-0.024788055353240135
2011-04-01,0.765,-0.03599999999999992,-0.03478805535323992
2011-04-04,0.719,-0.04599999999999993,-0.04478805535323993
2011-04-05,0.746,0.026999999999999913,0.028211944646759912
2011-04-06,0.804,0.05800000000000005,0.05921194464676005
2011-04-07,0.756,-0.048000000000000154,-0.046788055353240154
2011-04-08,0.721,-0.03499999999999992,-0.03378805535323992
2011-04-11,0.728,0.007000000000000006,0.008211944646760005
2011-04-12,0.663,-0.06500000000000006,-0.06378805535324006
2011-04-13,0.649,-0.013999999999999901,-0.012788055353239902
2011-04-14,0.661,0.0119999999999999,0.013211944646759899
2011-04-15,0.59,-0.07099999999999995,-0.06978805535323995
2011-04-18,0.569,-0.02100000000000002,-0.01978805535324002
2011-04-19,0.521,-0.04799999999999993,-0.04678805535323993
2011-04-20,0.584,0.06299999999999994,0.06421194464675994
2011-04-21,0.601,0.017000000000000015,0.018211944646760014
2011-04-25,0.564,-0.03700000000000003,-0.035788055353240034
2011-04-26,0.531,-0.03299999999999992,-0.03178805535323992
2011-04-27,0.585,0.05399999999999994,0.055211944646759936
2011-04-28,0.54,-0.04499999999999993,-0.04378805535323993
2011-04-29,0.505,-0.03500000000000003,-0.03378805535324003
2011-05-02,0.504,-0.0010000000000000009,0.00021194464675999922
2011-05-03,0.485,-0.019000000000000017,-0.017788055353240018
2011-05-04,0.448,-0.03700000000000003,-0.035788055353240034
2011-05-05,0.462,0.014000000000000068,0.015211944646760067
2011-05-06,0.456,-0.006000000000000005,-0.004788055353240005
2011-05-09,0.432,-0.023999999999999966,-0.022788055353239967
2011-05-10,0.479,0.04699999999999993,0.04821194464675993
2011-05-11,0.5,0.02100000000000002,0.022211944646760018
2011-05-12,0.534,0.03400000000000003,0.03521194464676003
2011-05-13,0.538,0.0039999999999998925,0.005211944646759893
2011-05-16,0.554,0.016000000000000014,0.017211944646760013
2011-05-17,0.566,0.012000000000000122,0.013211944646760121
2011-05-18,0.568,0.0019999999999998908,0.003211944646759891
2011-05-19,0.601,0.03300000000000003,0.03421194464676003
2011-05-20,0.598,-0.0030000000000000027,-0.0017880553532400026
2011-05-23,0.593,-0.0050000000000000044,-0.0037880553532400043
2011-05-24,0.553,-0.040000000000000036,-0.038788055353240036
2011-05-25,0.544,-0.008999999999999897,-0.007788055353239897
2011-05-26,0.501,-0.04300000000000004,-0.04178805535324004
2011-05-27,0.524,0.02300000000000002,0.02421194464676002
2011-05-31,0.529,0.0050000000000000044,0.0062119446467600046
2011-06-01,0.475,-0.05400000000000005,-0.05278805535324005
2011-06-02,0.494,0.019000000000000017,0.020211944646760016
2011-06-03,0.461,-0.032999999999999974,-0.031788055353239975
2011-06-06,0.465,0.0040000000000000036,0.005211944646760004
2011-06-07,0.462,-0.0030000000000000027,-0.0017880553532400026
2011-06-08,0.457,-0.0050000000000000044,-0.0037880553532400043
2011-06-09,0.498,0.04099999999999998,0.04221194464675998
2011-06-10,0.504,0.006000000000000005,0.0072119446467600054
2011-06-13,0.502,-0.0020000000000000018,-0.0007880553532400017
2011-06-14,0.551,0.049000000000000044,0.05021194464676004
2011-06-15,0.463,-0.08800000000000008,-0.08678805535324008
2011-06-16,0.444,-0.01899999999999996,-0.017788055353239962
2011-06-17,0.482,0.038000000000000034,0.03921194464676003
2011-06-20,0.506,0.023999999999999966,0.025211944646759965
2011-06-21,0.501,-0.0050000000000000044,-0.0037880553532400043
2011-06-22,0.542,0.041000000000000036,0.042211944646760036
2011-06-23,0.457,-0.08500000000000002,-0.08378805535324002
2011-06-24,0.384,-0.07300000000000001,-0.07178805535324001
2011-06-27,0.415,0.030999999999999972,0.03221194464675997
2011-06-28,0.477,0.062000000000000055,0.06321194464676005
2011-06-29,0.452,-0.025000000000000022,-0.023788055353240023
2011-06-30,0.489,0.03699999999999998,0.03821194464675998
2011-07-01,0.518,0.029000000000000026,0.030211944646760025
2011-07-05,0.483,-0.03500000000000003,-0.03378805535324003
2011-07-06,0.45,-0.032999999999999974,-0.031788055353239975
2011-07-07,0.47,0.019999999999999962,0.02121194464675996
2011-07-08,0.418,-0.05199999999999999,-0.05078805535323999
2011-07-11,0.346,-0.07199999999999995,-0.07078805535323995
2011-07-12,0.327,-0.019000000000000017,-0.017788055353240018
2011-07-13,0.319,-0.008000000000000007,-0.006788055353240007
2011-07-14,0.402,0.08300000000000002,0.08421194464676002
2011-07-15,0.322,-0.08000000000000002,-0.07878805535324002
2011-07-18,0.293,-0.029000000000000026,-0.027788055353240027
2011-07-19,0.27,-0.022999999999999965,-0.021788055353239966
2011-07-20,0.338,0.06799999999999995,0.06921194464675995
2011-07-21,0.333,-0.0050000000000000044,-0.0037880553532400043
2011-07-22,0.294,-0.03899999999999998,-0.03778805535323998
2011-07-25,0.267,-0.02699999999999997,-0.02578805535323997
2011-07-26,0.256,-0.01100000000000001,-0.00978805535324001
2011-07-27,0.251,-0.0050000000000000044,-0.0037880553532400043
2011-07-28,0.206,-0.044999999999999984,-0.043788055353239985
2011-07-29,0.081,-0.125,-0.12378805535324
2011-08-01,0.025,-0.056,-0.05478805535324
2011-08-02,-0.012,-0.037000000000000005,-0.035788055353240006
2011-08-03,0.058,0.06999999999999999,0.07121194464675999
2011-08-04,-0.027,-0.08499999999999999,-0.08378805535323999
2011-08-05,0.043,0.07,0.07121194464676
2011-08-08,-0.104,-0.14700000000000002,-0.14578805535324002
2011-08-09,-0.247,-0.143,-0.14178805535324
2011-08-10,-0.411,-0.16400000000000003,-0.16278805535324004
2011-08-11,-0.24,0.17100000000000004,0.17221194464676004
2011-08-12,-0.305,-0.065,-0.06378805535324
2011-08-15,-0.251,0.05399999999999999,0.05521194464675999
2011-08-16,-0.238,0.012999999999999984,0.014211944646759983
2011-08-17,-0.256,-0.017999999999999988,-0.01678805535323999
2011-08-18,-0.214,0.04200000000000001,0.04321194464676001
2011-08-19,-0.236,-0.02200000000000002,-0.02078805535324002
2011-08-22,-0.246,-0.010000000000000009,-0.00878805535324001
2011-08-23,-0.135,0.11100000000000002,0.11221194464676001
2011-08-24,-0.031,0.10400000000000001,0.10521194464676001
2011-08-25,-0.113,-0.082,-0.08078805535324
2011-08-26,-0.096,0.017,0.01821194464676
2011-08-29,-0.02,0.076,0.07721194464676
2011-08-30,-0.09,-0.06999999999999999,-0.06878805535324
2011-08-31,-0.076,0.013999999999999999,0.015211944646759998
2011-09-01,-0.167,-0.09099999999999998,-0.08978805535323998
2011-09-02,-0.255,-0.08800000000000002,-0.08678805535324002
2011-09-06,-0.188,0.067,0.06821194464676
2011-09-07,-0.161,0.026999999999999996,0.028211944646759995
2011-09-08,-0.239,-0.07799999999999999,-0.07678805535323999
2011-09-09,-0.28,-0.041000000000000036,-0.03978805535324004
2011-09-12,-0.238,0.04200000000000001,0.04321194464676001
2011-09-13,-0.18,0.058000000000000024,0.05921194464676002
2011-09-14,-0.135,0.044999999999999984,0.046211944646759984
2011-09-15,-0.103,0.032,0.03321194464676
2011-09-16,-0.127,-0.023999999999999994,-0.022788055353239994
2011-09-19,-0.159,-0.032,-0.03078805535324
2011-09-20,-0.176,-0.017000000000000015,-0.015788055353240016
2011-09-21,-0.236,-0.06,-0.05878805535324
2011-09-22,-0.189,0.04700000000000004,0.04821194464676004
2011-09-23,-0.136,0.052999999999999964,0.05421194464675996
2011-09-26,-0.086,0.05000000000000002,0.051211944646760016
2011-09-27,-0.083,0.002999999999999989,0.004211944646759989
2011-09-28,-0.08,0.0030000000000000027,0.004211944646760003
2011-09-29,-0.052,0.027999999999999997,0.029211944646759996
2011-09-30,-0.007,0.045000000000000005,0.046211944646760005
2011-10-03,-0.131,-0.124,-0.12278805535324
2011-10-04,-0.16,-0.028999999999999998,-0.02778805535324
2011-10-05,-0.059,0.101,0.10221194464676
2011-10-06,-0.075,-0.015999999999999993,-0.014788055353239994
2011-10-07,-0.05,0.024999999999999994,0.026211944646759994
2011-10-11,0.016,0.066,0.06721194464676
2011-10-12,0.063,0.047,0.04821194464676
2011-10-13,0.06,-0.0030000000000000027,-0.0017880553532400026
2011-10-14,0.079,0.019000000000000003,0.020211944646760002
2011-10-17,0.032,-0.047,-0.04578805535324
2011-10-18,0.022,-0.009999999999999998,-0.00878805535324
2011-10-19,0.023,0.0009999999999999974,0.0022119446467599975
2011-10-20,0.01,-0.013,-0.011788055353239998
2011-10-21,0.021,0.011000000000000001,0.012211944646760002
2011-10-24,0.022,0.0010000000000000009,0.002211944646760001
2011-10-25,-0.085,-0.10700000000000001,-0.10578805535324001
2011-10-26,-0.053,0.03200000000000001,0.03321194464676001
2011-10-27,0.01,0.063,0.06421194464676
2011-10-28,-0.036,-0.046000000000000006,-0.04478805535324001
2011-10-31,-0.135,-0.099,-0.09778805535324
2011-11-01,-0.246,-0.11100000000000002,-0.10978805535324002
2011-11-02,-0.286,-0.04000000000000001,-0.03878805535324001
2011-11-03,-0.226,0.060000000000000026,0.061211944646760025
2011-11-04,-0.291,-0.06500000000000003,-0.06378805535324003
2011-11-07,-0.352,-0.061,-0.05978805535324
2011-11-08,-0.287,0.06500000000000006,0.06621194464676006
2011-11-09,-0.325,-0.038000000000000034,-0.036788055353240035
2011-11-10,-0.293,0.03200000000000003,0.03321194464676003
2011-11-14,-0.271,0.021999999999999964,0.023211944646759963
2011-11-15,-0.215,0.05600000000000002,0.05721194464676002
2011-11-16,-0.225,-0.010000000000000009,-0.00878805535324001
2011-11-17,-0.218,0.007000000000000006,0.008211944646760005
2011-11-18,-0.218,0.0,0.0012119446467600001
2011-11-21,-0.204,0.014000000000000012,0.015211944646760012
2011-11-22,-0.21,-0.006000000000000005,-0.004788055353240005
2011-11-23,-0.267,-0.05700000000000002,-0.055788055353240024
2011-11-25,-0.229,0.038000000000000034,0.03921194464676003
2011-11-28,-0.273,-0.04400000000000004,-0.04278805535324004
2011-11-29,-0.27,0.0030000000000000027,0.004211944646760003
2011-11-30,-0.263,0.007000000000000006,0.008211944646760005
2011-12-01,-0.235,0.028000000000000025,0.029211944646760024
2011-12-02,-0.287,-0.05199999999999999,-0.05078805535323999
2011-12-05,-0.29,-0.0030000000000000027,-0.0017880553532400026
2011-12-06,-0.275,0.014999999999999958,0.016211944646759957
2011-12-07,-0.315,-0.03999999999999998,-0.03878805535323998
2011-12-08,-0.28,0.034999999999999976,0.036211944646759975
2011-12-09,-0.257,0.02300000000000002,0.02421194464676002
2011-12-12,-0.321,-0.064,-0.06278805535324
2011-12-13,-0.336,-0.015000000000000013,-0.013788055353240014
2011-12-14,-0.334,0.0020000000000000573,0.0032119446467600574
2011-12-15,-0.298,0.035999999999999976,0.037211944646759976
2011-12-16,-0.327,-0.029000000000000026,-0.027788055353240027
2011-12-19,-0.389,-0.062,-0.06078805535324
2011-12-20,-0.386,0.0030000000000000027,0.004211944646760003
2011-12-21,-0.364,0.02200000000000002,0.02321194464676002
2011-12-22,-0.367,-0.003000000000000058,-0.001788055353240058
2011-12-23,-0.304,0.06300000000000006,0.06421194464676006
2011-12-27,-0.33,-0.026000000000000023,-0.024788055353240024
2011-12-28,-0.356,-0.026000000000000023,-0.024788055353240024
2011-12-29,-0.351,0.0050000000000000044,0.0062119446467600046
2011-12-30,-0.379,-0.02799999999999997,-0.02678805535323997
2012-01-03,-0.314,0.065,0.06621194464676
2012-01-04,-0.352,-0.038000000000000034,-0.036788055353240035
2012-01-05,-0.389,-0.03699999999999998,-0.03578805535323998
2012-01-06,-0.396,-0.007000000000000006,-0.005788055353240006
2012-01-09,-0.413,-0.01699999999999996,-0.01578805535323996
2012-01-10,-0.374,0.03899999999999998,0.04021194464675998
2012-01-11,-0.393,-0.01899999999999996,-0.017788055353239962
2012-01-12,-0.373,0.019999999999999962,0.02121194464675996
2012-01-13,-0.437,-0.06400000000000006,-0.06278805535324006
2012-01-17,-0.46,-0.022999999999999965,-0.021788055353239966
2012-01-18,-0.437,0.022999999999999965,0.024211944646759964
2012-01-19,-0.432,0.0050000000000000044,0.0062119446467600046
2012-01-20,-0.374,0.05800000000000005,0.05921194464676005
2012-01-23,-0.362,0.011999999999999955,0.013211944646759954
2012-01-24,-0.386,-0.023999999999999966,-0.022788055353239967
2012-01-25,-0.471,-0.08500000000000002,-0.08378805535324002
2012-01-26,-0.535,-0.064,-0.06278805535324
2012-01-27,-0.562,-0.027000000000000024,-0.025788055353240025
2012-01-30,-0.613,-0.050999999999999934,-0.049788055353239935
2012-01-31,-0.648,-0.03500000000000003,-0.03378805535324003
2012-02-01,-0.634,0.014000000000000012,0.015211944646760012
2012-02-02,-0.677,-0.04300000000000004,-0.04178805535324004
2012-02-03,-0.579,0.09800000000000009,0.09921194464676009
2012-02-06,-0.635,-0.05600000000000005,-0.05478805535324005
2012-02-07,-0.594,0.041000000000000036,0.042211944646760036
2012-02-08,-0.586,0.008000000000000007,0.009211944646760006
2012-02-09,-0.548,0.038000000000000034,0.03921194464676003
2012-02-10,-0.605,-0.05700000000000005,-0.05578805535324005
2012-02-13,-0.61,-0.0050000000000000044,-0.0037880553532400043
2012-02-14,-0.638,-0.028000000000000025,-0.026788055353240026
2012-02-15,-0.647,-0.009000000000000008,-0.007788055353240008
2012-02-16,-0.622,0.025000000000000022,0.02621194464676002
2012-02-17,-0.613,0.009000000000000008,0.010211944646760007
2012-02-21,-0.615,-0.0020000000000000018,-0.0007880553532400017
2012-02-22,-0.662,-0.04700000000000004,-0.04578805535324004
2012-02-23,-0.703,-0.040999999999999925,-0.039788055353239926
2012-02-24,-0.676,0.027000000000000024,0.028211944646760023
2012-02-27,-0.709,-0.03300000000000014,-0.03178805535324014
2012-02-28,-0.712,-0.0030000000000000027,-0.0017880553532400026
2012-02-29,-0.679,0.03300000000000003,0.03421194464676003
2012-03-01,-0.623,0.05600000000000005,0.05721194464676005
2012-03-02,-0.636,-0.013000000000000012,-0.011788055353240012
2012-03-05,-0.585,0.051000000000000045,0.052211944646760045
2012-03-06,-0.621,-0.03600000000000003,-0.03478805535324003
2012-03-07,-0.618,0.0030000000000000027,0.004211944646760003
2012-03-08,-0.624,-0.006000000000000005,-0.004788055353240005
2012-03-09,-0.638,-0.014000000000000012,-0.012788055353240013
2012-03-12,-0.64,-0.0020000000000000018,-0.0007880553532400017
2012-03-13,-0.616,0.02400000000000002,0.02521194464676002
2012-03-14,-0.491,0.125,0.12621194464676
2012-03-15,-0.491,0.0,0.0012119446467600001
2012-03-16,-0.494,-0.0030000000000000027,-0.0017880553532400026
2012-03-19,-0.432,0.061999999999999944,0.06321194464675994
2012-03-20,-0.431,0.0010000000000000564,0.0022119446467600565
2012-03-21,-0.478,-0.046999999999999986,-0.04578805535323999
2012-03-22,-0.493,-0.015000000000000013,-0.013788055353240014
2012-03-23,-0.522,-0.029000000000000026,-0.027788055353240027
2012-03-26,-0.498,0.02400000000000002,0.02521194464676002
2012-03-27,-0.538,-0.039999999999999925,-0.038788055353239925
2012-03-28,-0.518,0.019999999999999907,0.021211944646759906
2012-03-29,-0.543,-0.02499999999999991,-0.023788055353239912
2012-03-30,-0.509,0.03399999999999992,0.03521194464675992
2012-04-02,-0.56,-0.051000000000000045,-0.049788055353240046
2012-04-03,-0.477,0.08300000000000002,0.08421194464676002
2012-04-04,-0.454,0.023000000000000076,0.024211944646760075
2012-04-05,-0.502,-0.04800000000000004,-0.04678805535324004
2012-04-06,-0.573,-0.07099999999999995,-0.06978805535323995
2012-04-09,-0.579,-0.006000000000000005,-0.004788055353240005
2012-04-10,-0.656,-0.07699999999999996,-0.07578805535323996
2012-04-11,-0.667,-0.01100000000000012,-0.009788055353240122
2012-04-12,-0.65,0.017000000000000015,0.018211944646760014
2012-04-13,-0.668,-0.017999999999999905,-0.016788055353239906
2012-04-16,-0.68,-0.012000000000000122,-0.010788055353240122
2012-04-17,-0.692,-0.01200000000000001,-0.010788055353240011
2012-04-18,-0.672,0.020000000000000018,0.021211944646760017
2012-04-19,-0.648,0.02400000000000002,0.02521194464676002
2012-04-20,-0.661,-0.0129999999999999,-0.011788055353239901
2012-04-23,-0.693,-0.03200000000000003,-0.03078805535324003
2012-04-24,-0.694,-0.001000000000000112,0.0002119446467598882
2012-04-25,-0.685,0.009000000000000008,0.010211944646760007
2012-04-26,-0.721,-0.03599999999999992,-0.03478805535323992
2012-04-27,-0.735,-0.014000000000000012,-0.012788055353240013
2012-04-30,-0.752,-0.017000000000000015,-0.015788055353240016
2012-05-01,-0.728,0.02400000000000002,0.02521194464676002
2012-05-02,-0.753,-0.025000000000000022,-0.023788055353240023
2012-05-03,-0.724,0.028999999999999915,0.030211944646759914
2012-05-04,-0.731,-0.006999999999999895,-0.005788055353239895
2012-05-07,-0.721,0.010000000000000009,0.011211944646760008
2012-05-08,-0.741,-0.020000000000000018,-0.01878805535324002
2012-05-09,-0.735,0.006000000000000005,0.0072119446467600054
2012-05-10,-0.73,0.0050000000000000044,0.0062119446467600046
2012-05-11,-0.724,0.005999999999999894,0.007211944646759894
2012-05-14,-0.763,-0.038999999999999924,-0.037788055353239924
2012-05-15,-0.781,-0.017999999999999905,-0.016788055353239906
2012-05-16,-0.744,0.03699999999999981,0.03821194464675981
2012-05-17,-0.777,-0.03299999999999992,-0.03178805535323992
2012-05-18,-0.802,-0.025000000000000022,-0.023788055353240023
2012-05-21,-0.81,-0.008000000000000007,-0.006788055353240007
2012-05-22,-0.77,0.040000000000000036,0.041211944646760035
2012-05-23,-0.785,-0.015000000000000013,-0.013788055353240014
2012-05-24,-0.755,0.030000000000000027,0.031211944646760026
2012-05-25,-0.757,-0.0020000000000000018,-0.0007880553532400017
2012-05-29,-0.73,0.027000000000000024,0.028211944646760023
2012-05-30,-0.794,-0.06400000000000006,-0.06278805535324006
2012-05-31,-0.859,-0.06500000000000006,-0.06378805535324006
2012-06-01,-0.904,-0.04499999999999993,-0.04378805535323993
2012-06-04,-0.859,0.04499999999999993,0.04621194464675993
2012-06-05,-0.875,-0.015999999999999903,-0.014788055353239904
2012-06-06,-0.826,0.049000000000000044,0.05021194464676004
2012-06-07,-0.803,0.02300000000000002,0.02421194464676002
2012-06-08,-0.82,-0.017000000000000015,-0.015788055353240016
2012-06-11,-0.835,-0.015000000000000013,-0.013788055353240014
2012-06-12,-0.78,0.05499999999999994,0.05621194464675994
2012-06-13,-0.824,-0.04400000000000004,-0.04278805535324004
2012-06-14,-0.794,0.030000000000000027,0.031211944646760026
2012-06-15,-0.871,-0.07699999999999996,-0.07578805535323996
2012-06-18,-0.852,0.019000000000000017,0.020211944646760016
2012-06-19,-0.857,-0.0050000000000000044,-0.0037880553532400043
2012-06-20,-0.846,0.01100000000000001,0.012211944646760009
2012-06-21,-0.774,0.07199999999999995,0.07321194464675995
2012-06-22,-0.725,0.049000000000000044,0.05021194464676004
2012-06-25,-0.767,-0.04200000000000004,-0.04078805535324004
2012-06-26,-0.75,0.017000000000000015,0.018211944646760014
2012-06-27,-0.754,-0.0040000000000000036,-0.0027880553532400034
2012-06-28,-0.771,-0.016999999999999904,-0.015788055353239905
2012-06-29,-0.741,0.029999999999999916,0.031211944646759915
2012-07-02,-0.799,-0.05800000000000005,-0.05678805535324005
2012-07-03,-0.783,0.016000000000000125,0.017211944646760124
2012-07-05,-0.82,-0.03700000000000003,-0.035788055353240034
2012-07-06,-0.836,-0.016000000000000014,-0.014788055353240015
2012-07-09,-0.864,-0.028000000000000136,-0.026788055353240137
2012-07-10,-0.89,-0.025999999999999912,-0.024788055353239913
2012-07-11,-0.882,0.008000000000000007,0.009211944646760006
2012-07-12,-0.876,0.006000000000000116,0.0072119446467601165
2012-07-13,-0.878,-0.002000000000000113,-0.0007880553532401127
2012-07-16,-0.905,-0.027000000000000024,-0.025788055353240025
2012-07-17,-0.883,0.02200000000000002,0.02321194464676002
2012-07-18,-0.916,-0.03299999999999992,-0.03178805535323992
2012-07-19,-0.901,0.015000000000000013,0.016211944646760013
2012-07-20,-0.937,-0.03600000000000014,-0.034788055353240144
2012-07-23,-0.933,0.004000000000000115,0.005211944646760115
2012-07-24,-0.92,0.0129999999999999,0.0142119446467599
2012-07-25,-0.913,0.007000000000000117,0.008211944646760116
2012-07-26,-0.897,0.015999999999999903,0.017211944646759902
2012-07-27,-0.863,0.03400000000000003,0.03521194464676003
2012-07-30,-0.911,-0.04799999999999993,-0.04678805535323993
2012-07-31,-0.962,-0.051000000000000156,-0.04978805535324016
2012-08-01,-0.934,0.028000000000000025,0.029211944646760024
2012-08-02,-0.965,-0.030999999999999917,-0.029788055353239917
2012-08-03,-0.94,0.025000000000000022,0.02621194464676002
2012-08-06,-0.962,-0.02200000000000013,-0.02078805535324013
2012-08-07,-0.943,0.019000000000000128,0.020211944646760127
2012-08-08,-0.905,0.03799999999999992,0.03921194464675992
2012-08-09,-0.885,0.020000000000000018,0.021211944646760017
2012-08-10,-0.896,-0.010999999999999899,-0.0097880553532399
2012-08-13,-0.882,0.013999999999999901,0.0152119446467599
2012-08-14,-0.843,0.039000000000000035,0.040211944646760034
2012-08-15,-0.762,0.08099999999999996,0.08221194464675996
2012-08-16,-0.744,0.017999999999999905,0.019211944646759904
2012-08-17,-0.734,0.010000000000000009,0.011211944646760008
2012-08-20,-0.735,-0.0009999999999998899,0.00021194464676011025
2012-08-21,-0.751,-0.015999999999999903,-0.014788055353239904
2012-08-22,-0.852,-0.10100000000000009,-0.09978805535324009
2012-08-23,-0.944,-0.09200000000000008,-0.09078805535324008
2012-08-24,-0.923,0.02100000000000013,0.02221194464676013
2012-08-27,-0.963,-0.040000000000000036,-0.038788055353240036
2012-08-28,-0.998,-0.03500000000000003,-0.03378805535324003
2012-08-29,-0.965,0.03300000000000003,0.03421194464676003
2012-08-30,-0.958,0.007000000000000006,0.008211944646760005
2012-08-31,-1.026,-0.06800000000000006,-0.06678805535324006
2012-09-04,-1.027,-0.001000000000000112,0.0002119446467598882
2012-09-05,-1.033,-0.005999999999999783,-0.004788055353239783
2012-09-06,-0.98,0.052999999999999936,0.054211944646759935
2012-09-07,-1.047,-0.06699999999999995,-0.06578805535323995
2012-09-10,-1.049,-0.002000000000000224,-0.0007880553532402237
2012-09-11,-1.048,0.001000000000000112,0.002211944646760112
2012-09-12,-1.007,0.040999999999999925,0.042211944646759925
2012-09-13,-1.131,-0.12399999999999989,-0.12278805535323989
2012-09-14,-1.226,-0.09499999999999997,-0.09378805535323997
2012-09-17,-1.172,0.05400000000000005,0.05521194464676005
2012-09-18,-1.175,-0.0030000000000001137,-0.0017880553532401136
2012-09-19,-1.178,-0.0029999999999998916,-0.0017880553532398915
2012-09-20,-1.154,0.0239999999999998,0.0252119446467598
2012-09-21,-1.165,-0.010999999999999899,-0.0097880553532399
2012-09-24,-1.162,0.0030000000000001137,0.004211944646760114
2012-09-25,-1.198,-0.03600000000000003,-0.03478805535324003
2012-09-26,-1.23,-0.03200000000000003,-0.03078805535324003
2012-09-27,-1.222,0.008000000000000007,0.009211944646760006
2012-09-28,-1.215,0.006999999999999895,0.008211944646759894
2012-10-01,-1.226,-0.010999999999999899,-0.0097880553532399
2012-10-02,-1.283,-0.05700000000000016,-0.05578805535324016
2012-10-03,-1.29,-0.006999999999999895,-0.005788055353239895
2012-10-04,-1.331,-0.040999999999999925,-0.039788055353239926
2012-10-05,-1.286,0.04499999999999993,0.04621194464675993
2012-10-09,-1.276,0.010000000000000009,0.011211944646760008
2012-10-10,-1.256,0.020000000000000018,0.021211944646760017
2012-10-11,-1.232,0.02400000000000002,0.02521194464676002
2012-10-12,-1.22,0.01200000000000001,0.01321194464676001
2012-10-15,-1.233,-0.0129999999999999,-0.011788055353239901
2012-10-16,-1.177,0.05599999999999983,0.05721194464675983
2012-10-17,-1.115,0.062000000000000055,0.06321194464676005
2012-10-18,-1.112,0.0029999999999998916,0.004211944646759892
2012-10-19,-1.143,-0.030999999999999917,-0.029788055353239917
2012-10-22,-1.129,0.014000000000000012,0.015211944646760012
2012-10-23,-1.129,0.0,0.0012119446467600001
2012-10-24,-1.109,0.020000000000000018,0.021211944646760017
2012-10-25,-1.063,0.04600000000000004,0.04721194464676004
2012-10-26,-1.112,-0.049000000000000155,-0.047788055353240155
2012-10-29,-1.146,-0.03399999999999981,-0.03278805535323981
2012-10-31,-1.207,-0.061000000000000165,-0.059788055353240166
2012-11-01,-1.187,0.020000000000000018,0.021211944646760017
2012-11-02,-1.155,0.03200000000000003,0.03321194464676003
2012-11-05,-1.166,-0.010999999999999899,-0.0097880553532399
2012-11-06,-1.146,0.020000000000000018,0.021211944646760017
2012-11-07,-1.204,-0.05800000000000005,-0.05678805535324005
2012-11-08,-1.243,-0.038999999999999924,-0.037788055353239924
2012-11-09,-1.222,0.020999999999999908,0.022211944646759907
2012-11-13,-1.217,0.004999999999999893,0.0062119446467598935
2012-11-14,-1.204,0.013000000000000123,0.014211944646760122
2012-11-15,-1.176,0.028000000000000025,0.029211944646760024
2012-11-16,-1.19,-0.014000000000000012,-0.012788055353240013
2012-11-19,-1.169,0.020999999999999908,0.022211944646759907
2012-11-20,-1.139,0.030000000000000027,0.031211944646760026
2012-11-21,-1.111,0.028000000000000025,0.029211944646760024
2012-11-23,-1.096,0.015000000000000124,0.016211944646760124
2012-11-26,-1.121,-0.025000000000000133,-0.023788055353240134
2012-11-27,-1.146,-0.02499999999999991,-0.023788055353239912
2012-11-28,-1.163,-0.017000000000000126,-0.015788055353240127
2012-11-29,-1.196,-0.03299999999999992,-0.03178805535323992
2012-11-30,-1.228,-0.03200000000000003,-0.03078805535324003
2012-12-03,-1.234,-0.006000000000000005,-0.004788055353240005
2012-12-04,-1.247,-0.013000000000000123,-0.011788055353240123
2012-12-05,-1.272,-0.02499999999999991,-0.023788055353239912
2012-12-06,-1.296,-0.02400000000000002,-0.022788055353240022
2012-12-07,-1.287,0.009000000000000119,0.010211944646760118
2012-12-10,-1.295,-0.008000000000000007,-0.006788055353240007
2012-12-11,-1.265,0.030000000000000027,0.031211944646760026
2012-12-12,-1.245,0.019999999999999796,0.021211944646759795
2012-12-13,-1.184,0.06099999999999994,0.06221194464675994
2012-12-14,-1.186,-0.0019999999999997797,-0.0007880553532397796
2012-12-17,-1.162,0.02400000000000002,0.02521194464676002
2012-12-18,-1.138,0.02400000000000002,0.02521194464676002
2012-12-19,-1.151,-0.013000000000000123,-0.011788055353240123
2012-12-20,-1.16,-0.008999999999999897,-0.007788055353239897
2012-12-21,-1.18,-0.020000000000000018,-0.01878805535324002
2012-12-24,-1.162,0.018000000000000016,0.019211944646760015
2012-12-26,-1.182,-0.020000000000000018,-0.01878805535324002
2012-12-27,-1.199,-0.017000000000000126,-0.015788055353240127
2012-12-28,-1.19,0.009000000000000119,0.010211944646760118
2012-12-31,-1.168,0.02200000000000002,0.02321194464676002
2013-01-02,-1.122,0.04599999999999982,0.04721194464675982
2013-01-03,-1.058,0.06400000000000006,0.06521194464676006
2013-01-04,-1.053,0.0050000000000001155,0.006211944646760116
2013-01-07,-1.104,-0.051000000000000156,-0.04978805535324016
2013-01-08,-1.122,-0.018000000000000016,-0.016788055353240017
2013-01-09,-1.17,-0.04799999999999982,-0.04678805535323982
2013-01-10,-1.132,0.03799999999999981,0.03921194464675981
2013-01-11,-1.154,-0.02200000000000002,-0.02078805535324002
2013-01-14,-1.176,-0.021999999999999797,-0.020788055353239798
2013-01-15,-1.21,-0.03400000000000003,-0.03278805535324003
2013-01-16,-1.184,0.0259999999999998,0.0272119446467598
2013-01-17,-1.17,0.014000000000000234,0.015211944646760234
2013-01-18,-1.191,-0.020999999999999908,-0.01978805535323991
2013-01-22,-1.203,-0.012000000000000233,-0.010788055353240233
2013-01-23,-1.187,0.016000000000000014,0.017211944646760013
2013-01-24,-1.207,-0.020000000000000018,-0.01878805535324002
2013-01-25,-1.121,0.08600000000000008,0.08721194464676008
2013-01-28,-1.114,0.006999999999999895,0.008211944646759894
2013-01-29,-1.122,-0.008000000000000007,-0.006788055353240007
2013-01-30,-1.141,-0.018999999999999906,-0.017788055353239907
2013-01-31,-1.191,-0.04999999999999982,-0.04878805535323982
2013-02-01,-1.171,0.019999999999999796,0.021211944646759795
2013-02-04,-1.214,-0.04299999999999993,-0.04178805535323993
2013-02-05,-1.177,0.03699999999999992,0.03821194464675992
2013-02-06,-1.21,-0.03299999999999992,-0.03178805535323992
2013-02-07,-1.201,0.009000000000000119,0.010211944646760118
2013-02-08,-1.194,0.006999999999999895,0.008211944646759894
2013-02-11,-1.197,-0.0030000000000001137,-0.0017880553532401136
2013-02-12,-1.177,0.020000000000000018,0.021211944646760017
2013-02-13,-1.164,0.0129999999999999,0.0142119446467599
2013-02-14,-1.198,-0.03399999999999981,-0.03278805535323981
2013-02-15,-1.166,0.03200000000000003,0.03321194464676003
2013-02-19,-1.151,0.014999999999999902,0.0162119446467599
2013-02-20,-1.169,-0.018000000000000016,-0.016788055353240017
2013-02-21,-1.175,-0.006000000000000005,-0.004788055353240005
2013-02-22,-1.197,-0.02200000000000002,-0.02078805535324002
2013-02-25,-1.256,-0.05899999999999994,-0.05778805535323994
2013-02-26,-1.256,0.0,0.0012119446467600001
2013-02-27,-1.251,0.0050000000000001155,0.006211944646760116
2013-02-28,-1.285,-0.03400000000000003,-0.03278805535324003
2013-03-01,-1.308,-0.02300000000000013,-0.021788055353240132
2013-03-04,-1.298,0.010000000000000009,0.011211944646760008
2013-03-05,-1.315,-0.016999999999999904,-0.015788055353239905
2013-03-06,-1.269,0.04599999999999982,0.04721194464675982
2013-03-07,-1.234,0.03500000000000014,0.03621194464676014
2013-03-08,-1.177,0.05699999999999994,0.05821194464675994
2013-03-11,-1.18,-0.0029999999999998916,-0.0017880553532398915
2013-03-12,-1.203,-0.02300000000000013,-0.021788055353240132
2013-03-13,-1.203,0.0,0.0012119446467600001
2013-03-14,-1.235,-0.03200000000000003,-0.03078805535324003
2013-03-15,-1.252,-0.016999999999999904,-0.015788055353239905
2013-03-18,-1.288,-0.03600000000000003,-0.03478805535324003
2013-03-19,-1.293,-0.0050000000000001155,-0.0037880553532401154
2013-03-20,-1.285,0.00800000000000023,0.009211944646760228
2013-03-21,-1.274,0.010999999999999899,0.012211944646759898
2013-03-22,-1.289,-0.015000000000000124,-0.013788055353240125
2013-03-25,-1.286,0.0030000000000001137,0.004211944646760114
2013-03-26,-1.297,-0.010999999999999899,-0.0097880553532399
2013-03-27,-1.328,-0.03100000000000014,-0.02978805535324014
2013-03-28,-1.333,-0.0050000000000001155,-0.0037880553532401154
2013-04-01,-1.343,-0.010000000000000009,-0.00878805535324001
2013-04-02,-1.331,0.012000000000000233,0.013211944646760232
2013-04-03,-1.342,-0.010999999999999899,-0.0097880553532399
2013-04-04,-1.379,-0.037000000000000144,-0.035788055353240145
2013-04-05,-1.41,-0.030999999999999917,-0.029788055353239917
2013-04-08,-1.37,0.039999999999999813,0.04121194464675981
2013-04-09,-1.336,0.03400000000000025,0.03521194464676025
2013-04-10,-1.274,0.06199999999999983,0.06321194464675983
2013-04-11,-1.315,-0.040999999999999925,-0.039788055353239926
2013-04-12,-1.346,-0.030999999999999917,-0.029788055353239917
2013-04-15,-1.323,0.022999999999999687,0.024211944646759687
2013-04-16,-1.312,0.011000000000000343,0.012211944646760342
2013-04-17,-1.285,0.026999999999999913,0.028211944646759912
2013-04-18,-1.191,0.09400000000000008,0.09521194464676008
2013-04-19,-1.219,-0.028000000000000247,-0.026788055353240248
2013-04-22,-1.243,-0.0239999999999998,-0.0227880553532398
2013-04-23,-1.256,-0.013000000000000123,-0.011788055353240123
2013-04-24,-1.269,-0.013000000000000123,-0.011788055353240123
2013-04-25,-1.301,-0.031999999999999806,-0.030788055353239807
2013-04-26,-1.313,-0.012000000000000233,-0.010788055353240233
2013-04-29,-1.295,0.018000000000000238,0.019211944646760237
2013-04-30,-1.248,0.04699999999999993,0.04821194464675993
2013-05-01,-1.219,0.028999999999999915,0.030211944646759914
2013-05-02,-1.215,0.0040000000000000036,0.005211944646760004
2013-05-03,-1.156,0.05900000000000016,0.06021194464676016
2013-05-06,-1.121,0.03499999999999992,0.03621194464675992
2013-05-07,-1.121,0.0,0.0012119446467600001
2013-05-08,-1.101,0.020000000000000018,0.021211944646760017
2013-05-09,-1.105,-0.0040000000000000036,-0.0027880553532400034
2013-05-10,-1.047,0.05800000000000005,0.05921194464676005
2013-05-13,-1.034,0.0129999999999999,0.0142119446467599
2013-05-14,-0.983,0.051000000000000045,0.052211944646760045
2013-05-15,-0.969,0.013999999999999901,0.0152119446467599
2013-05-16,-1.004,-0.03499999999999992,-0.03378805535323992
2013-05-17,-0.933,0.07100000000000006,0.07221194464676006
2013-05-20,-0.926,0.007000000000000006,0.008211944646760005
2013-05-21,-0.941,-0.015000000000000013,-0.013788055353240014
2013-05-22,-0.84,0.10099999999999998,0.10221194464675998
2013-05-23,-0.821,0.019000000000000017,0.020211944646760016
2013-05-24,-0.83,-0.009000000000000008,-0.007788055353240008
2013-05-28,-0.743,0.08699999999999997,0.08821194464675997
2013-05-29,-0.679,0.06399999999999995,0.06521194464675995
2013-05-30,-0.616,0.06300000000000006,0.06421194464676006
2013-05-31,-0.596,0.020000000000000018,0.021211944646760017
2013-06-03,-0.634,-0.038000000000000034,-0.036788055353240035
2013-06-04,-0.637,-0.0030000000000000027,-0.0017880553532400026
2013-06-05,-0.633,0.0040000000000000036,0.005211944646760004
2013-06-06,-0.622,0.01100000000000001,0.012211944646760009
2013-06-07,-0.553,0.06900000000000006,0.07021194464676006
2013-06-10,-0.462,0.09099999999999991,0.09221194464675991
2013-06-11,-0.42,0.04200000000000004,0.04321194464676004
2013-06-12,-0.352,0.06799999999999995,0.06921194464675995
2013-06-13,-0.378,-0.025999999999999912,-0.024788055353239913
2013-06-14,-0.448,-0.07,-0.06878805535324001
2013-06-17,-0.403,0.044999999999999984,0.046211944646759984
2013-06-18,-0.433,-0.030000000000000027,-0.028788055353240027
2013-06-19,-0.29,0.14300000000000002,0.14421194464676002
2013-06-20,-0.109,0.181,0.18221194464676
2013-06-21,0.059,0.168,0.16921194464676
2013-06-24,0.171,0.11200000000000002,0.11321194464676002
2013-06-25,0.173,0.0020000000000000018,0.003211944646760002
2013-06-26,0.128,-0.04500000000000001,-0.04378805535324001
2013-06-27,-0.019,-0.147,-0.14578805535324
2013-06-28,-0.008,0.011,0.012211944646759999
2013-07-01,-0.029,-0.020999999999999998,-0.01978805535324
2013-07-02,-0.103,-0.07400000000000001,-0.07278805535324001
2013-07-03,-0.066,0.037000000000000005,0.038211944646760004
2013-07-05,0.088,0.15400000000000003,0.15521194464676003
2013-07-08,0.013,-0.07500000000000001,-0.07378805535324001
2013-07-09,0.011,-0.002,-0.0007880553532399999
2013-07-10,0.068,0.057,0.05821194464676
2013-07-11,-0.02,-0.08800000000000001,-0.08678805535324001
2013-07-12,-0.031,-0.011,-0.00978805535324
2013-07-15,-0.105,-0.074,-0.07278805535324
2013-07-16,-0.178,-0.07300000000000002,-0.07178805535324002
2013-07-17,-0.225,-0.046999999999999986,-0.04578805535323999
2013-07-18,-0.214,0.01100000000000001,0.012211944646760009
2013-07-19,-0.285,-0.07099999999999998,-0.06978805535323998
2013-07-22,-0.287,-0.0020000000000000018,-0.0007880553532400017
2013-07-23,-0.249,0.03799999999999998,0.03921194464675998
2013-07-24,-0.132,0.11699999999999999,0.11821194464675999
2013-07-25,-0.105,0.02700000000000001,0.02821194464676001
2013-07-26,-0.15,-0.045,-0.04378805535324
2013-07-29,-0.13,0.01999999999999999,0.02121194464675999
2013-07-30,-0.121,0.009000000000000008,0.010211944646760007
2013-07-31,-0.166,-0.04500000000000001,-0.04378805535324001
2013-08-01,-0.093,0.073,0.07421194464676
2013-08-02,-0.196,-0.103,-0.10178805535324
2013-08-05,-0.161,0.035,0.03621194464676
2013-08-06,-0.2,-0.03900000000000001,-0.03778805535324001
2013-08-07,-0.245,-0.044999999999999984,-0.043788055353239985
2013-08-08,-0.242,0.0030000000000000027,0.004211944646760003
2013-08-09,-0.252,-0.010000000000000009,-0.00878805535324001
2013-08-12,-0.226,0.025999999999999995,0.027211944646759995
2013-08-13,-0.112,0.11400000000000002,0.11521194464676002
2013-08-14,-0.084,0.027999999999999983,0.029211944646759982
2013-08-15,0.016,0.1,0.10121194464676
2013-08-16,0.099,0.083,0.08421194464676
2013-08-19,0.189,0.08999999999999997,0.09121194464675997
2013-08-20,0.106,-0.08299999999999998,-0.08178805535323998
2013-08-21,0.158,0.052000000000000005,0.053211944646760004
2013-08-22,0.253,0.095,0.09621194464676
2013-08-23,0.15,-0.10300000000000001,-0.10178805535324001
2013-08-26,0.109,-0.040999999999999995,-0.039788055353239996
2013-08-27,0.01,-0.099,-0.09778805535324
2013-08-28,0.065,0.055,0.05621194464676
2013-08-29,0.079,0.013999999999999999,0.015211944646759998
2013-08-30,0.131,0.052000000000000005,0.053211944646760004
2013-09-03,0.177,0.045999999999999985,0.047211944646759985
2013-09-04,0.274,0.09699999999999998,0.09821194464675997
2013-09-05,0.364,0.09000000000000002,0.09121194464676002
2013-09-06,0.304,-0.06,-0.05878805535324
2013-09-09,0.273,-0.030999999999999972,-0.029788055353239973
2013-09-10,0.316,0.04299999999999998,0.04421194464675998
2013-09-11,0.232,-0.08400000000000002,-0.08278805535324002
2013-09-12,0.224,-0.008000000000000007,-0.006788055353240007
2013-09-13,0.206,-0.01799999999999996,-0.01678805535323996
2013-09-16,0.138,-0.068,-0.06678805535324
2013-09-17,0.09,-0.048000000000000015,-0.046788055353240016
2013-09-18,-0.147,-0.237,-0.23578805535324
2013-09-19,-0.115,0.03199999999999999,0.033211944646759986
2013-09-20,-0.146,-0.030999999999999986,-0.029788055353239987
2013-09-23,-0.173,-0.027000000000000024,-0.025788055353240025
2013-09-24,-0.177,-0.003999999999999976,-0.0027880553532399757
2013-09-25,-0.186,-0.009000000000000036,-0.007788055353240036
2013-09-26,-0.179,0.007000000000000034,0.008211944646760033
2013-09-27,-0.184,-0.0050000000000000044,-0.0037880553532400043
2013-09-30,-0.186,-0.0020000000000000295,-0.0007880553532400294
2013-10-01,-0.158,0.028000000000000025,0.029211944646760024
2013-10-02,-0.199,-0.04099999999999998,-0.03978805535323998
2013-10-03,-0.217,-0.018000000000000016,-0.016788055353240017
2013-10-04,-0.188,0.028999999999999998,0.030211944646759997
2013-10-07,-0.185,0.0030000000000000027,0.004211944646760003
2013-10-08,-0.154,0.031,0.03221194464676
2013-10-09,-0.158,-0.0040000000000000036,-0.0027880553532400034
2013-10-10,-0.168,-0.010000000000000009,-0.00878805535324001
2013-10-11,-0.151,0.017000000000000015,0.018211944646760014
2013-10-15,-0.133,0.017999999999999988,0.019211944646759987
2013-10-16,-0.178,-0.04500000000000001,-0.04378805535324001
2013-10-17,-0.232,-0.053999999999999965,-0.052788055353239965
2013-10-18,-0.231,0.0009999999999999731,0.0022119446467599732
2013-10-21,-0.219,0.012000000000000038,0.013211944646760038
2013-10-22,-0.29,-0.07100000000000001,-0.06978805535324001
2013-10-23,-0.302,-0.01200000000000001,-0.010788055353240011
2013-10-24,-0.287,0.015000000000000013,0.016211944646760013
2013-10-25,-0.316,-0.029000000000000026,-0.027788055353240027
2013-10-28,-0.324,-0.008000000000000007,-0.006788055353240007
2013-10-29,-0.317,0.007000000000000006,0.008211944646760005
2013-10-30,-0.288,0.02899999999999997,0.03021194464675997
2013-10-31,-0.261,0.027000000000000024,0.028211944646760023
2013-11-01,-0.153,0.10800000000000001,0.10921194464676001
2013-11-04,-0.167,-0.013999999999999985,-0.012788055353239985
2013-11-05,-0.123,0.04399999999999997,0.04521194464675997
2013-11-06,-0.211,-0.08800000000000001,-0.08678805535324001
2013-11-07,-0.226,-0.014999999999999986,-0.013788055353239986
2013-11-08,-0.109,0.117,0.11821194464676
2013-11-12,-0.096,0.012999999999999998,0.014211944646759997
2013-11-13,-0.141,-0.044999999999999984,-0.043788055353239985
2013-11-14,-0.219,-0.07799999999999999,-0.07678805535323999
2013-11-15,-0.231,-0.012000000000000038,-0.01078805535324004
2013-11-18,-0.258,-0.026999999999999996,-0.025788055353239997
2013-11-19,-0.209,0.049000000000000016,0.050211944646760015
2013-11-20,-0.141,0.068,0.06921194464676
2013-11-21,-0.163,-0.02200000000000002,-0.02078805535324002
2013-11-22,-0.206,-0.04300000000000001,-0.04178805535324001
2013-11-25,-0.185,0.02100000000000002,0.022211944646760018
2013-11-26,-0.203,-0.018000000000000016,-0.016788055353240017
2013-11-27,-0.158,0.04500000000000001,0.04621194464676001
2013-11-29,-0.139,0.01899999999999999,0.02021194464675999
2013-12-02,-0.085,0.054000000000000006,0.055211944646760006
2013-12-03,-0.103,-0.018000000000000002,-0.016788055353240003
2013-12-04,-0.008,0.095,0.09621194464676
2013-12-05,0.021,0.029,0.03021194464676
2013-12-06,0.066,0.045,0.04621194464676
2013-12-09,0.043,-0.023000000000000007,-0.021788055353240007
2013-12-10,-0.011,-0.054,-0.05278805535324
2013-12-11,0.016,0.027000000000000003,0.028211944646760002
2013-12-12,0.045,0.028999999999999998,0.030211944646759997
2013-12-13,0.026,-0.018999999999999996,-0.017788055353239997
2013-12-16,0.011,-0.015000000000000001,-0.01378805535324
2013-12-17,-0.035,-0.046000000000000006,-0.04478805535324001
2013-12-18,-0.005,0.030000000000000002,0.03121194464676
2013-12-19,0.1,0.10500000000000001,0.10621194464676001
2013-12-20,0.083,-0.017,-0.015788055353240002
2013-12-23,0.099,0.016,0.01721194464676
2013-12-24,0.147,0.04799999999999999,0.049211944646759986
2013-12-26,0.14,-0.0069999999999999785,-0.005788055353239978
2013-12-27,0.122,-0.018000000000000016,-0.016788055353240017
2013-12-30,0.1,-0.021999999999999992,-0.020788055353239993
2013-12-31,0.146,0.045999999999999985,0.047211944646759985
2014-01-02,0.07,-0.07599999999999998,-0.07478805535323998
2014-01-03,0.064,-0.006000000000000005,-0.004788055353240005
2014-01-06,0.032,-0.032,-0.03078805535324
2014-01-07,0.019,-0.013000000000000001,-0.011788055353240002
2014-01-08,0.054,0.035,0.03621194464676
2014-01-09,0.009,-0.045000000000000005,-0.043788055353240006
2014-01-10,-0.075,-0.08399999999999999,-0.08278805535323999
2014-01-13,-0.093,-0.018000000000000016,-0.016788055353240017
2014-01-14,-0.046,0.047000000000000014,0.04821194464676001
2014-01-15,-0.042,0.003999999999999997,0.005211944646759997
2014-01-16,-0.046,-0.003999999999999997,-0.0027880553532399965
2014-01-17,-0.064,-0.018000000000000002,-0.016788055353240003
2014-01-21,-0.066,-0.0020000000000000018,-0.0007880553532400017
2014-01-22,-0.017,0.049,0.05021194464676
2014-01-23,-0.092,-0.075,-0.07378805535324
2014-01-24,-0.115,-0.023000000000000007,-0.021788055353240007
2014-01-27,-0.1,0.015,0.01621194464676
2014-01-28,-0.128,-0.027999999999999997,-0.026788055353239998
2014-01-29,-0.188,-0.06,-0.05878805535324
2014-01-30,-0.189,-0.0009999999999999731,0.00021194464676002698
2014-01-31,-0.203,-0.01400000000000004,-0.012788055353240041
2014-02-03,-0.283,-0.08000000000000002,-0.07878805535324002
2014-02-04,-0.244,0.039000000000000035,0.040211944646760034
2014-02-05,-0.212,0.032,0.03321194464676
2014-02-06,-0.194,0.018000000000000016,0.019211944646760015
2014-02-07,-0.252,-0.058000000000000024,-0.056788055353240025
2014-02-10,-0.261,-0.009000000000000008,-0.007788055353240008
2014-02-11,-0.216,0.044999999999999984,0.046211944646759984
2014-02-12,-0.18,0.03600000000000003,0.03721194464676003
2014-02-13,-0.221,-0.04100000000000001,-0.03978805535324001
2014-02-14,-0.196,0.024999999999999994,0.026211944646759994
2014-02-18,-0.236,-0.04000000000000001,-0.03878805535324001
2014-02-19,-0.179,0.05700000000000002,0.05821194464676002
2014-02-20,-0.149,0.03,0.031211944646759998
2014-02-21,-0.168,-0.019000000000000017,-0.017788055353240018
2014-02-24,-0.17,-0.0020000000000000018,-0.0007880553532400017
2014-02-25,-0.211,-0.04100000000000001,-0.03978805535324001
2014-02-26,-0.25,-0.03899999999999998,-0.03778805535323998
2014-02-27,-0.271,-0.02100000000000002,-0.01978805535324002
2014-02-28,-0.268,0.0030000000000000027,0.004211944646760003
2014-03-03,-0.32,-0.05199999999999999,-0.05078805535323999
2014-03-04,-0.248,0.07200000000000001,0.07321194464676001
2014-03-05,-0.249,-0.0010000000000000009,0.00021194464675999922
2014-03-06,-0.236,0.012999999999999984,0.014211944646759983
2014-03-07,-0.186,0.04999999999999999,0.05121194464675999
2014-03-10,-0.201,-0.014999999999999986,-0.013788055353239986
2014-03-11,-0.203,-0.0020000000000000018,-0.0007880553532400017
2014-03-12,-0.216,-0.013000000000000012,-0.011788055353240012
2014-03-13,-0.263,-0.046999999999999986,-0.04578805535323999
2014-03-14,-0.264,-0.0010000000000000009,0.00021194464675999922
2014-03-17,-0.224,0.040000000000000036,0.041211944646760035
2014-03-18,-0.234,-0.010000000000000009,-0.00878805535324001
2014-03-19,-0.105,0.129,0.13021194464676
2014-03-20,-0.027,0.07799999999999999,0.07921194464675999
2014-03-21,-0.049,-0.022,-0.02078805535324
2014-03-24,-0.038,0.011000000000000003,0.012211944646760002
2014-03-25,-0.024,0.013999999999999999,0.015211944646759998
2014-03-26,-0.068,-0.044000000000000004,-0.042788055353240005
2014-03-27,-0.071,-0.002999999999999989,-0.0017880553532399887
2014-03-28,-0.03,0.040999999999999995,0.042211944646759994
2014-03-31,-0.04,-0.010000000000000002,-0.008788055353240003
2014-04-01,-0.006,0.034,0.03521194464676
2014-04-02,0.032,0.038,0.03921194464676
2014-04-03,0.024,-0.008,-0.00678805535324
2014-04-04,-0.049,-0.07300000000000001,-0.07178805535324001
2014-04-07,-0.05,-0.0010000000000000009,0.00021194464675999922
2014-04-08,-0.066,-0.016,-0.014788055353240001
2014-04-09,-0.084,-0.018000000000000002,-0.016788055353240003
2014-04-10,-0.155,-0.071,-0.06978805535324
2014-04-11,-0.156,-0.0010000000000000009,0.00021194464675999922
2014-04-14,-0.126,0.03,0.031211944646759998
2014-04-15,-0.137,-0.010999999999999982,-0.009788055353239983
2014-04-16,-0.143,-0.006000000000000033,-0.004788055353240033
2014-04-17,-0.108,0.035,0.03621194464676
2014-04-21,-0.123,-0.015,-0.01378805535324
2014-04-22,-0.097,0.026000000000000023,0.027211944646760022
2014-04-23,-0.148,-0.05100000000000003,-0.04978805535324003
2014-04-24,-0.154,-0.005999999999999978,-0.0047880553532399775
2014-04-25,-0.165,-0.01100000000000001,-0.00978805535324001
2014-04-28,-0.13,0.035,0.03621194464676
2014-04-29,-0.111,0.019000000000000003,0.020211944646760002
2014-04-30,-0.151,-0.039999999999999994,-0.038788055353239995
2014-05-01,-0.204,-0.05299999999999999,-0.05178805535323999
2014-05-02,-0.187,0.016999999999999987,0.018211944646759987
2014-05-05,-0.169,0.018000000000000016,0.019211944646760015
2014-05-06,-0.154,0.014999999999999986,0.016211944646759985
2014-05-07,-0.17,-0.016000000000000014,-0.014788055353240015
2014-05-08,-0.215,-0.044999999999999984,-0.043788055353239985
2014-05-09,-0.191,0.023999999999999994,0.025211944646759993
2014-05-12,-0.138,0.05299999999999999,0.05421194464675999
2014-05-13,-0.169,-0.030999999999999972,-0.029788055353239973
2014-05-14,-0.249,-0.08000000000000002,-0.07878805535324002
2014-05-15,-0.298,-0.04899999999999999,-0.04778805535323999
2014-05-16,-0.298,0.0,0.0012119446467600001
2014-05-19,-0.272,0.025999999999999968,0.027211944646759967
2014-05-20,-0.296,-0.02400000000000002,-0.022788055353240022
2014-05-21,-0.294,0.0020000000000000573,0.0032119446467600574
2014-05-22,-0.308,-0.014000000000000012,-0.012788055353240013
2014-05-23,-0.321,-0.013000000000000012,-0.011788055353240012
2014-05-27,-0.319,0.0020000000000000018,0.003211944646760002
2014-05-28,-0.374,-0.05499999999999999,-0.053788055353239994
2014-05-29,-0.383,-0.008999999999999952,-0.007788055353239952
2014-05-30,-0.355,0.02799999999999997,0.02921194464675997
2014-06-02,-0.267,0.08799999999999997,0.08921194464675997
2014-06-03,-0.198,0.069,0.07021194464676
2014-06-04,-0.169,0.029000000000000026,0.030211944646760025
2014-06-05,-0.207,-0.038000000000000006,-0.03678805535324001
2014-06-06,-0.204,0.0030000000000000027,0.004211944646760003
2014-06-09,-0.19,0.013999999999999985,0.015211944646759984
2014-06-10,-0.177,0.013000000000000012,0.01421194464676001
2014-06-11,-0.181,-0.004000000000000031,-0.002788055353240031
2014-06-12,-0.234,-0.052999999999999964,-0.051788055353239965
2014-06-13,-0.184,0.04999999999999999,0.05121194464675999
2014-06-16,-0.188,-0.0040000000000000036,-0.0027880553532400034
2014-06-17,-0.176,0.011999999999999983,0.013211944646759982
2014-06-18,-0.214,-0.03799999999999998,-0.03678805535323998
2014-06-19,-0.251,-0.037000000000000005,-0.035788055353240006
2014-06-20,-0.279,-0.02799999999999997,-0.02678805535323997
2014-06-23,-0.284,-0.0050000000000000044,-0.0037880553532400043
2014-06-24,-0.323,-0.03899999999999998,-0.03778805535323998
2014-06-25,-0.337,-0.014000000000000068,-0.012788055353240069
2014-06-26,-0.361,-0.023999999999999966,-0.022788055353239967
2014-06-27,-0.361,0.0,0.0012119446467600001
2014-06-30,-0.375,-0.014000000000000012,-0.012788055353240013
2014-07-01,-0.328,0.04700000000000004,0.04821194464676004
2014-07-02,-0.284,0.043999999999999984,0.04521194464675998
2014-07-03,-0.267,0.01699999999999996,0.01821194464675996
2014-07-07,-0.276,-0.009000000000000008,-0.007788055353240008
2014-07-08,-0.297,-0.020999999999999963,-0.019788055353239964
2014-07-09,-0.317,-0.020000000000000018,-0.01878805535324002
2014-07-10,-0.352,-0.03500000000000003,-0.03378805535324003
2014-07-11,-0.359,-0.006999999999999951,-0.005788055353239951
2014-07-14,-0.311,0.04799999999999999,0.049211944646759986
2014-07-15,-0.279,0.03200000000000003,0.03321194464676003
2014-07-16,-0.263,0.01599999999999996,0.017211944646759958
2014-07-17,-0.32,-0.056999999999999995,-0.055788055353239996
2014-07-18,-0.31,0.010000000000000009,0.011211944646760008
2014-07-21,-0.302,0.008000000000000007,0.009211944646760006
2014-07-22,-0.3,0.0020000000000000018,0.003211944646760002
2014-07-23,-0.303,-0.0030000000000000027,-0.0017880553532400026
2014-07-24,-0.272,0.030999999999999972,0.03221194464675997
2014-07-25,-0.314,-0.04199999999999998,-0.04078805535323998
2014-07-28,-0.283,0.030999999999999972,0.03221194464675997
2014-07-29,-0.298,-0.014999999999999958,-0.013788055353239959
2014-07-30,-0.228,0.06999999999999998,0.07121194464675998
2014-07-31,-0.241,-0.013000000000000012,-0.011788055353240012
2014-08-01,-0.277,-0.03599999999999995,-0.03478805535323995
2014-08-04,-0.274,0.0030000000000000027,0.004211944646760003
2014-08-05,-0.269,0.0050000000000000044,0.0062119446467600046
2014-08-06,-0.271,-0.0020000000000000573,-0.0007880553532400572
2014-08-07,-0.306,-0.034999999999999976,-0.033788055353239976
2014-08-08,-0.298,0.008000000000000007,0.009211944646760006
2014-08-11,-0.307,-0.009000000000000008,-0.007788055353240008
2014-08-12,-0.292,0.015000000000000013,0.016211944646760013
2014-08-13,-0.316,-0.02400000000000002,-0.022788055353240022
2014-08-14,-0.331,-0.015000000000000013,-0.013788055353240014
2014-08-15,-0.325,0.006000000000000005,0.0072119446467600054
2014-08-18,-0.282,0.04300000000000004,0.04421194464676004
2014-08-19,-0.264,0.01799999999999996,0.01921194464675996
2014-08-20,-0.211,0.05299999999999999,0.05421194464675999
2014-08-21,-0.233,-0.021999999999999992,-0.020788055353239993
2014-08-22,-0.176,0.056999999999999995,0.058211944646759994
2014-08-25,-0.176,0.0,0.0012119446467600001
2014-08-26,-0.182,-0.005999999999999978,-0.0047880553532399775
2014-08-27,-0.204,-0.021999999999999992,-0.020788055353239993
2014-08-28,-0.212,-0.008000000000000007,-0.006788055353240007
2014-08-29,-0.192,0.01999999999999999,0.02121194464675999
2014-09-02,-0.137,0.05500000000000002,0.05621194464676002
2014-09-03,-0.15,-0.013000000000000012,-0.011788055353240012
2014-09-04,-0.129,0.02099999999999999,0.02221194464675999
2014-09-05,-0.125,0.0040000000000000036,0.005211944646760004
2014-09-08,-0.079,0.046,0.04721194464676
2014-09-09,-0.028,0.051000000000000004,0.05221194464676
2014-09-10,0.028,0.055999999999999994,0.057211944646759993
2014-09-11,-0.01,-0.038,-0.03678805535324
2014-09-12,0.037,0.04700000000000001,0.048211944646760006
2014-09-15,0.015,-0.022000000000000006,-0.020788055353240006
2014-09-16,0.007,-0.008,-0.00678805535324
2014-09-17,0.111,0.10400000000000001,0.10521194464676001
2014-09-18,0.189,0.07799999999999997,0.07921194464675997
2014-09-19,0.179,-0.009999999999999981,-0.008788055353239982
2014-09-22,0.183,0.0040000000000000036,0.005211944646760004
2014-09-23,0.129,-0.05399999999999999,-0.05278805535323999
2014-09-24,0.142,0.012999999999999984,0.014211944646759983
2014-09-25,0.098,-0.043999999999999984,-0.042788055353239984
2014-09-26,0.157,0.059,0.060211944646759996
2014-09-29,0.136,-0.02099999999999999,-0.01978805535323999
2014-09-30,0.146,0.009999999999999981,0.01121194464675998
2014-10-01,0.042,-0.10399999999999998,-0.10278805535323998
2014-10-02,0.065,0.023,0.02421194464676
2014-10-03,0.129,0.064,0.06521194464676
2014-10-06,0.097,-0.032000000000000015,-0.030788055353240015
2014-10-07,0.046,-0.05099999999999999,-0.04978805535323999
2014-10-08,-0.023,-0.069,-0.06778805535324
2014-10-09,-0.029,-0.005999999999999998,-0.004788055353239998
2014-10-10,-0.032,-0.0030000000000000027,-0.0017880553532400026
2014-10-14,-0.076,-0.044,-0.04278805535324
2014-10-15,-0.125,-0.049,-0.04778805535324
2014-10-16,-0.116,0.009000000000000008,0.010211944646760007
2014-10-17,-0.109,0.006999999999999992,0.008211944646759992
2014-10-20,-0.123,-0.014000000000000012,-0.012788055353240013
2014-10-21,-0.107,0.016000000000000014,0.017211944646760013
2014-10-22,-0.065,0.041999999999999996,0.043211944646759995
2014-10-23,-0.025,0.04,0.04121194464676
2014-10-24,0.0,0.025,0.02621194464676
2014-10-27,-0.005,-0.005,-0.00378805535324
2014-10-28,-0.014,-0.008999999999999998,-0.0077880553532399975
2014-10-29,0.04,0.054,0.05521194464676
2014-10-30,0.014,-0.026000000000000002,-0.024788055353240003
2014-10-31,0.035,0.021000000000000005,0.022211944646760004
2014-11-03,0.053,0.017999999999999995,0.019211944646759994
2014-11-04,0.045,-0.008,-0.00678805535324
2014-11-05,0.028,-0.017,-0.015788055353240002
2014-11-06,0.023,-0.0049999999999999975,-0.0037880553532399974
2014-11-07,-0.033,-0.056,-0.05478805535324
2014-11-10,0.007,0.04,0.04121194464676
2014-11-12,0.018,0.011000000000000003,0.012211944646760002
2014-11-13,0.043,0.024999999999999994,0.026211944646759994
2014-11-14,0.015,-0.027999999999999997,-0.026788055353239998
2014-11-17,0.065,0.05,0.05121194464676
2014-11-18,0.057,-0.008,-0.00678805535324
2014-11-19,0.106,0.048999999999999995,0.050211944646759994
2014-11-20,0.068,-0.03799999999999999,-0.03678805535323999
2014-11-21,0.042,-0.026000000000000002,-0.024788055353240003
2014-11-24,0.026,-0.016,-0.014788055353240001
2014-11-25,0.013,-0.013000000000000001,-0.011788055353240002
2014-11-26,0.012,-0.0010000000000000009,0.00021194464675999922
2014-11-28,-0.007,-0.019,-0.01778805535324
2014-12-01,0.038,0.045,0.04621194464676
2014-12-02,0.121,0.08299999999999999,0.08421194464675999
2014-12-03,0.115,-0.0059999999999999915,-0.004788055353239991
2014-12-04,0.112,-0.0030000000000000165,-0.0017880553532400164
2014-12-05,0.24,0.128,0.12921194464676
2014-12-08,0.256,0.016000000000000014,0.017211944646760013
2014-12-09,0.204,-0.05200000000000002,-0.05078805535324002
2014-12-10,0.17,-0.033999999999999975,-0.032788055353239975
2014-12-11,0.207,0.03699999999999998,0.03821194464675998
2014-12-12,0.237,0.03,0.031211944646759998
2014-12-15,0.278,0.041000000000000036,0.042211944646760036
2014-12-16,0.228,-0.05000000000000002,-0.04878805535324002
2014-12-17,0.281,0.05300000000000002,0.05421194464676002
2014-12-18,0.353,0.07199999999999995,0.07321194464675995
2014-12-19,0.321,-0.03199999999999997,-0.030788055353239974
2014-12-22,0.306,-0.015000000000000013,-0.013788055353240014
2014-12-23,0.367,0.061000000000000054,0.06221194464676005
2014-12-24,0.404,0.03699999999999992,0.03821194464675992
2014-12-26,0.406,0.0020000000000000573,0.0032119446467600574
2014-12-29,0.396,-0.010000000000000009,-0.00878805535324001
2014-12-30,0.373,-0.02300000000000002,-0.02178805535324002
2014-12-31,0.309,-0.064,-0.06278805535324
2015-01-02,0.309,0.0,0.0012119446467600001
2015-01-05,0.255,-0.05399999999999999,-0.05278805535323999
2015-01-06,0.265,0.010000000000000009,0.011211944646760008
2015-01-07,0.233,-0.032,-0.03078805535324
2015-01-08,0.191,-0.04200000000000001,-0.04078805535324001
2015-01-09,0.138,-0.05299999999999999,-0.05178805535323999
2015-01-12,0.122,-0.016000000000000014,-0.014788055353240015
2015-01-13,0.131,0.009000000000000008,0.010211944646760007
2015-01-14,0.029,-0.10200000000000001,-0.10078805535324001
2015-01-15,-0.076,-0.105,-0.10378805535324
2015-01-16,-0.052,0.023999999999999994,0.025211944646759993
2015-01-20,-0.035,0.017,0.01821194464676
2015-01-21,-0.01,0.025,0.02621194464676
2015-01-22,0.008,0.018000000000000002,0.01921194464676
2015-01-23,-0.073,-0.08099999999999999,-0.07978805535323999
2015-01-26,-0.072,0.000999999999999987,0.002211944646759987
2015-01-27,-0.156,-0.08399999999999999,-0.08278805535323999
2015-01-28,-0.201,-0.04500000000000001,-0.04378805535324001
2015-01-29,-0.209,-0.00799999999999998,-0.006788055353239979
2015-01-30,-0.321,-0.11200000000000002,-0.11078805535324002
2015-02-02,-0.353,-0.03199999999999997,-0.030788055353239974
2015-02-03,-0.354,-0.0010000000000000009,0.00021194464675999922
2015-02-04,-0.298,0.055999999999999994,0.057211944646759993
2015-02-05,-0.305,-0.007000000000000006,-0.005788055353240006
2015-02-06,-0.145,0.16,0.16121194464676
2015-02-09,-0.12,0.024999999999999994,0.026211944646759994
2015-02-10,-0.069,0.05099999999999999,0.05221194464675999
2015-02-11,-0.058,0.01100000000000001,0.012211944646760009
2015-02-12,-0.057,0.000999999999999994,0.002211944646759994
2015-02-13,-0.077,-0.019999999999999997,-0.018788055353239998
2015-02-17,0.012,0.089,0.09021194464676
2015-02-18,-0.089,-0.101,-0.09978805535324001
2015-02-19,-0.044,0.045000000000000005,0.046211944646760005
2015-02-20,-0.023,0.021000000000000005,0.022211944646760004
2015-02-23,-0.073,-0.049999999999999996,-0.04878805535324
2015-02-24,-0.124,-0.051000000000000004,-0.049788055353240004
2015-02-25,-0.162,-0.038000000000000006,-0.03678805535324001
2015-02-26,-0.169,-0.0069999999999999785,-0.005788055353239978
2015-02-27,-0.284,-0.11499999999999999,-0.11378805535323999
2015-03-02,-0.177,0.10699999999999998,0.10821194464675998
2015-03-03,-0.199,-0.021999999999999992,-0.020788055353239993
2015-03-04,-0.215,-0.016000000000000014,-0.014788055353240015
2015-03-05,-0.179,0.036000000000000004,0.03721194464676
2015-03-06,-0.073,0.106,0.10721194464676
2015-03-09,-0.044,0.02899999999999999,0.03021194464675999
2015-03-10,-0.038,0.006000000000000005,0.0072119446467600054
2015-03-11,-0.044,-0.006000000000000005,-0.004788055353240005
2015-03-12,-0.049,-0.0049999999999999975,-0.0037880553532399974
2015-03-13,-0.007,0.042,0.04321194464676
2015-03-16,0.026,0.033,0.03421194464676
2015-03-17,0.028,0.001999999999999995,0.003211944646759995
2015-03-18,-0.22,-0.248,-0.24678805535324
2015-03-19,-0.191,0.028999999999999998,0.030211944646759997
2015-03-20,-0.239,-0.04799999999999999,-0.04678805535323999
2015-03-23,-0.244,-0.0050000000000000044,-0.0037880553532400043
2015-03-24,-0.326,-0.08200000000000002,-0.08078805535324002
2015-03-25,-0.354,-0.02799999999999997,-0.02678805535323997
2015-03-26,-0.306,0.04799999999999999,0.049211944646759986
2015-03-27,-0.31,-0.0040000000000000036,-0.0027880553532400034
2015-03-30,-0.288,0.021999999999999964,0.023211944646759963
2015-03-31,-0.362,-0.07400000000000001,-0.07278805535324001
2015-04-01,-0.455,-0.09299999999999997,-0.09178805535323997
2015-04-02,-0.411,0.043999999999999984,0.04521194464675998
2015-04-03,-0.524,-0.11299999999999999,-0.11178805535323999
2015-04-06,-0.506,0.018000000000000016,0.019211944646760015
2015-04-07,-0.489,0.017000000000000015,0.018211944646760014
2015-04-08,-0.445,0.043999999999999984,0.04521194464675998
2015-04-09,-0.389,0.055999999999999994,0.057211944646759993
2015-04-10,-0.356,0.032999999999999974,0.03421194464675997
2015-04-13,-0.379,-0.022999999999999965,-0.021788055353239966
2015-04-14,-0.409,-0.02999999999999997,-0.028788055353239972
2015-04-15,-0.463,-0.05399999999999999,-0.05278805535323999
2015-04-16,-0.5,-0.03700000000000003,-0.035788055353240034
2015-04-17,-0.545,-0.04500000000000004,-0.04378805535324004
2015-04-20,-0.513,0.03200000000000003,0.03321194464676003
2015-04-21,-0.463,0.050000000000000044,0.051211944646760044
2015-04-22,-0.428,0.034999999999999976,0.036211944646759975
2015-04-23,-0.487,-0.05900000000000005,-0.05778805535324005
2015-04-24,-0.512,-0.024999999999999967,-0.023788055353239967
2015-04-27,-0.505,0.007000000000000006,0.008211944646760005
2015-04-28,-0.449,0.055999999999999994,0.057211944646759993
2015-04-29,-0.434,0.015000000000000013,0.016211944646760013
2015-04-30,-0.44,-0.006000000000000005,-0.004788055353240005
2015-05-01,-0.372,0.06799999999999995,0.06921194464675995
2015-05-04,-0.348,0.024000000000000077,0.025211944646760076
2015-05-05,-0.33,0.01799999999999996,0.01921194464675996
2015-05-06,-0.28,0.04999999999999999,0.05121194464675999
2015-05-07,-0.267,0.013000000000000012,0.01421194464676001
2015-05-08,-0.319,-0.05199999999999999,-0.05078805535323999
2015-05-11,-0.22,0.099,0.10021194464676
2015-05-12,-0.236,-0.016000000000000014,-0.014788055353240015
2015-05-13,-0.26,-0.023999999999999994,-0.022788055353239994
2015-05-14,-0.308,-0.04799999999999999,-0.04678805535323999
2015-05-15,-0.332,-0.02400000000000002,-0.022788055353240022
2015-05-18,-0.269,0.06300000000000006,0.06421194464676006
2015-05-19,-0.198,0.07099999999999995,0.07221194464675995
2015-05-20,-0.263,-0.065,-0.06378805535324
2015-05-21,-0.282,-0.01899999999999996,-0.017788055353239962
2015-05-22,-0.258,0.023999999999999966,0.025211944646759965
2015-05-26,-0.243,0.015000000000000013,0.016211944646760013
2015-05-27,-0.189,0.05400000000000002,0.05521194464676002
2015-05-28,-0.197,-0.008000000000000007,-0.006788055353240007
2015-05-29,-0.286,-0.08900000000000005,-0.08778805535324005
2015-06-01,-0.182,0.10400000000000004,0.10521194464676004
2015-06-02,-0.159,0.022999999999999993,0.024211944646759992
2015-06-03,-0.095,0.064,0.06521194464676
2015-06-04,-0.118,-0.023000000000000007,-0.021788055353240007
2015-06-05,-0.074,0.044,0.04521194464676
2015-06-08,-0.096,-0.021999999999999992,-0.020788055353239993
2015-06-09,-0.088,0.007999999999999993,0.009211944646759992
2015-06-10,-0.048,0.04000000000000001,0.04121194464676001
2015-06-11,-0.082,-0.03399999999999999,-0.03278805535323999
2015-06-12,-0.083,-0.0010000000000000148,0.00021194464675998535
2015-06-15,-0.103,-0.020000000000000004,-0.018788055353240005
2015-06-16,-0.175,-0.07199999999999998,-0.07078805535323998
2015-06-17,-0.234,-0.059,-0.05778805535324
2015-06-18,-0.203,0.030999999999999972,0.03221194464675997
2015-06-19,-0.215,-0.011999999999999983,-0.010788055353239984
2015-06-22,-0.165,0.04999999999999999,0.05121194464675999
2015-06-23,-0.148,0.016999999999999987,0.018211944646759987
2015-06-24,-0.169,-0.020999999999999963,-0.019788055353239964
2015-06-25,-0.143,0.025999999999999968,0.027211944646759967
2015-06-26,-0.095,0.048000000000000015,0.049211944646760014
2015-06-29,-0.18,-0.08499999999999999,-0.08378805535323999
2015-06-30,-0.194,-0.013999999999999985,-0.012788055353239985
2015-07-01,-0.114,0.07999999999999997,0.08121194464675997
2015-07-02,-0.188,-0.074,-0.07278805535324
2015-07-06,-0.211,-0.02300000000000002,-0.02178805535324002
2015-07-07,-0.237,-0.025999999999999968,-0.02478805535323997
