Date,Values,Delta Calculations,Delta - Mean(-0.0042889137738)
2008-06-03,22.89, , 
2008-06-04,22.69,-0.1999999999999993,-0.1957110862261993
2008-06-05,22.78,0.08999999999999986,0.09428891377379986
2008-06-06,23.6,0.8200000000000003,0.8242889137738003
2008-06-09,24.47,0.8699999999999974,0.8742889137737975
2008-06-10,25.39,0.9200000000000017,0.9242889137738017
2008-06-11,25.36,-0.030000000000001137,-0.025711086226201135
2008-06-12,25.04,-0.3200000000000003,-0.3157110862262003
2008-06-13,24.94,-0.09999999999999787,-0.09571108622619787
2008-06-16,24.98,0.03999999999999915,0.04428891377379915
2008-06-17,24.45,-0.5300000000000011,-0.5257110862262011
2008-06-18,23.93,-0.5199999999999996,-0.5157110862261995
2008-06-19,24.33,0.3999999999999986,0.40428891377379855
2008-06-20,26.22,1.8900000000000006,1.8942889137738006
2008-06-23,27.18,0.9600000000000009,0.9642889137738009
2008-06-24,26.79,-0.39000000000000057,-0.3857110862262006
2008-06-25,26.78,-0.00999999999999801,-0.005711086226198011
2008-06-26,27.33,0.5499999999999972,0.5542889137737972
2008-06-27,26.47,-0.8599999999999994,-0.8557110862261994
2008-06-30,26.92,0.45000000000000284,0.4542889137738028
2008-07-01,27.64,0.7199999999999989,0.7242889137737989
2008-07-02,27.54,-0.10000000000000142,-0.09571108622620142
2008-07-03,26.85,-0.6899999999999977,-0.6857110862261977
2008-07-07,26.59,-0.26000000000000156,-0.2557110862262016
2008-07-08,26.12,-0.46999999999999886,-0.4657110862261989
2008-07-09,26.09,-0.030000000000001137,-0.025711086226201135
2008-07-10,26.79,0.6999999999999993,0.7042889137737993
2008-07-11,33.32,6.530000000000001,6.534288913773801
2008-07-14,31.09,-2.2300000000000004,-2.2257110862262004
2008-07-15,30.4,-0.6900000000000013,-0.6857110862262012
2008-07-16,28.41,-1.9899999999999984,-1.9857110862261984
2008-07-17,27.28,-1.129999999999999,-1.125711086226199
2008-07-18,27.05,-0.23000000000000043,-0.22571108622620042
2008-07-21,26.61,-0.4400000000000013,-0.4357110862262013
2008-07-22,25.81,-0.8000000000000007,-0.7957110862262007
2008-07-23,25.64,-0.16999999999999815,-0.16571108622619815
2008-07-24,26.15,0.509999999999998,0.514288913773798
2008-07-25,26.06,-0.08999999999999986,-0.08571108622619986
2008-07-28,26.45,0.39000000000000057,0.39428891377380054
2008-07-29,25.46,-0.9899999999999984,-0.9857110862261984
2008-07-30,24.92,-0.5399999999999991,-0.5357110862261991
2008-07-31,22.94,-1.9800000000000004,-1.9757110862262004
2008-08-01,24.73,1.7899999999999991,1.7942889137737992
2008-08-04,25.42,0.6900000000000013,0.6942889137738013
2008-08-05,26.54,1.1199999999999974,1.1242889137737975
2008-08-06,25.67,-0.8699999999999974,-0.8657110862261974
2008-08-07,24.84,-0.8300000000000018,-0.8257110862262018
2008-08-08,26.56,1.7199999999999989,1.724288913773799
2008-08-11,31.79,5.23,5.2342889137738
2008-08-12,32.18,0.39000000000000057,0.39428891377380054
2008-08-13,28.78,-3.3999999999999986,-3.3957110862261985
2008-08-14,29.01,0.23000000000000043,0.23428891377380043
2008-08-15,32.58,3.5699999999999967,3.5742889137737968
2008-08-18,32.06,-0.519999999999996,-0.515711086226196
2008-08-19,30.89,-1.1700000000000017,-1.1657110862262017
2008-08-20,29.61,-1.2800000000000011,-1.275711086226201
2008-08-21,29.47,-0.14000000000000057,-0.13571108622620057
2008-08-22,28.12,-1.3499999999999979,-1.3457110862261978
2008-08-25,28.71,0.5899999999999999,0.5942889137737999
2008-08-26,28.55,-0.16000000000000014,-0.15571108622620014
2008-08-27,27.91,-0.6400000000000006,-0.6357110862262005
2008-08-28,27.5,-0.41000000000000014,-0.40571108622620017
2008-08-29,27.37,-0.129999999999999,-0.125711086226199
2008-09-02,29.52,2.1499999999999986,2.1542889137737986
2008-09-03,29.59,0.07000000000000028,0.07428891377380029
2008-09-04,29.79,0.1999999999999993,0.2042889137737993
2008-09-05,29.87,0.08000000000000185,0.08428891377380185
2008-09-08,30.9,1.0299999999999976,1.0342889137737976
2008-09-09,33.08,2.1799999999999997,2.1842889137737997
2008-09-10,33.96,0.8800000000000026,0.8842889137738026
2008-09-11,35.95,1.990000000000002,1.994288913773802
2008-09-12,35.08,-0.8700000000000045,-0.8657110862262045
2008-09-15,38.46,3.3800000000000026,3.3842889137738026
2008-09-16,40.18,1.7199999999999989,1.724288913773799
2008-09-17,50.36,10.18,10.1842889137738
2008-09-18,54.65,4.289999999999999,4.294288913773799
2008-09-19,47.26,-7.390000000000001,-7.385711086226201
2008-09-22,52.36,5.100000000000001,5.104288913773801
2008-09-23,49.03,-3.3299999999999983,-3.3257110862261983
2008-09-24,43.31,-5.719999999999999,-5.715711086226199
2008-09-25,43.94,0.6299999999999955,0.6342889137737955
2008-09-26,45.28,1.3400000000000034,1.3442889137738034
2008-09-29,50.57,5.289999999999999,5.294288913773799
2008-09-30,48.92,-1.6499999999999986,-1.6457110862261985
2008-10-01,47.2,-1.7199999999999989,-1.7157110862261988
2008-10-02,52.54,5.339999999999996,5.344288913773796
2008-10-03,50.05,-2.490000000000002,-2.485711086226202
2008-10-06,54.58,4.530000000000001,4.534288913773801
2008-10-07,51.51,-3.0700000000000003,-3.0657110862262003
2008-10-08,50.93,-0.5799999999999983,-0.5757110862261983
2008-10-09,52.46,1.5300000000000011,1.5342889137738012
2008-10-10,64.53,12.07,12.0742889137738
2008-10-13,61.23,-3.3000000000000043,-3.2957110862262042
2008-10-14,55.11,-6.119999999999997,-6.115711086226198
2008-10-15,55.8,0.6899999999999977,0.6942889137737978
2008-10-16,54.91,-0.8900000000000006,-0.8857110862262005
2008-10-17,55.32,0.4100000000000037,0.41428891377380367
2008-10-20,49.36,-5.960000000000001,-5.955711086226201
2008-10-21,47.95,-1.4099999999999966,-1.4057110862261966
2008-10-22,57.82,9.869999999999997,9.874288913773798
2008-10-23,54.21,-3.6099999999999994,-3.6057110862261994
2008-10-24,57.9,3.6899999999999977,3.6942889137737978
2008-10-27,59.43,1.5300000000000011,1.5342889137738012
2008-10-28,60.2,0.7700000000000031,0.7742889137738032
2008-10-29,59.65,-0.5500000000000043,-0.5457110862262042
2008-10-30,58.25,-1.3999999999999986,-1.3957110862261985
2008-10-31,55.61,-2.6400000000000006,-2.6357110862262005
2008-11-03,52.8,-2.8100000000000023,-2.8057110862262022
2008-11-04,50.56,-2.239999999999995,-2.235711086226195
2008-11-05,47.62,-2.940000000000005,-2.935711086226205
2008-11-06,46.71,-0.9099999999999966,-0.9057110862261966
2008-11-07,44.37,-2.3400000000000034,-2.3357110862262034
2008-11-10,44.79,0.4200000000000017,0.4242889137738017
2008-11-11,44.5,-0.28999999999999915,-0.2857110862261992
2008-11-12,45.65,1.1499999999999986,1.1542889137737986
2008-11-13,48.36,2.710000000000001,2.714288913773801
2008-11-14,50.31,1.9500000000000028,1.9542889137738029
2008-11-17,48.52,-1.7899999999999991,-1.7857110862261991
2008-11-18,46.22,-2.3000000000000043,-2.2957110862262042
2008-11-19,44.95,-1.269999999999996,-1.265711086226196
2008-11-20,46.02,1.0700000000000003,1.0742889137738003
2008-11-21,53.09,7.07,7.0742889137738
2008-11-24,54.34,1.25,1.2542889137738
2008-11-25,52.14,-2.200000000000003,-2.195711086226203
2008-11-26,49.74,-2.3999999999999986,-2.3957110862261985
2008-11-28,48.81,-0.9299999999999997,-0.9257110862261997
2008-12-01,49.86,1.0499999999999972,1.0542889137737972
2008-12-02,48.06,-1.7999999999999972,-1.7957110862261971
2008-12-03,47.22,-0.8400000000000034,-0.8357110862262034
2008-12-04,46.49,-0.7299999999999969,-0.7257110862261968
2008-12-05,46.24,-0.25,-0.2457110862262
2008-12-08,45.46,-0.7800000000000011,-0.7757110862262011
2008-12-09,44.4,-1.0600000000000023,-1.0557110862262022
2008-12-10,45.46,1.0600000000000023,1.0642889137738023
2008-12-11,46.49,1.0300000000000011,1.0342889137738012
2008-12-12,46.02,-0.46999999999999886,-0.4657110862261989
2008-12-15,48.54,2.519999999999996,2.524288913773796
2008-12-16,46.77,-1.769999999999996,-1.765711086226196
2008-12-17,46.92,0.14999999999999858,0.15428891377379858
2008-12-18,44.61,-2.3100000000000023,-2.3057110862262022
2008-12-19,42.33,-2.280000000000001,-2.275711086226201
2008-12-22,41.71,-0.6199999999999974,-0.6157110862261974
2008-12-23,39.71,-2.0,-1.9957110862262
2008-12-24,39.62,-0.09000000000000341,-0.08571108622620341
2008-12-26,41.93,2.3100000000000023,2.3142889137738023
2008-12-29,44.33,2.3999999999999986,2.4042889137737986
2008-12-30,43.61,-0.7199999999999989,-0.7157110862261988
2008-12-31,42.89,-0.7199999999999989,-0.7157110862261988
2009-01-02,41.86,-1.0300000000000011,-1.025711086226201
2009-01-05,40.31,-1.5499999999999972,-1.5457110862261971
2009-01-06,39.87,-0.44000000000000483,-0.43571108622620486
2009-01-07,39.72,-0.14999999999999858,-0.14571108622619858
2009-01-08,39.68,-0.03999999999999915,-0.035711086226199146
2009-01-09,37.82,-1.8599999999999994,-1.8557110862261994
2009-01-12,36.93,-0.8900000000000006,-0.8857110862262005
2009-01-13,35.24,-1.6899999999999977,-1.6857110862261977
2009-01-14,35.03,-0.21000000000000085,-0.20571108622620085
2009-01-15,35.25,0.21999999999999886,0.22428891377379886
2009-01-16,34.45,-0.7999999999999972,-0.7957110862261971
2009-01-20,37.81,3.3599999999999994,3.3642889137737995
2009-01-21,35.95,-1.8599999999999994,-1.8557110862261994
2009-01-22,35.18,-0.7700000000000031,-0.7657110862262031
2009-01-23,39.56,4.380000000000003,4.384288913773802
2009-01-26,40.27,0.7100000000000009,0.7142889137738009
2009-01-27,37.28,-2.990000000000002,-2.985711086226202
2009-01-28,37.77,0.490000000000002,0.49428891377380196
2009-01-29,38.7,0.9299999999999997,0.9342889137737997
2009-01-30,39.9,1.1999999999999957,1.2042889137737958
2009-02-02,40.17,0.2700000000000031,0.2742889137738031
2009-02-03,39.2,-0.9699999999999989,-0.9657110862261988
2009-02-04,38.81,-0.39000000000000057,-0.3857110862262006
2009-02-05,38.56,-0.25,-0.2457110862262
2009-02-06,37.9,-0.6600000000000037,-0.6557110862262037
2009-02-09,37.24,-0.6599999999999966,-0.6557110862261966
2009-02-10,37.04,-0.20000000000000284,-0.19571108622620284
2009-02-11,39.18,2.1400000000000006,2.1442889137738006
2009-02-12,39.5,0.3200000000000003,0.32428891377380026
2009-02-13,37.51,-1.990000000000002,-1.985711086226202
2009-02-17,42.83,5.32,5.3242889137738
2009-02-18,43.09,0.2600000000000051,0.2642889137738051
2009-02-19,39.21,-3.8800000000000026,-3.8757110862262025
2009-02-20,40.73,1.519999999999996,1.524288913773796
2009-02-23,42.23,1.5,1.5042889137738
2009-02-24,40.87,-1.3599999999999994,-1.3557110862261994
2009-02-25,41.15,0.28000000000000114,0.2842889137738011
2009-02-26,39.95,-1.1999999999999957,-1.1957110862261957
2009-02-27,39.06,-0.8900000000000006,-0.8857110862262005
2009-03-02,41.41,2.3499999999999943,2.3542889137737943
2009-03-03,38.27,-3.1399999999999935,-3.1357110862261934
2009-03-04,37.05,-1.220000000000006,-1.215711086226206
2009-03-05,37.8,0.75,0.7542889137738
2009-03-06,38.9,1.1000000000000014,1.1042889137738015
2009-03-09,37.71,-1.1899999999999977,-1.1857110862261977
2009-03-10,35.95,-1.759999999999998,-1.755711086226198
2009-03-11,35.58,-0.37000000000000455,-0.3657110862262046
2009-03-12,33.85,-1.7299999999999969,-1.7257110862261968
2009-03-13,33.65,-0.20000000000000284,-0.19571108622620284
2009-03-16,35.27,1.6200000000000045,1.6242889137738046
2009-03-17,22.58,-12.690000000000005,-12.685711086226204
2009-03-18,25.69,3.110000000000003,3.114288913773803
2009-03-19,41.52,15.830000000000002,15.834288913773802
2009-03-20,38.9,-2.6200000000000045,-2.6157110862262045
2009-03-23,29.76,-9.139999999999997,-9.135711086226197
2009-03-24,36.28,6.52,6.524288913773799
2009-03-25,36.28,0.0,0.0042889137738
2009-03-26,35.19,-1.0900000000000034,-1.0857110862262034
2009-03-27,33.25,-1.9399999999999977,-1.9357110862261977
2009-03-30,33.62,0.36999999999999744,0.3742889137737974
2009-03-31,31.39,-2.229999999999997,-2.225711086226197
2009-04-01,32.33,0.9399999999999977,0.9442889137737978
2009-04-02,34.39,2.0600000000000023,2.0642889137738023
2009-04-03,36.42,2.030000000000001,2.034288913773801
2009-04-06,32.95,-3.469999999999999,-3.465711086226199
2009-04-07,32.07,-0.8800000000000026,-0.8757110862262025
2009-04-08,30.42,-1.6499999999999986,-1.6457110862261985
2009-04-09,28.0,-2.4200000000000017,-2.4157110862262017
2009-04-13,29.09,1.0899999999999999,1.0942889137737999
2009-04-14,28.88,-0.21000000000000085,-0.20571108622620085
2009-04-15,27.47,-1.4100000000000001,-1.4057110862262001
2009-04-16,27.42,-0.04999999999999716,-0.045711086226197156
2009-04-17,27.41,-0.010000000000001563,-0.005711086226201563
2009-04-20,28.45,1.0399999999999991,1.0442889137737992
2009-04-21,29.0,0.5500000000000007,0.5542889137738007
2009-04-22,28.67,-0.3299999999999983,-0.3257110862261983
2009-04-23,29.92,1.25,1.2542889137738
2009-04-24,30.08,0.1599999999999966,0.1642889137737966
2009-04-27,30.24,0.16000000000000014,0.16428891377380014
2009-04-28,28.53,-1.7099999999999973,-1.7057110862261973
2009-04-29,27.98,-0.5500000000000007,-0.5457110862262007
2009-04-30,26.7,-1.2800000000000011,-1.275711086226201
2009-05-01,26.44,-0.259999999999998,-0.25571108622619804
2009-05-04,28.26,1.8200000000000003,1.8242889137738003
2009-05-05,27.49,-0.7700000000000031,-0.7657110862262031
2009-05-06,26.77,-0.7199999999999989,-0.7157110862261988
2009-05-07,26.75,-0.019999999999999574,-0.015711086226199572
2009-05-08,25.93,-0.8200000000000003,-0.8157110862262003
2009-05-11,23.6,-2.3299999999999983,-2.3257110862261983
2009-05-12,23.8,0.1999999999999993,0.2042889137737993
2009-05-13,25.41,1.6099999999999994,1.6142889137737995
2009-05-14,23.08,-2.330000000000002,-2.325711086226202
2009-05-15,22.6,-0.4799999999999969,-0.4757110862261969
2009-05-18,22.46,-0.14000000000000057,-0.13571108622620057
2009-05-19,22.41,-0.05000000000000071,-0.04571108622620071
2009-05-20,24.74,2.3299999999999983,2.3342889137737983
2009-05-21,27.94,3.200000000000003,3.204288913773803
2009-05-22,28.34,0.3999999999999986,0.40428891377379855
2009-05-26,26.33,-2.0100000000000016,-2.0057110862262015
2009-05-27,25.82,-0.509999999999998,-0.505711086226198
2009-05-28,26.7,0.879999999999999,0.884288913773799
2009-05-29,28.44,1.740000000000002,1.744288913773802
2009-06-01,29.5,1.0599999999999987,1.0642889137737988
2009-06-02,28.69,-0.8099999999999987,-0.8057110862261987
2009-06-03,27.64,-1.0500000000000007,-1.0457110862262007
2009-06-04,28.16,0.5199999999999996,0.5242889137737996
2009-06-05,26.82,-1.3399999999999999,-1.3357110862261998
2009-06-08,27.09,0.2699999999999996,0.27428891377379955
2009-06-09,25.03,-2.0599999999999987,-2.0557110862261987
2009-06-10,24.78,-0.25,-0.2457110862262
2009-06-11,24.44,-0.33999999999999986,-0.3357110862261999
2009-06-12,24.79,0.34999999999999787,0.35428891377379784
2009-06-15,25.31,0.5199999999999996,0.5242889137737996
2009-06-16,23.12,-2.1899999999999977,-2.1857110862261977
2009-06-17,22.8,-0.3200000000000003,-0.3157110862262003
2009-06-18,22.43,-0.370000000000001,-0.365711086226201
2009-06-19,21.64,-0.7899999999999991,-0.7857110862261991
2009-06-22,22.1,0.46000000000000085,0.4642889137738008
2009-06-23,21.93,-0.1700000000000017,-0.1657110862262017
2009-06-24,22.74,0.8099999999999987,0.8142889137737988
2009-06-25,22.72,-0.019999999999999574,-0.015711086226199572
2009-06-26,21.97,-0.75,-0.7457110862262
2009-06-29,21.72,-0.25,-0.2457110862262
2009-06-30,20.9,-0.8200000000000003,-0.8157110862262003
2009-07-01,20.29,-0.6099999999999994,-0.6057110862261994
2009-07-02,19.93,-0.35999999999999943,-0.35571108622619946
2009-07-06,20.6,0.6700000000000017,0.6742889137738017
2009-07-07,20.71,0.10999999999999943,0.11428891377379943
2009-07-08,23.58,2.8699999999999974,2.8742889137737975
2009-07-09,21.02,-2.5599999999999987,-2.5557110862261987
2009-07-10,20.79,-0.23000000000000043,-0.22571108622620042
2009-07-13,19.27,-1.5199999999999996,-1.5157110862261995
2009-07-14,18.8,-0.46999999999999886,-0.4657110862261989
2009-07-15,19.36,0.5599999999999987,0.5642889137737988
2009-07-16,18.26,-1.0999999999999979,-1.0957110862261978
2009-07-17,18.1,-0.16000000000000014,-0.15571108622620014
2009-07-20,18.55,0.4499999999999993,0.45428891377379926
2009-07-21,18.05,-0.5,-0.4957110862262
2009-07-22,17.46,-0.5899999999999999,-0.5857110862261998
2009-07-23,18.44,0.9800000000000004,0.9842889137738005
2009-07-24,18.04,-0.40000000000000213,-0.39571108622620216
2009-07-27,18.72,0.6799999999999997,0.6842889137737997
2009-07-28,19.26,0.5400000000000027,0.5442889137738027
2009-07-29,19.39,0.129999999999999,0.134288913773799
2009-07-30,18.85,-0.5399999999999991,-0.5357110862261991
2009-07-31,20.51,1.6600000000000001,1.6642889137738002
2009-08-03,21.11,0.5999999999999979,0.6042889137737979
2009-08-04,23.58,2.469999999999999,2.474288913773799
2009-08-05,22.12,-1.4599999999999973,-1.4557110862261973
2009-08-06,21.13,-0.990000000000002,-0.985711086226202
2009-08-07,20.95,-0.17999999999999972,-0.17571108622619971
2009-08-10,20.33,-0.620000000000001,-0.615711086226201
2009-08-11,19.61,-0.7199999999999989,-0.7157110862261988
2009-08-12,19.83,0.21999999999999886,0.22428891377379886
2009-08-13,19.97,0.14000000000000057,0.14428891377380057
2009-08-14,19.56,-0.41000000000000014,-0.40571108622620017
2009-08-17,19.83,0.2699999999999996,0.27428891377379955
2009-08-18,18.93,-0.8999999999999986,-0.8957110862261985
2009-08-19,19.38,0.4499999999999993,0.45428891377379926
2009-08-20,18.12,-1.259999999999998,-1.255711086226198
2009-08-21,19.11,0.9899999999999984,0.9942889137737985
2009-08-24,19.65,0.5399999999999991,0.5442889137737992
2009-08-25,19.56,-0.08999999999999986,-0.08571108622619986
2009-08-26,19.6,0.0400000000000027,0.0442889137738027
2009-08-27,19.52,-0.08000000000000185,-0.07571108622620185
2009-08-28,19.32,-0.1999999999999993,-0.1957110862261993
2009-08-31,20.43,1.1099999999999994,1.1142889137737995
2009-09-01,21.4,0.9699999999999989,0.9742889137737989
2009-09-02,25.58,4.18,4.184288913773799
2009-09-03,28.86,3.280000000000001,3.284288913773801
2009-09-04,27.23,-1.629999999999999,-1.625711086226199
2009-09-08,26.97,-0.26000000000000156,-0.2557110862262016
2009-09-09,24.71,-2.259999999999998,-2.255711086226198
2009-09-10,24.22,-0.490000000000002,-0.485711086226202
2009-09-11,25.67,1.4500000000000028,1.4542889137738029
2009-09-14,24.78,-0.8900000000000006,-0.8857110862262005
2009-09-15,24.43,-0.3500000000000014,-0.34571108622620145
2009-09-16,25.09,0.6600000000000001,0.6642889137738002
2009-09-17,23.53,-1.5599999999999987,-1.5557110862261987
2009-09-18,22.62,-0.9100000000000001,-0.9057110862262001
2009-09-21,23.22,0.5999999999999979,0.6042889137737979
2009-09-22,24.53,1.3100000000000023,1.3142889137738023
2009-09-23,23.98,-0.5500000000000007,-0.5457110862262007
2009-09-24,22.0,-1.9800000000000004,-1.9757110862262004
2009-09-25,21.79,-0.21000000000000085,-0.20571108622620085
2009-09-28,20.4,-1.3900000000000006,-1.3857110862262005
2009-09-29,20.45,0.05000000000000071,0.05428891377380071
2009-09-30,21.54,1.0899999999999999,1.0942889137737999
2009-10-01,21.46,-0.0799999999999983,-0.0757110862261983
2009-10-02,21.38,-0.08000000000000185,-0.07571108622620185
2009-10-05,22.78,1.4000000000000021,1.4042889137738022
2009-10-06,25.36,2.5799999999999983,2.5842889137737983
2009-10-07,24.01,-1.3499999999999979,-1.3457110862261978
2009-10-08,24.88,0.8699999999999974,0.8742889137737975
2009-10-09,23.19,-1.6899999999999977,-1.6857110862261977
2009-10-12,22.47,-0.7200000000000024,-0.7157110862262024
2009-10-13,22.34,-0.129999999999999,-0.125711086226199
2009-10-14,20.57,-1.7699999999999996,-1.7657110862261995
2009-10-15,20.35,-0.21999999999999886,-0.21571108622619886
2009-10-16,20.76,0.41000000000000014,0.4142889137738001
2009-10-19,20.9,0.13999999999999702,0.14428891377379702
2009-10-20,20.09,-0.8099999999999987,-0.8057110862261987
2009-10-21,21.53,1.4400000000000013,1.4442889137738013
2009-10-22,19.75,-1.7800000000000011,-1.775711086226201
2009-10-23,19.98,0.23000000000000043,0.23428891377380043
2009-10-26,20.87,0.8900000000000006,0.8942889137738006
2009-10-27,20.52,-0.3500000000000014,-0.34571108622620145
2009-10-28,21.19,0.6700000000000017,0.6742889137738017
2009-10-29,20.72,-0.4700000000000024,-0.46571108622620244
2009-10-30,21.2,0.4800000000000004,0.4842889137738004
2009-11-02,22.3,1.1000000000000014,1.1042889137738015
2009-11-03,25.25,2.9499999999999993,2.9542889137737993
2009-11-04,25.13,-0.120000000000001,-0.115711086226201
2009-11-05,22.76,-2.3699999999999974,-2.3657110862261974
2009-11-06,21.45,-1.3100000000000023,-1.3057110862262022
2009-11-09,21.92,0.4700000000000024,0.4742889137738024
2009-11-10,22.04,0.11999999999999744,0.12428891377379744
2009-11-11,22.45,0.41000000000000014,0.4142889137738001
2009-11-12,23.06,0.6099999999999994,0.6142889137737995
2009-11-13,21.9,-1.1600000000000001,-1.1557110862262001
2009-11-16,24.34,2.4400000000000013,2.4442889137738013
2009-11-17,23.03,-1.3099999999999987,-1.3057110862261987
2009-11-18,24.1,1.0700000000000003,1.0742889137738003
2009-11-19,23.96,-0.14000000000000057,-0.13571108622620057
2009-11-20,24.65,0.6899999999999977,0.6942889137737978
2009-11-23,25.64,0.990000000000002,0.994288913773802
2009-11-24,23.56,-2.080000000000002,-2.075711086226202
2009-11-25,25.39,1.8300000000000018,1.8342889137738019
2009-11-27,27.14,1.75,1.7542889137738
2009-11-30,26.27,-0.870000000000001,-0.865711086226201
2009-12-01,26.69,0.4200000000000017,0.4242889137738017
2009-12-02,26.74,0.04999999999999716,0.05428891377379716
2009-12-03,26.81,0.07000000000000028,0.07428891377380029
2009-12-04,29.82,3.0100000000000016,3.0142889137738016
2009-12-07,29.12,-0.6999999999999993,-0.6957110862261993
2009-12-08,29.2,0.0799999999999983,0.0842889137737983
2009-12-09,28.99,-0.21000000000000085,-0.20571108622620085
2009-12-10,27.86,-1.129999999999999,-1.125711086226199
2009-12-11,27.82,-0.03999999999999915,-0.035711086226199146
2009-12-14,25.48,-2.34,-2.3357110862262
2009-12-15,26.05,0.5700000000000003,0.5742889137738003
2009-12-16,24.9,-1.1500000000000021,-1.145711086226202
2009-12-17,27.16,2.2600000000000016,2.2642889137738016
2009-12-18,26.59,-0.5700000000000003,-0.5657110862262003
2009-12-21,25.88,-0.7100000000000009,-0.7057110862262008
2009-12-22,25.22,-0.6600000000000001,-0.6557110862262001
2009-12-23,23.36,-1.8599999999999994,-1.8557110862261994
2009-12-24,23.1,-0.259999999999998,-0.25571108622619804
2009-12-28,26.02,2.919999999999998,2.924288913773798
2009-12-29,24.85,-1.1699999999999982,-1.1657110862261981
2009-12-30,24.53,-0.3200000000000003,-0.3157110862262003
2009-12-31,23.71,-0.8200000000000003,-0.8157110862262003
2010-01-04,24.59,0.879999999999999,0.884288913773799
2010-01-05,23.34,-1.25,-1.2457110862262
2010-01-06,23.9,0.5599999999999987,0.5642889137737988
2010-01-07,23.32,-0.5799999999999983,-0.5757110862261983
2010-01-08,22.04,-1.2800000000000011,-1.275711086226201
2010-01-11,20.97,-1.0700000000000003,-1.0657110862262003
2010-01-12,21.97,1.0,1.0042889137738
2010-01-13,20.63,-1.3399999999999999,-1.3357110862261998
2010-01-14,21.34,0.7100000000000009,0.7142889137738009
2010-01-15,21.48,0.14000000000000057,0.14428891377380057
2010-01-19,21.31,-0.1700000000000017,-0.1657110862262017
2010-01-20,22.85,1.5400000000000027,1.5442889137738027
2010-01-21,24.82,1.9699999999999989,1.974288913773799
2010-01-22,26.01,1.1900000000000013,1.1942889137738013
2010-01-25,24.73,-1.2800000000000011,-1.275711086226201
2010-01-26,24.35,-0.379999999999999,-0.37571108622619903
2010-01-27,24.08,-0.2700000000000031,-0.26571108622620315
2010-01-28,23.35,-0.7299999999999969,-0.7257110862261968
2010-01-29,23.87,0.5199999999999996,0.5242889137737996
2010-02-01,23.84,-0.030000000000001137,-0.025711086226201135
2010-02-02,22.75,-1.0899999999999999,-1.0857110862261998
2010-02-03,22.09,-0.6600000000000001,-0.6557110862262001
2010-02-04,27.19,5.100000000000001,5.104288913773801
2010-02-05,27.59,0.3999999999999986,0.40428891377379855
2010-02-08,26.88,-0.7100000000000009,-0.7057110862262008
2010-02-09,25.45,-1.4299999999999997,-1.4257110862261997
2010-02-10,26.02,0.5700000000000003,0.5742889137738003
2010-02-11,25.48,-0.5399999999999991,-0.5357110862261991
2010-02-12,24.29,-1.1900000000000013,-1.1857110862262012
2010-02-16,25.38,1.0899999999999999,1.0942889137737999
2010-02-17,24.88,-0.5,-0.4957110862262
2010-02-18,24.0,-0.879999999999999,-0.875711086226199
2010-02-19,24.05,0.05000000000000071,0.05428891377380071
2010-02-22,23.53,-0.5199999999999996,-0.5157110862261995
2010-02-23,23.89,0.35999999999999943,0.3642889137737994
2010-02-24,22.68,-1.2100000000000009,-1.2057110862262008
2010-02-25,21.85,-0.8299999999999983,-0.8257110862261983
2010-02-26,21.31,-0.5400000000000027,-0.5357110862262027
2010-03-01,21.13,-0.17999999999999972,-0.17571108622619971
2010-03-02,21.76,0.6300000000000026,0.6342889137738026
2010-03-03,21.37,-0.39000000000000057,-0.3857110862262006
2010-03-04,20.06,-1.3100000000000023,-1.3057110862262022
2010-03-05,19.29,-0.7699999999999996,-0.7657110862261995
2010-03-08,19.89,0.6000000000000014,0.6042889137738015
2010-03-09,19.88,-0.010000000000001563,-0.005711086226201563
2010-03-10,20.93,1.0500000000000007,1.0542889137738007
2010-03-11,20.19,-0.7399999999999984,-0.7357110862261984
2010-03-12,20.16,-0.030000000000001137,-0.025711086226201135
2010-03-15,20.9,0.7399999999999984,0.7442889137737985
2010-03-16,20.32,-0.5799999999999983,-0.5757110862261983
2010-03-17,19.8,-0.5199999999999996,-0.5157110862261995
2010-03-18,19.23,-0.5700000000000003,-0.5657110862262003
2010-03-19,19.71,0.4800000000000004,0.4842889137738004
2010-03-22,19.06,-0.6500000000000021,-0.6457110862262021
2010-03-23,18.52,-0.5399999999999991,-0.5357110862261991
2010-03-24,20.81,2.289999999999999,2.294288913773799
2010-03-25,20.27,-0.5399999999999991,-0.5357110862261991
2010-03-26,19.73,-0.5399999999999991,-0.5357110862261991
2010-03-29,19.07,-0.6600000000000001,-0.6557110862262001
2010-03-30,18.16,-0.9100000000000001,-0.9057110862262001
2010-03-31,18.14,-0.019999999999999574,-0.015711086226199572
2010-04-01,17.49,-0.6500000000000021,-0.6457110862262021
2010-04-05,18.06,0.5700000000000003,0.5742889137738003
2010-04-06,17.93,-0.129999999999999,-0.125711086226199
2010-04-07,19.13,1.1999999999999993,1.2042889137737993
2010-04-08,18.86,-0.2699999999999996,-0.2657110862261996
2010-04-09,19.4,0.5399999999999991,0.5442889137737992
2010-04-12,18.27,-1.129999999999999,-1.125711086226199
2010-04-13,17.51,-0.759999999999998,-0.755711086226198
2010-04-14,17.31,-0.20000000000000284,-0.19571108622620284
2010-04-15,17.44,0.13000000000000256,0.13428891377380256
2010-04-16,18.85,1.4100000000000001,1.4142889137738002
2010-04-19,18.94,0.08999999999999986,0.09428891377379986
2010-04-20,17.69,-1.25,-1.2457110862262
2010-04-21,17.8,0.10999999999999943,0.11428891377379943
2010-04-22,17.77,-0.030000000000001137,-0.025711086226201135
2010-04-23,17.9,0.129999999999999,0.134288913773799
2010-04-26,17.73,-0.16999999999999815,-0.16571108622619815
2010-04-27,20.9,3.169999999999998,3.174288913773798
2010-04-28,20.13,-0.7699999999999996,-0.7657110862261995
2010-04-29,19.35,-0.7799999999999976,-0.7757110862261976
2010-04-30,20.42,1.0700000000000003,1.0742889137738003
2010-05-03,20.93,0.509999999999998,0.514288913773798
2010-05-04,21.71,0.7800000000000011,0.7842889137738012
2010-05-05,21.79,0.0799999999999983,0.0842889137737983
2010-05-06,26.31,4.52,4.524288913773799
2010-05-07,26.24,-0.07000000000000028,-0.06571108622620028
2010-05-10,24.35,-1.889999999999997,-1.885711086226197
2010-05-11,25.96,1.6099999999999994,1.6142889137737995
2010-05-12,25.34,-0.620000000000001,-0.615711086226201
2010-05-13,24.41,-0.9299999999999997,-0.9257110862261997
2010-05-14,26.21,1.8000000000000007,1.8042889137738007
2010-05-17,26.46,0.25,0.2542889137738
2010-05-18,26.25,-0.21000000000000085,-0.20571108622620085
2010-05-19,27.05,0.8000000000000007,0.8042889137738007
2010-05-20,30.73,3.6799999999999997,3.6842889137737997
2010-05-21,27.78,-2.9499999999999993,-2.9457110862261993
2010-05-24,25.72,-2.0600000000000023,-2.0557110862262022
2010-05-25,25.72,0.0,0.0042889137738
2010-05-26,24.74,-0.9800000000000004,-0.9757110862262004
2010-05-27,23.0,-1.7399999999999984,-1.7357110862261984
2010-05-28,22.28,-0.7199999999999989,-0.7157110862261988
2010-06-01,23.15,0.8699999999999974,0.8742889137737975
2010-06-02,21.55,-1.5999999999999979,-1.5957110862261978
2010-06-03,21.7,0.14999999999999858,0.15428891377379858
2010-06-04,23.15,1.4499999999999993,1.4542889137737993
2010-06-07,24.95,1.8000000000000007,1.8042889137738007
2010-06-08,24.98,0.030000000000001137,0.03428891377380114
2010-06-09,24.58,-0.40000000000000213,-0.39571108622620216
2010-06-10,23.29,-1.2899999999999991,-1.2857110862261991
2010-06-11,21.62,-1.6699999999999982,-1.6657110862261981
2010-06-14,21.79,0.16999999999999815,0.17428891377379815
2010-06-15,21.26,-0.5299999999999976,-0.5257110862261976
2010-06-16,20.85,-0.41000000000000014,-0.40571108622620017
2010-06-17,22.78,1.9299999999999997,1.9342889137737997
2010-06-18,22.04,-0.740000000000002,-0.735711086226202
2010-06-21,22.25,0.21000000000000085,0.21428891377380085
2010-06-22,22.37,0.120000000000001,0.124288913773801
2010-06-23,22.38,0.00999999999999801,0.01428891377379801
2010-06-24,22.27,-0.10999999999999943,-0.10571108622619943
2010-06-25,22.06,-0.21000000000000085,-0.20571108622620085
2010-06-28,22.8,0.740000000000002,0.744288913773802
2010-06-29,24.07,1.2699999999999996,1.2742889137737996
2010-06-30,23.46,-0.6099999999999994,-0.6057110862261994
2010-07-01,25.13,1.6699999999999982,1.6742889137737982
2010-07-02,22.95,-2.1799999999999997,-2.1757110862261997
2010-07-06,23.7,0.75,0.7542889137738
2010-07-07,22.0,-1.6999999999999993,-1.6957110862261993
2010-07-08,20.26,-1.7399999999999984,-1.7357110862261984
2010-07-09,19.68,-0.5800000000000018,-0.5757110862262018
2010-07-12,18.51,-1.1699999999999982,-1.1657110862261981
2010-07-13,18.99,0.4799999999999969,0.48428891377379685
2010-07-14,18.24,-0.75,-0.7457110862262
2010-07-15,17.18,-1.0599999999999987,-1.0557110862261987
2010-07-16,20.13,2.9499999999999993,2.9542889137737993
2010-07-19,20.31,0.17999999999999972,0.18428891377379972
2010-07-20,20.41,0.10000000000000142,0.10428891377380142
2010-07-21,20.5,0.08999999999999986,0.09428891377379986
2010-07-22,19.81,-0.6900000000000013,-0.6857110862262012
2010-07-23,20.28,0.4700000000000024,0.4742889137738024
2010-07-26,20.98,0.6999999999999993,0.7042889137737993
2010-07-27,22.12,1.1400000000000006,1.1442889137738006
2010-07-28,21.29,-0.8300000000000018,-0.8257110862262018
2010-07-29,19.74,-1.5500000000000007,-1.5457110862262007
2010-07-30,18.86,-0.879999999999999,-0.875711086226199
2010-08-02,18.79,-0.07000000000000028,-0.06571108622620028
2010-08-03,18.42,-0.36999999999999744,-0.36571108622619747
2010-08-04,18.11,-0.3100000000000023,-0.3057110862262023
2010-08-05,18.0,-0.10999999999999943,-0.10571108622619943
2010-08-06,17.82,-0.17999999999999972,-0.17571108622619971
2010-08-09,17.61,-0.21000000000000085,-0.20571108622620085
2010-08-10,18.11,0.5,0.5042889137738
2010-08-11,19.0,0.8900000000000006,0.8942889137738006
2010-08-12,18.74,-0.26000000000000156,-0.2557110862262016
2010-08-13,18.37,-0.36999999999999744,-0.36571108622619747
2010-08-16,18.5,0.129999999999999,0.134288913773799
2010-08-17,17.37,-1.129999999999999,-1.125711086226199
2010-08-18,17.79,0.41999999999999815,0.4242889137737981
2010-08-19,18.14,0.3500000000000014,0.3542889137738014
2010-08-20,18.87,0.7300000000000004,0.7342889137738005
2010-08-23,18.42,-0.4499999999999993,-0.4457110862261993
2010-08-24,19.11,0.6899999999999977,0.6942889137737978
2010-08-25,19.6,0.490000000000002,0.49428891377380196
2010-08-26,18.81,-0.7900000000000027,-0.7857110862262027
2010-08-27,18.39,-0.41999999999999815,-0.4157110862261982
2010-08-30,18.52,0.129999999999999,0.134288913773799
2010-08-31,19.39,0.870000000000001,0.874288913773801
2010-09-01,17.98,-1.4100000000000001,-1.4057110862262001
2010-09-02,17.83,-0.15000000000000213,-0.14571108622620213
2010-09-03,17.51,-0.31999999999999673,-0.31571108622619676
2010-09-07,17.77,0.259999999999998,0.264288913773798
2010-09-08,17.88,0.10999999999999943,0.11428891377379943
2010-09-09,17.41,-0.46999999999999886,-0.4657110862261989
2010-09-10,17.3,-0.10999999999999943,-0.10571108622619943
2010-09-13,16.69,-0.6099999999999994,-0.6057110862261994
2010-09-14,18.24,1.5499999999999972,1.5542889137737972
2010-09-15,17.56,-0.6799999999999997,-0.6757110862261997
2010-09-16,18.26,0.7000000000000028,0.7042889137738029
2010-09-17,18.08,-0.18000000000000327,-0.17571108622620327
2010-09-20,17.92,-0.1599999999999966,-0.1557110862261966
2010-09-21,17.94,0.019999999999999574,0.024288913773799575
2010-09-22,17.36,-0.5800000000000018,-0.5757110862262018
2010-09-23,17.56,0.1999999999999993,0.2042889137737993
2010-09-24,17.81,0.25,0.2542889137738
2010-09-27,18.22,0.41000000000000014,0.4142889137738001
2010-09-28,18.2,-0.019999999999999574,-0.015711086226199572
2010-09-29,18.65,0.4499999999999993,0.45428891377379926
2010-09-30,18.65,0.0,0.0042889137738
2010-10-01,18.41,-0.23999999999999844,-0.23571108622619844
2010-10-04,18.88,0.46999999999999886,0.47428891377379884
2010-10-05,19.58,0.6999999999999993,0.7042889137737993
2010-10-06,19.84,0.26000000000000156,0.26428891377380154
2010-10-07,21.43,1.5899999999999999,1.5942889137737999
2010-10-08,20.65,-0.7800000000000011,-0.7757110862262011
2010-10-11,20.13,-0.5199999999999996,-0.5157110862261995
2010-10-12,20.01,-0.11999999999999744,-0.11571108622619744
2010-10-13,20.85,0.8399999999999999,0.8442889137737999
2010-10-14,22.61,1.759999999999998,1.764288913773798
2010-10-15,21.05,-1.5599999999999987,-1.5557110862261987
2010-10-18,20.89,-0.16000000000000014,-0.15571108622620014
2010-10-19,21.16,0.2699999999999996,0.27428891377379955
2010-10-20,20.51,-0.6499999999999986,-0.6457110862261985
2010-10-21,21.11,0.5999999999999979,0.6042889137737979
2010-10-22,20.45,-0.6600000000000001,-0.6557110862262001
2010-10-25,20.06,-0.39000000000000057,-0.3857110862262006
2010-10-26,20.16,0.10000000000000142,0.10428891377380142
2010-10-27,20.42,0.26000000000000156,0.26428891377380154
2010-10-28,20.81,0.389999999999997,0.394288913773797
2010-10-29,21.24,0.4299999999999997,0.4342889137737997
2010-11-01,22.45,1.2100000000000009,1.2142889137738009
2010-11-02,21.87,-0.5799999999999983,-0.5757110862261983
2010-11-03,20.68,-1.1900000000000013,-1.1857110862262012
2010-11-04,21.48,0.8000000000000007,0.8042889137738007
2010-11-05,21.06,-0.4200000000000017,-0.41571108622620173
2010-11-08,22.38,1.3200000000000003,1.3242889137738003
2010-11-09,24.65,2.2699999999999996,2.2742889137737996
2010-11-10,24.02,-0.629999999999999,-0.625711086226199
2010-11-11,23.22,-0.8000000000000007,-0.7957110862262007
2010-11-12,23.67,0.45000000000000284,0.4542889137738028
2010-11-15,23.32,-0.3500000000000014,-0.34571108622620145
2010-11-16,23.56,0.23999999999999844,0.24428891377379844
2010-11-17,22.09,-1.4699999999999989,-1.4657110862261988
2010-11-18,21.31,-0.7800000000000011,-0.7757110862262011
2010-11-19,20.13,-1.1799999999999997,-1.1757110862261997
2010-11-22,20.23,0.10000000000000142,0.10428891377380142
2010-11-23,21.33,1.0999999999999979,1.104288913773798
2010-11-24,20.59,-0.7399999999999984,-0.7357110862261984
2010-11-26,15.92,-4.67,-4.6657110862262
2010-11-29,21.51,5.590000000000002,5.594288913773801
2010-11-30,22.61,1.0999999999999979,1.104288913773798
2010-12-01,22.64,0.030000000000001137,0.03428891377380114
2010-12-02,21.69,-0.9499999999999993,-0.9457110862261993
2010-12-03,20.95,-0.740000000000002,-0.735711086226202
2010-12-06,20.74,-0.21000000000000085,-0.20571108622620085
2010-12-07,20.97,0.23000000000000043,0.23428891377380043
2010-12-08,21.13,0.16000000000000014,0.16428891377380014
2010-12-09,20.04,-1.0899999999999999,-1.0857110862261998
2010-12-10,19.63,-0.41000000000000014,-0.40571108622620017
2010-12-13,17.35,-2.2799999999999976,-2.2757110862261976
2010-12-14,16.77,-0.5800000000000018,-0.5757110862262018
2010-12-15,16.87,0.10000000000000142,0.10428891377380142
2010-12-16,17.31,0.4399999999999977,0.4442889137737977
2010-12-17,16.41,-0.8999999999999986,-0.8957110862261985
2010-12-20,16.3,-0.10999999999999943,-0.10571108622619943
2010-12-21,16.66,0.35999999999999943,0.3642889137737994
2010-12-22,16.32,-0.33999999999999986,-0.3357110862261999
2010-12-23,16.23,-0.08999999999999986,-0.08571108622619986
2010-12-27,17.31,1.0799999999999983,1.0842889137737983
2010-12-28,18.7,1.3900000000000006,1.3942889137738006
2010-12-29,19.54,0.8399999999999999,0.8442889137737999
2010-12-30,19.67,0.13000000000000256,0.13428891377380256
2010-12-31,19.53,-0.14000000000000057,-0.13571108622620057
2011-01-03,18.95,-0.5800000000000018,-0.5757110862262018
2011-01-04,18.84,-0.10999999999999943,-0.10571108622619943
2011-01-05,18.83,-0.010000000000001563,-0.005711086226201563
2011-01-06,19.24,0.41000000000000014,0.4142889137738001
2011-01-07,18.5,-0.7399999999999984,-0.7357110862261984
2011-01-10,18.32,-0.17999999999999972,-0.17571108622619971
2011-01-11,17.52,-0.8000000000000007,-0.7957110862262007
2011-01-12,16.92,-0.5999999999999979,-0.5957110862261978
2011-01-13,18.46,1.5399999999999991,1.5442889137737992
2011-01-14,18.72,0.259999999999998,0.264288913773798
2011-01-18,17.66,-1.0599999999999987,-1.0557110862261987
2011-01-19,17.95,0.28999999999999915,0.2942889137737991
2011-01-20,18.53,0.5800000000000018,0.5842889137738019
2011-01-21,19.06,0.5299999999999976,0.5342889137737976
2011-01-24,18.99,-0.07000000000000028,-0.06571108622620028
2011-01-25,18.73,-0.259999999999998,-0.25571108622619804
2011-01-26,18.86,0.129999999999999,0.134288913773799
2011-01-27,18.87,0.010000000000001563,0.014288913773801563
2011-01-28,18.65,-0.22000000000000242,-0.21571108622620241
2011-01-31,18.33,-0.3200000000000003,-0.3157110862262003
2011-02-01,17.7,-0.629999999999999,-0.625711086226199
2011-02-02,17.22,-0.4800000000000004,-0.47571108622620045
2011-02-03,17.74,0.5199999999999996,0.5242889137737996
2011-02-04,17.0,-0.7399999999999984,-0.7357110862261984
2011-02-07,16.14,-0.8599999999999994,-0.8557110862261994
2011-02-08,15.61,-0.5300000000000011,-0.5257110862262011
2011-02-09,15.84,0.23000000000000043,0.23428891377380043
2011-02-10,15.49,-0.34999999999999964,-0.34571108622619967
2011-02-11,15.87,0.379999999999999,0.384288913773799
2011-02-14,15.56,-0.3099999999999987,-0.30571108622619875
2011-02-15,15.23,-0.33000000000000007,-0.3257110862262001
2011-02-16,15.13,-0.09999999999999964,-0.09571108622619964
2011-02-17,15.3,0.16999999999999993,0.17428891377379993
2011-02-18,16.17,0.870000000000001,0.874288913773801
2011-02-22,16.83,0.6599999999999966,0.6642889137737966
2011-02-23,18.02,1.1900000000000013,1.1942889137738013
2011-02-24,16.62,-1.3999999999999986,-1.3957110862261985
2011-02-25,15.69,-0.9300000000000015,-0.9257110862262015
2011-02-28,15.98,0.2900000000000009,0.2942889137738009
2011-03-01,17.46,1.4800000000000004,1.4842889137738005
2011-03-02,17.91,0.4499999999999993,0.45428891377379926
2011-03-03,17.56,-0.3500000000000014,-0.34571108622620145
2011-03-04,17.5,-0.05999999999999872,-0.05571108622619872
2011-03-07,17.79,0.28999999999999915,0.2942889137737991
2011-03-08,17.35,-0.4399999999999977,-0.43571108622619775
2011-03-09,16.65,-0.7000000000000028,-0.6957110862262028
2011-03-10,17.18,0.5300000000000011,0.5342889137738012
2011-03-11,17.65,0.46999999999999886,0.47428891377379884
2011-03-14,17.95,0.3000000000000007,0.3042889137738007
2011-03-15,19.04,1.0899999999999999,1.0942889137737999
2011-03-16,18.74,-0.3000000000000007,-0.29571108622620074
2011-03-17,18.16,-0.5799999999999983,-0.5757110862261983
2011-03-18,18.1,-0.05999999999999872,-0.05571108622619872
2011-03-21,17.01,-1.0899999999999999,-1.0857110862261998
2011-03-22,16.63,-0.38000000000000256,-0.3757110862262026
2011-03-23,16.83,0.1999999999999993,0.2042889137737993
2011-03-24,17.61,0.7800000000000011,0.7842889137738012
2011-03-25,16.95,-0.6600000000000001,-0.6557110862262001
2011-03-28,17.09,0.14000000000000057,0.14428891377380057
2011-03-29,16.4,-0.6900000000000013,-0.6857110862262012
2011-03-30,15.91,-0.48999999999999844,-0.48571108622619846
2011-03-31,17.16,1.25,1.2542889137738
2011-04-01,16.24,-0.9200000000000017,-0.9157110862262017
2011-04-04,15.82,-0.41999999999999815,-0.4157110862261982
2011-04-05,16.41,0.5899999999999999,0.5942889137737999
2011-04-06,16.05,-0.35999999999999943,-0.35571108622619946
2011-04-07,15.74,-0.3100000000000005,-0.3057110862262005
2011-04-08,15.59,-0.15000000000000036,-0.14571108622620035
2011-04-11,15.26,-0.33000000000000007,-0.3257110862262001
2011-04-12,15.65,0.39000000000000057,0.39428891377380054
2011-04-13,14.72,-0.9299999999999997,-0.9257110862261997
2011-04-14,15.06,0.33999999999999986,0.34428891377379983
2011-04-15,15.78,0.7199999999999989,0.7242889137737989
2011-04-18,16.73,0.9500000000000011,0.9542889137738011
2011-04-19,16.31,-0.4200000000000017,-0.41571108622620173
2011-04-20,16.38,0.07000000000000028,0.07428891377380029
2011-04-21,15.7,-0.6799999999999997,-0.6757110862261997
2011-04-25,18.32,2.620000000000001,2.624288913773801
2011-04-26,17.3,-1.0199999999999996,-1.0157110862261995
2011-04-27,17.76,0.46000000000000085,0.4642889137738008
2011-04-28,17.82,0.05999999999999872,0.06428891377379872
2011-04-29,20.25,2.4299999999999997,2.4342889137737997
2011-05-02,21.11,0.8599999999999994,0.8642889137737995
2011-05-03,19.61,-1.5,-1.4957110862262
2011-05-04,19.8,0.19000000000000128,0.19428891377380128
2011-05-05,22.06,2.259999999999998,2.264288913773798
2011-05-06,21.4,-0.6600000000000001,-0.6557110862262001
2011-05-09,19.95,-1.4499999999999993,-1.4457110862261993
2011-05-10,19.14,-0.8099999999999987,-0.8057110862261987
2011-05-11,19.47,0.3299999999999983,0.33428891377379827
2011-05-12,19.23,-0.23999999999999844,-0.23571108622619844
2011-05-13,19.77,0.5399999999999991,0.5442889137737992
2011-05-16,19.33,-0.4400000000000013,-0.4357110862262013
2011-05-17,19.0,-0.3299999999999983,-0.3257110862261983
2011-05-18,18.15,-0.8500000000000014,-0.8457110862262014
2011-05-19,17.44,-0.7099999999999973,-0.7057110862261973
2011-05-20,17.55,0.10999999999999943,0.11428891377379943
2011-05-23,18.3,0.75,0.7542889137738
2011-05-24,17.84,-0.46000000000000085,-0.4557110862262009
2011-05-25,17.53,-0.3099999999999987,-0.30571108622619875
2011-05-26,16.66,-0.870000000000001,-0.865711086226201
2011-05-27,16.62,-0.03999999999999915,-0.035711086226199146
2011-05-31,16.74,0.11999999999999744,0.12428891377379744
2011-06-01,17.74,1.0,1.0042889137738
2011-06-02,17.38,-0.35999999999999943,-0.35571108622619946
2011-06-03,16.79,-0.5899999999999999,-0.5857110862261998
2011-06-06,18.12,1.3300000000000018,1.3342889137738019
2011-06-07,16.84,-1.2800000000000011,-1.275711086226201
2011-06-08,16.56,-0.28000000000000114,-0.27571108622620116
2011-06-09,16.06,-0.5,-0.4957110862262
2011-06-10,16.51,0.45000000000000284,0.4542889137738028
2011-06-13,16.95,0.4399999999999977,0.4442889137737977
2011-06-14,15.33,-1.6199999999999992,-1.6157110862261992
2011-06-15,17.32,1.9900000000000002,1.9942889137738002
2011-06-16,17.61,0.28999999999999915,0.2942889137737991
2011-06-17,17.03,-0.5799999999999983,-0.5757110862261983
2011-06-20,16.64,-0.39000000000000057,-0.3857110862262006
2011-06-21,15.99,-0.6500000000000004,-0.6457110862262003
2011-06-22,16.1,0.11000000000000121,0.11428891377380121
2011-06-23,16.97,0.8699999999999974,0.8742889137737975
2011-06-24,17.79,0.8200000000000003,0.8242889137738003
2011-06-27,17.52,-0.2699999999999996,-0.2657110862261996
2011-06-28,16.84,-0.6799999999999997,-0.6757110862261997
2011-06-29,15.79,-1.0500000000000007,-1.0457110862262007
2011-06-30,15.34,-0.4499999999999993,-0.4457110862261993
2011-07-01,15.06,-0.27999999999999936,-0.2757110862261994
2011-07-05,15.15,0.08999999999999986,0.09428891377379986
2011-07-06,15.81,0.6600000000000001,0.6642889137738002
2011-07-07,15.29,-0.5200000000000014,-0.5157110862262013
2011-07-08,15.18,-0.10999999999999943,-0.10571108622619943
2011-07-11,16.3,1.120000000000001,1.124288913773801
2011-07-12,17.63,1.3299999999999983,1.3342889137737983
2011-07-13,18.22,0.5899999999999999,0.5942889137737999
2011-07-14,17.9,-0.3200000000000003,-0.3157110862262003
2011-07-15,16.91,-0.9899999999999984,-0.9857110862261984
2011-07-18,18.96,2.0500000000000007,2.0542889137738007
2011-07-19,18.14,-0.8200000000000003,-0.8157110862262003
2011-07-20,17.91,-0.23000000000000043,-0.22571108622620042
2011-07-21,17.4,-0.5100000000000016,-0.5057110862262015
2011-07-22,16.98,-0.41999999999999815,-0.4157110862261982
2011-07-25,18.69,1.7100000000000009,1.7142889137738009
2011-07-26,18.58,-0.11000000000000298,-0.10571108622620298
2011-07-27,19.24,0.6600000000000001,0.6642889137738002
2011-07-28,18.99,-0.25,-0.2457110862262
2011-07-29,19.53,0.5400000000000027,0.5442889137738027
2011-08-01,19.58,0.04999999999999716,0.05428891377379716
2011-08-02,20.09,0.5100000000000016,0.5142889137738016
2011-08-03,19.95,-0.14000000000000057,-0.13571108622620057
2011-08-04,22.28,2.330000000000002,2.334288913773802
2011-08-05,21.74,-0.5400000000000027,-0.5357110862262027
2011-08-08,28.21,6.470000000000002,6.474288913773802
2011-08-09,31.13,2.919999999999998,2.924288913773798
2011-08-10,32.2,1.0700000000000038,1.0742889137738039
2011-08-11,29.76,-2.4400000000000013,-2.4357110862262012
2011-08-12,25.91,-3.8500000000000014,-3.8457110862262014
2011-08-15,24.81,-1.1000000000000014,-1.0957110862262014
2011-08-16,26.68,1.870000000000001,1.874288913773801
2011-08-17,25.12,-1.5599999999999987,-1.5557110862261987
2011-08-18,26.81,1.6899999999999977,1.6942889137737978
2011-08-19,28.91,2.1000000000000014,2.1042889137738015
2011-08-22,33.09,4.180000000000003,4.184288913773803
2011-08-23,33.42,0.3299999999999983,0.33428891377379827
2011-08-24,33.29,-0.13000000000000256,-0.12571108622620256
2011-08-25,34.42,1.1300000000000026,1.1342889137738026
2011-08-26,33.03,-1.3900000000000006,-1.3857110862262005
2011-08-29,32.55,-0.480000000000004,-0.475711086226204
2011-08-30,32.12,-0.4299999999999997,-0.42571108622619974
2011-08-31,30.42,-1.6999999999999957,-1.6957110862261957
2011-09-01,28.06,-2.360000000000003,-2.355711086226203
2011-09-02,30.16,2.1000000000000014,2.1042889137738015
2011-09-06,34.17,4.010000000000002,4.014288913773801
2011-09-07,34.11,-0.060000000000002274,-0.05571108622620227
2011-09-08,34.43,0.3200000000000003,0.32428891377380026
2011-09-09,37.58,3.1499999999999986,3.1542889137737986
2011-09-12,37.2,-0.37999999999999545,-0.3757110862261955
2011-09-13,32.49,-4.710000000000001,-4.705711086226201
2011-09-14,29.83,-2.6600000000000037,-2.6557110862262037
2011-09-15,29.46,-0.36999999999999744,-0.36571108622619747
2011-09-16,28.86,-0.6000000000000014,-0.5957110862262014
2011-09-19,30.7,1.8399999999999999,1.8442889137737999
2011-09-20,30.63,-0.07000000000000028,-0.06571108622620028
2011-09-21,29.68,-0.9499999999999993,-0.9457110862261993
2011-09-22,32.19,2.509999999999998,2.514288913773798
2011-09-23,39.17,6.980000000000004,6.984288913773804
2011-09-26,39.86,0.6899999999999977,0.6942889137737978
2011-09-27,36.55,-3.3100000000000023,-3.3057110862262022
2011-09-28,39.95,3.4000000000000057,3.4042889137738057
2011-09-29,37.08,-2.8700000000000045,-2.8657110862262045
2011-09-30,37.03,-0.04999999999999716,-0.045711086226197156
2011-10-03,36.92,-0.10999999999999943,-0.10571108622619943
2011-10-04,37.74,0.8200000000000003,0.8242889137738003
2011-10-05,36.94,-0.8000000000000043,-0.7957110862262042
2011-10-06,35.22,-1.7199999999999989,-1.7157110862261988
2011-10-07,33.16,-2.0600000000000023,-2.0557110862262022
2011-10-10,31.26,-1.899999999999995,-1.895711086226195
2011-10-11,30.62,-0.6400000000000006,-0.6357110862262005
2011-10-12,29.51,-1.1099999999999994,-1.1057110862261994
2011-10-13,28.48,-1.0300000000000011,-1.025711086226201
2011-10-14,26.61,-1.870000000000001,-1.865711086226201
2011-10-17,28.93,2.3200000000000003,2.3242889137738003
2011-10-18,29.17,0.240000000000002,0.244288913773802
2011-10-19,31.13,1.9599999999999973,1.9642889137737973
2011-10-20,32.08,0.9499999999999993,0.9542889137737993
2011-10-21,28.89,-3.1899999999999977,-3.1857110862261977
2011-10-24,26.98,-1.9100000000000001,-1.9057110862262001
2011-10-25,29.92,2.9400000000000013,2.9442889137738013
2011-10-26,30.79,0.8699999999999974,0.8742889137737975
2011-10-27,27.58,-3.210000000000001,-3.205711086226201
2011-10-28,25.84,-1.7399999999999984,-1.7357110862261984
2011-10-31,27.45,1.6099999999999994,1.6142889137737995
2011-11-01,29.7,2.25,2.2542889137738
2011-11-02,30.16,0.46000000000000085,0.4642889137738008
2011-11-03,30.12,-0.03999999999999915,-0.035711086226199146
2011-11-04,28.37,-1.75,-1.7457110862262
2011-11-07,30.24,1.8699999999999974,1.8742889137737975
2011-11-08,29.21,-1.0299999999999976,-1.0257110862261976
2011-11-09,29.85,0.6400000000000006,0.6442889137738006
2011-11-10,28.81,-1.0400000000000027,-1.0357110862262027
2011-11-11,27.85,-0.9599999999999973,-0.9557110862261973
2011-11-14,27.85,0.0,0.0042889137738
2011-11-15,26.75,-1.1000000000000014,-1.0957110862262014
2011-11-16,26.94,0.19000000000000128,0.19428891377380128
2011-11-17,28.86,1.9199999999999982,1.9242889137737982
2011-11-18,27.59,-1.2699999999999996,-1.2657110862261995
2011-11-21,30.07,2.4800000000000004,2.4842889137738005
2011-11-22,27.56,-2.5100000000000016,-2.5057110862262015
2011-11-23,27.81,0.25,0.2542889137738
2011-11-25,20.46,-7.349999999999998,-7.345711086226198
2011-11-28,26.61,6.149999999999999,6.154288913773798
2011-11-29,25.74,-0.870000000000001,-0.865711086226201
2011-11-30,25.32,-0.41999999999999815,-0.4157110862261982
2011-12-01,24.55,-0.7699999999999996,-0.7657110862261995
2011-12-02,23.51,-1.0399999999999991,-1.0357110862261991
2011-12-05,24.97,1.4599999999999973,1.4642889137737973
2011-12-06,24.52,-0.4499999999999993,-0.4457110862261993
2011-12-07,24.15,-0.370000000000001,-0.365711086226201
2011-12-08,25.18,1.0300000000000011,1.0342889137738012
2011-12-09,23.13,-2.0500000000000007,-2.0457110862262007
2011-12-12,23.66,0.5300000000000011,0.5342889137738012
2011-12-13,24.1,0.4400000000000013,0.44428891377380125
2011-12-14,28.63,4.529999999999998,4.534288913773797
2011-12-15,27.28,-1.3499999999999979,-1.3457110862261978
2011-12-16,24.8,-2.4800000000000004,-2.4757110862262004
2011-12-19,23.42,-1.379999999999999,-1.375711086226199
2011-12-20,21.33,-2.0900000000000034,-2.0857110862262034
2011-12-21,21.22,-0.10999999999999943,-0.10571108622619943
2011-12-22,20.23,-0.9899999999999984,-0.9857110862261984
2011-12-23,19.67,-0.5599999999999987,-0.5557110862261987
2011-12-27,20.81,1.139999999999997,1.144288913773797
2011-12-28,24.33,3.5199999999999996,3.5242889137737996
2011-12-29,23.12,-1.2099999999999973,-1.2057110862261973
2011-12-30,23.24,0.11999999999999744,0.12428891377379744
2012-01-03,22.9,-0.33999999999999986,-0.3357110862261999
2012-01-04,22.08,-0.8200000000000003,-0.8157110862262003
2012-01-05,22.34,0.26000000000000156,0.26428891377380154
2012-01-06,21.3,-1.0399999999999991,-1.0357110862261991
2012-01-09,21.47,0.16999999999999815,0.17428891377379815
2012-01-10,21.51,0.0400000000000027,0.0442889137738027
2012-01-11,22.34,0.8299999999999983,0.8342889137737983
2012-01-12,21.6,-0.7399999999999984,-0.7357110862261984
2012-01-13,21.2,-0.40000000000000213,-0.39571108622620216
2012-01-17,21.6,0.40000000000000213,0.4042889137738021
2012-01-18,21.14,-0.46000000000000085,-0.4557110862262009
2012-01-19,20.34,-0.8000000000000007,-0.7957110862262007
2012-01-20,19.58,-0.7600000000000016,-0.7557110862262015
2012-01-23,20.18,0.6000000000000014,0.6042889137738015
2012-01-24,20.08,-0.10000000000000142,-0.09571108622620142
2012-01-25,22.24,2.16,2.1642889137738
2012-01-26,21.71,-0.5299999999999976,-0.5257110862261976
2012-01-27,20.82,-0.8900000000000006,-0.8857110862262005
2012-01-30,21.23,0.41000000000000014,0.4142889137738001
2012-01-31,20.93,-0.3000000000000007,-0.29571108622620074
2012-02-01,21.54,0.6099999999999994,0.6142889137737995
2012-02-02,21.93,0.39000000000000057,0.39428891377380054
2012-02-03,21.05,-0.879999999999999,-0.875711086226199
2012-02-06,21.2,0.14999999999999858,0.15428891377379858
2012-02-07,20.45,-0.75,-0.7457110862262
2012-02-08,20.69,0.240000000000002,0.244288913773802
2012-02-09,20.03,-0.6600000000000001,-0.6557110862262001
2012-02-10,19.73,-0.3000000000000007,-0.29571108622620074
2012-02-13,19.07,-0.6600000000000001,-0.6557110862262001
2012-02-14,19.24,0.16999999999999815,0.17428891377379815
2012-02-15,19.28,0.0400000000000027,0.0442889137738027
2012-02-16,19.21,-0.07000000000000028,-0.06571108622620028
2012-02-17,18.61,-0.6000000000000014,-0.5957110862262014
2012-02-21,19.94,1.3300000000000018,1.3342889137738019
2012-02-22,19.84,-0.10000000000000142,-0.09571108622620142
2012-02-23,19.76,-0.0799999999999983,-0.0757110862261983
2012-02-24,19.01,-0.75,-0.7457110862262
2012-02-27,19.1,0.08999999999999986,0.09428891377379986
2012-02-28,20.12,1.0199999999999996,1.0242889137737996
2012-02-29,22.9,2.7799999999999976,2.7842889137737976
2012-03-01,19.53,-3.3699999999999974,-3.3657110862261974
2012-03-02,18.96,-0.5700000000000003,-0.5657110862262003
2012-03-05,19.4,0.4399999999999977,0.4442889137737977
2012-03-06,20.23,0.8300000000000018,0.8342889137738019
2012-03-07,19.18,-1.0500000000000007,-1.0457110862262007
2012-03-08,19.26,0.08000000000000185,0.08428891377380185
2012-03-09,19.41,0.14999999999999858,0.15428891377379858
2012-03-12,19.21,-0.1999999999999993,-0.1957110862261993
2012-03-13,20.47,1.259999999999998,1.264288913773798
2012-03-14,20.6,0.13000000000000256,0.13428891377380256
2012-03-15,18.24,-2.360000000000003,-2.355711086226203
2012-03-16,18.99,0.75,0.7542889137738
2012-03-19,17.83,-1.1600000000000001,-1.1557110862262001
2012-03-20,18.42,0.5900000000000034,0.5942889137738034
2012-03-21,18.04,-0.38000000000000256,-0.3757110862262026
2012-03-22,18.51,0.4700000000000024,0.4742889137738024
2012-03-23,18.3,-0.21000000000000085,-0.20571108622620085
2012-03-26,19.22,0.9199999999999982,0.9242889137737982
2012-03-27,18.62,-0.5999999999999979,-0.5957110862261978
2012-03-28,18.18,-0.4400000000000013,-0.4357110862262013
2012-03-29,17.43,-0.75,-0.7457110862262
2012-03-30,17.01,-0.41999999999999815,-0.4157110862261982
2012-04-02,17.1,0.08999999999999986,0.09428891377379986
2012-04-03,18.05,0.9499999999999993,0.9542889137737993
2012-04-04,18.88,0.8299999999999983,0.8342889137737983
2012-04-05,18.02,-0.8599999999999994,-0.8557110862261994
2012-04-09,19.21,1.1900000000000013,1.1942889137738013
2012-04-10,19.94,0.7300000000000004,0.7342889137738005
2012-04-11,20.02,0.0799999999999983,0.0842889137737983
2012-04-12,18.64,-1.379999999999999,-1.375711086226199
2012-04-13,18.44,-0.1999999999999993,-0.1957110862261993
2012-04-16,18.8,0.35999999999999943,0.3642889137737994
2012-04-17,18.03,-0.7699999999999996,-0.7657110862261995
2012-04-18,17.54,-0.490000000000002,-0.485711086226202
2012-04-19,17.33,-0.21000000000000085,-0.20571108622620085
2012-04-20,16.72,-0.6099999999999994,-0.6057110862261994
2012-04-23,17.11,0.39000000000000057,0.39428891377380054
2012-04-24,17.64,0.5300000000000011,0.5342889137738012
2012-04-25,17.45,-0.19000000000000128,-0.18571108622620128
2012-04-26,16.94,-0.509999999999998,-0.505711086226198
2012-04-27,16.61,-0.33000000000000185,-0.3257110862262019
2012-04-30,16.93,0.3200000000000003,0.32428891377380026
2012-05-01,16.47,-0.46000000000000085,-0.4557110862262009
2012-05-02,16.55,0.08000000000000185,0.08428891377380185
2012-05-03,17.45,0.8999999999999986,0.9042889137737986
2012-05-04,16.32,-1.129999999999999,-1.125711086226199
2012-05-07,16.38,0.05999999999999872,0.06428891377379872
2012-05-08,17.93,1.5500000000000007,1.5542889137738007
2012-05-09,19.32,1.3900000000000006,1.3942889137738006
2012-05-10,18.25,-1.0700000000000003,-1.0657110862262003
2012-05-11,18.46,0.21000000000000085,0.21428891377380085
2012-05-14,20.05,1.5899999999999999,1.5942889137737999
2012-05-15,20.75,0.6999999999999993,0.7042889137737993
2012-05-16,22.2,1.4499999999999993,1.4542889137737993
2012-05-17,22.59,0.39000000000000057,0.39428891377380054
2012-05-18,23.29,0.6999999999999993,0.7042889137737993
2012-05-21,20.69,-2.599999999999998,-2.595711086226198
2012-05-22,20.04,-0.6500000000000021,-0.6457110862262021
2012-05-23,21.79,1.75,1.7542889137738
2012-05-24,21.93,0.14000000000000057,0.14428891377380057
2012-05-25,21.11,-0.8200000000000003,-0.8157110862262003
2012-05-29,21.72,0.6099999999999994,0.6142889137737995
2012-05-30,23.46,1.740000000000002,1.744288913773802
2012-05-31,23.11,-0.3500000000000014,-0.34571108622620145
2012-06-01,25.3,2.1900000000000013,2.1942889137738013
2012-06-04,25.36,0.05999999999999872,0.06428891377379872
2012-06-05,23.99,-1.370000000000001,-1.365711086226201
2012-06-06,23.14,-0.8499999999999979,-0.8457110862261978
2012-06-07,22.92,-0.21999999999999886,-0.21571108622619886
2012-06-08,22.03,-0.8900000000000006,-0.8857110862262005
2012-06-11,22.19,0.16000000000000014,0.16428891377380014
2012-06-12,22.9,0.7099999999999973,0.7142889137737973
2012-06-13,23.96,1.0600000000000023,1.0642889137738023
2012-06-14,24.1,0.14000000000000057,0.14428891377380057
2012-06-15,22.94,-1.1600000000000001,-1.1557110862262001
2012-06-18,20.64,-2.3000000000000007,-2.2957110862262007
2012-06-19,20.51,-0.129999999999999,-0.125711086226199
2012-06-20,19.88,-0.6300000000000026,-0.6257110862262025
2012-06-21,21.07,1.1900000000000013,1.1942889137738013
2012-06-22,20.29,-0.7800000000000011,-0.7757110862262011
2012-06-25,20.46,0.1700000000000017,0.1742889137738017
2012-06-26,20.47,0.00999999999999801,0.01428891377379801
2012-06-27,19.96,-0.509999999999998,-0.505711086226198
2012-06-28,20.56,0.5999999999999979,0.6042889137737979
2012-06-29,19.53,-1.0299999999999976,-1.0257110862261976
2012-07-02,19.34,-0.19000000000000128,-0.18571108622620128
2012-07-03,25.23,5.890000000000001,5.8942889137738
2012-07-05,18.94,-6.289999999999999,-6.2857110862262
2012-07-06,19.46,0.5199999999999996,0.5242889137737996
2012-07-09,19.04,-0.4200000000000017,-0.41571108622620173
2012-07-10,20.28,1.240000000000002,1.244288913773802
2012-07-11,19.22,-1.0600000000000023,-1.0557110862262022
2012-07-12,19.31,0.08999999999999986,0.09428891377379986
2012-07-13,18.52,-0.7899999999999991,-0.7857110862261991
2012-07-16,18.03,-0.48999999999999844,-0.48571108622619846
2012-07-17,17.7,-0.33000000000000185,-0.3257110862262019
2012-07-18,17.35,-0.34999999999999787,-0.3457110862261979
2012-07-19,16.83,-0.5200000000000031,-0.5157110862262031
2012-07-20,16.88,0.05000000000000071,0.05428891377380071
2012-07-23,18.34,1.4600000000000009,1.4642889137738009
2012-07-24,19.6,1.2600000000000016,1.2642889137738016
2012-07-25,19.64,0.03999999999999915,0.04428891377379915
2012-07-26,19.37,-0.2699999999999996,-0.2657110862261996
2012-07-27,19.11,-0.26000000000000156,-0.2557110862262016
2012-07-30,19.43,0.3200000000000003,0.32428891377380026
2012-07-31,19.51,0.08000000000000185,0.08428891377380185
2012-08-01,19.01,-0.5,-0.4957110862262
2012-08-02,18.05,-0.9600000000000009,-0.9557110862262008
2012-08-03,16.65,-1.4000000000000021,-1.395711086226202
2012-08-06,16.35,-0.29999999999999716,-0.2957110862261972
2012-08-07,16.48,0.129999999999999,0.134288913773799
2012-08-08,16.25,-0.23000000000000043,-0.22571108622620042
2012-08-09,16.19,-0.05999999999999872,-0.05571108622619872
2012-08-10,16.16,-0.030000000000001137,-0.025711086226201135
2012-08-13,15.13,-1.0299999999999994,-1.0257110862261993
2012-08-14,14.96,-0.16999999999999993,-0.16571108622619993
2012-08-15,14.87,-0.09000000000000163,-0.08571108622620163
2012-08-16,15.17,0.3000000000000007,0.3042889137738007
2012-08-17,14.7,-0.47000000000000064,-0.46571108622620067
2012-08-20,14.78,0.08000000000000007,0.08428891377380007
2012-08-21,16.29,1.5099999999999998,1.5142889137737998
2012-08-22,17.15,0.8599999999999994,0.8642889137737995
2012-08-23,17.94,0.7900000000000027,0.7942889137738027
2012-08-24,16.88,-1.0600000000000023,-1.0557110862262022
2012-08-27,16.9,0.019999999999999574,0.024288913773799575
2012-08-28,16.54,-0.35999999999999943,-0.35571108622619946
2012-08-29,16.5,-0.03999999999999915,-0.035711086226199146
2012-08-30,17.14,0.6400000000000006,0.6442889137738006
2012-08-31,17.89,0.75,0.7542889137738
2012-09-04,17.97,0.0799999999999983,0.0842889137737983
2012-09-05,18.18,0.21000000000000085,0.21428891377380085
2012-09-06,17.8,-0.379999999999999,-0.37571108622619903
2012-09-07,18.95,1.1499999999999986,1.1542889137737986
2012-09-10,19.08,0.129999999999999,0.134288913773799
2012-09-11,19.59,0.5100000000000016,0.5142889137738016
2012-09-12,20.15,0.5599999999999987,0.5642889137737988
2012-09-13,19.03,-1.1199999999999974,-1.1157110862261974
2012-09-14,17.87,-1.1600000000000001,-1.1557110862262001
2012-09-17,18.08,0.2099999999999973,0.2142889137737973
2012-09-18,17.89,-0.18999999999999773,-0.18571108622619772
2012-09-19,17.69,-0.1999999999999993,-0.1957110862261993
2012-09-20,17.29,-0.40000000000000213,-0.39571108622620216
2012-09-21,17.09,-0.1999999999999993,-0.1957110862261993
2012-09-24,16.94,-0.14999999999999858,-0.14571108622619858
2012-09-25,16.74,-0.20000000000000284,-0.19571108622620284
2012-09-26,16.31,-0.4299999999999997,-0.42571108622619974
2012-09-27,17.02,0.7100000000000009,0.7142889137738009
2012-09-28,16.76,-0.259999999999998,-0.25571108622619804
2012-10-01,16.9,0.13999999999999702,0.14428891377379702
2012-10-02,16.34,-0.5599999999999987,-0.5557110862261987
2012-10-03,16.59,0.25,0.2542889137738
2012-10-04,17.27,0.6799999999999997,0.6842889137737997
2012-10-05,15.88,-1.3899999999999988,-1.3857110862261988
2012-10-08,16.13,0.24999999999999822,0.2542889137737982
2012-10-09,15.72,-0.40999999999999837,-0.4057110862261984
2012-10-10,15.53,-0.19000000000000128,-0.18571108622620128
2012-10-11,15.31,-0.21999999999999886,-0.21571108622619886
2012-10-12,15.72,0.41000000000000014,0.4142889137738001
2012-10-15,15.47,-0.25,-0.2457110862262
2012-10-16,15.12,-0.3500000000000014,-0.34571108622620145
2012-10-17,14.64,-0.47999999999999865,-0.4757110862261987
2012-10-18,14.73,0.08999999999999986,0.09428891377379986
2012-10-19,15.1,0.3699999999999992,0.3742889137737992
2012-10-22,14.88,-0.21999999999999886,-0.21571108622619886
2012-10-23,15.8,0.9199999999999999,0.9242889137738
2012-10-24,15.7,-0.10000000000000142,-0.09571108622620142
2012-10-25,15.36,-0.33999999999999986,-0.3357110862261999
2012-10-26,14.92,-0.4399999999999995,-0.43571108622619953
2012-10-31,14.99,0.07000000000000028,0.07428891377380029
2012-11-01,14.49,-0.5,-0.4957110862262
2012-11-02,16.2,1.709999999999999,1.714288913773799
2012-11-05,17.48,1.2800000000000011,1.2842889137738012
2012-11-06,18.0,0.5199999999999996,0.5242889137737996
2012-11-07,16.69,-1.3099999999999987,-1.3057110862261987
2012-11-08,17.02,0.3299999999999983,0.33428891377379827
2012-11-09,16.07,-0.9499999999999993,-0.9457110862261993
2012-11-12,15.66,-0.41000000000000014,-0.40571108622620017
2012-11-13,14.54,-1.120000000000001,-1.115711086226201
2012-11-14,14.94,0.40000000000000036,0.40428891377380033
2012-11-15,14.26,-0.6799999999999997,-0.6757110862261997
2012-11-16,13.28,-0.9800000000000004,-0.9757110862262004
2012-11-19,13.61,0.33000000000000007,0.33428891377380004
2012-11-20,13.52,-0.08999999999999986,-0.08571108622619986
2012-11-21,13.22,-0.29999999999999893,-0.29571108622619896
2012-11-23,15.48,2.26,2.2642889137738
2012-11-26,13.18,-2.3000000000000007,-2.2957110862262007
2012-11-27,13.68,0.5,0.5042889137738
2012-11-28,13.7,0.019999999999999574,0.024288913773799575
2012-11-29,12.67,-1.0299999999999994,-1.0257110862261993
2012-11-30,13.24,0.5700000000000003,0.5742889137738003
2012-12-03,13.4,0.16000000000000014,0.16428891377380014
2012-12-04,13.95,0.5499999999999989,0.554288913773799
2012-12-05,14.0,0.05000000000000071,0.05428891377380071
2012-12-06,14.07,0.07000000000000028,0.07428891377380029
2012-12-07,13.87,-0.20000000000000107,-0.19571108622620106
2012-12-10,14.2,0.33000000000000007,0.33428891377380004
2012-12-11,14.16,-0.03999999999999915,-0.035711086226199146
2012-12-12,13.34,-0.8200000000000003,-0.8157110862262003
2012-12-13,13.01,-0.33000000000000007,-0.3257110862262001
2012-12-14,12.6,-0.41000000000000014,-0.40571108622620017
2012-12-17,11.97,-0.629999999999999,-0.625711086226199
2012-12-18,13.69,1.7199999999999989,1.724288913773799
2012-12-19,13.73,0.040000000000000924,0.044288913773800925
2012-12-20,14.53,0.7999999999999989,0.804288913773799
2012-12-21,13.82,-0.7099999999999991,-0.705711086226199
2012-12-24,13.21,-0.6099999999999994,-0.6057110862261994
2012-12-26,13.56,0.34999999999999964,0.3542889137737996
2012-12-27,14.83,1.2699999999999996,1.2742889137737996
2012-12-28,15.3,0.47000000000000064,0.4742889137738006
2012-12-31,14.38,-0.9199999999999999,-0.9157110862261999
2013-01-02,13.43,-0.9500000000000011,-0.945711086226201
2013-01-03,13.72,0.2900000000000009,0.2942889137738009
2013-01-04,13.78,0.05999999999999872,0.06428891377379872
2013-01-07,14.51,0.7300000000000004,0.7342889137738005
2013-01-08,14.08,-0.4299999999999997,-0.42571108622619974
2013-01-09,14.16,0.08000000000000007,0.08428891377380007
2013-01-10,13.27,-0.8900000000000006,-0.8857110862262005
2013-01-11,13.79,0.5199999999999996,0.5242889137737996
2013-01-14,13.78,-0.009999999999999787,-0.005711086226199787
2013-01-15,13.76,-0.019999999999999574,-0.015711086226199572
2013-01-16,14.49,0.7300000000000004,0.7342889137738005
2013-01-17,14.9,0.41000000000000014,0.4142889137738001
2013-01-18,13.8,-1.0999999999999996,-1.0957110862261996
2013-01-22,12.71,-1.0899999999999999,-1.0857110862261998
2013-01-23,12.46,-0.25,-0.2457110862262
2013-01-24,13.03,0.5699999999999985,0.5742889137737985
2013-01-25,14.08,1.0500000000000007,1.0542889137738007
2013-01-28,14.39,0.3100000000000005,0.31428891377380047
2013-01-29,13.59,-0.8000000000000007,-0.7957110862262007
2013-01-30,13.21,-0.379999999999999,-0.37571108622619903
2013-01-31,13.76,0.5499999999999989,0.554288913773799
2013-02-01,13.32,-0.4399999999999995,-0.43571108622619953
2013-02-04,13.78,0.4599999999999991,0.46428891377379905
2013-02-05,13.03,-0.75,-0.7457110862262
2013-02-06,13.57,0.5400000000000009,0.544288913773801
2013-02-07,13.59,0.019999999999999574,0.024288913773799575
2013-02-08,13.14,-0.4499999999999993,-0.4457110862261993
2013-02-11,14.38,1.2400000000000002,1.2442889137738002
2013-02-12,14.06,-0.3200000000000003,-0.3157110862262003
2013-02-13,14.7,0.6399999999999988,0.6442889137737988
2013-02-14,14.72,0.02000000000000135,0.02428891377380135
2013-02-15,15.9,1.1799999999999997,1.1842889137737997
2013-02-19,15.75,-0.15000000000000036,-0.14571108622620035
2013-02-20,18.59,2.84,2.8442889137738
2013-02-21,16.9,-1.6900000000000013,-1.6857110862262012
2013-02-22,16.26,-0.639999999999997,-0.635711086226197
2013-02-25,17.48,1.2199999999999989,1.224288913773799
2013-02-26,15.61,-1.870000000000001,-1.865711086226201
2013-02-27,15.57,-0.03999999999999915,-0.035711086226199146
2013-02-28,15.79,0.21999999999999886,0.22428891377379886
2013-03-01,15.75,-0.03999999999999915,-0.035711086226199146
2013-03-04,16.03,0.28000000000000114,0.2842889137738011
2013-03-05,15.47,-0.5600000000000005,-0.5557110862262005
2013-03-06,15.05,-0.41999999999999993,-0.41571108622619996
2013-03-07,14.84,-0.21000000000000085,-0.20571108622620085
2013-03-08,13.54,-1.3000000000000007,-1.2957110862262007
2013-03-11,12.96,-0.5799999999999983,-0.5757110862261983
2013-03-12,12.07,-0.8900000000000006,-0.8857110862262005
2013-03-13,12.24,0.16999999999999993,0.17428891377379993
2013-03-14,12.59,0.34999999999999964,0.3542889137737996
2013-03-15,12.43,-0.16000000000000014,-0.15571108622620014
2013-03-18,13.3,0.870000000000001,0.874288913773801
2013-03-19,14.52,1.2199999999999989,1.224288913773799
2013-03-20,13.33,-1.1899999999999995,-1.1857110862261995
2013-03-21,13.37,0.03999999999999915,0.04428891377379915
2013-03-22,12.89,-0.47999999999999865,-0.4757110862261987
2013-03-25,12.99,0.09999999999999964,0.10428891377379965
2013-03-26,12.48,-0.5099999999999998,-0.5057110862261998
2013-03-27,12.33,-0.15000000000000036,-0.14571108622620035
2013-03-28,12.41,0.08000000000000007,0.08428891377380007
2013-04-01,13.13,0.7200000000000006,0.7242889137738007
2013-04-02,13.73,0.5999999999999996,0.6042889137737997
2013-04-03,15.21,1.4800000000000004,1.4842889137738005
2013-04-04,16.03,0.8200000000000003,0.8242889137738003
2013-04-05,14.46,-1.5700000000000003,-1.5657110862262003
2013-04-08,14.22,-0.2400000000000002,-0.2357110862262002
2013-04-09,13.54,-0.6800000000000015,-0.6757110862262015
2013-04-10,15.15,1.6100000000000012,1.6142889137738012
2013-04-11,15.29,0.1399999999999988,0.1442889137737988
2013-04-12,21.32,6.030000000000001,6.034288913773801
2013-04-15,34.48,13.159999999999997,13.164288913773797
2013-04-16,30.02,-4.459999999999997,-4.455711086226198
2013-04-17,26.93,-3.09,-3.0857110862262
2013-04-18,24.57,-2.3599999999999994,-2.3557110862261994
2013-04-19,24.37,-0.1999999999999993,-0.1957110862261993
2013-04-22,23.28,-1.0899999999999999,-1.0857110862261998
2013-04-23,23.68,0.3999999999999986,0.40428891377379855
2013-04-24,21.49,-2.1900000000000013,-2.1857110862262012
2013-04-25,22.35,0.860000000000003,0.864288913773803
2013-04-26,24.21,1.8599999999999994,1.8642889137737995
2013-04-29,23.16,-1.0500000000000007,-1.0457110862262007
2013-04-30,22.09,-1.0700000000000003,-1.0657110862262003
2013-05-01,22.93,0.8399999999999999,0.8442889137737999
2013-05-02,22.06,-0.870000000000001,-0.865711086226201
2013-05-03,20.37,-1.6899999999999977,-1.6857110862261977
2013-05-06,20.37,0.0,0.0042889137738
2013-05-07,22.07,1.6999999999999993,1.7042889137737993
2013-05-08,20.64,-1.4299999999999997,-1.4257110862261997
2013-05-09,21.62,0.9800000000000004,0.9842889137738005
2013-05-10,23.95,2.3299999999999983,2.3342889137737983
2013-05-13,25.04,1.0899999999999999,1.0942889137737999
2013-05-14,25.06,0.019999999999999574,0.024288913773799575
2013-05-15,28.01,2.950000000000003,2.954288913773803
2013-05-16,27.18,-0.8300000000000018,-0.8257110862262018
2013-05-17,28.34,1.1600000000000001,1.1642889137738002
2013-05-20,26.66,-1.6799999999999997,-1.6757110862261997
2013-05-21,27.18,0.5199999999999996,0.5242889137737996
2013-05-22,27.61,0.4299999999999997,0.4342889137737997
2013-05-23,26.08,-1.5300000000000011,-1.525711086226201
2013-05-24,24.9,-1.1799999999999997,-1.1757110862261997
2013-05-28,24.86,-0.03999999999999915,-0.035711086226199146
2013-05-29,22.76,-2.099999999999998,-2.095711086226198
2013-05-30,21.43,-1.3300000000000018,-1.3257110862262018
2013-05-31,22.63,1.1999999999999993,1.2042889137737993
2013-06-03,21.68,-0.9499999999999993,-0.9457110862261993
2013-06-04,22.32,0.6400000000000006,0.6442889137738006
2013-06-05,22.65,0.3299999999999983,0.33428891377379827
2013-06-06,22.33,-0.3200000000000003,-0.3157110862262003
2013-06-07,23.58,1.25,1.2542889137738
2013-06-10,22.68,-0.8999999999999986,-0.8957110862261985
2013-06-11,23.27,0.5899999999999999,0.5942889137737999
2013-06-12,22.04,-1.2300000000000004,-1.2257110862262004
2013-06-13,22.69,0.6500000000000021,0.6542889137738022
2013-06-14,20.91,-1.7800000000000011,-1.775711086226201
2013-06-17,21.27,0.35999999999999943,0.3642889137737994
2013-06-18,22.7,1.4299999999999997,1.4342889137737997
2013-06-19,22.53,-0.16999999999999815,-0.16571108622619815
2013-06-20,29.94,7.41,7.4142889137738
2013-06-21,27.19,-2.75,-2.7457110862262
2013-06-24,27.69,0.5,0.5042889137738
2013-06-25,25.86,-1.8300000000000018,-1.8257110862262018
2013-06-26,31.43,5.57,5.5742889137738
2013-06-27,33.51,2.0799999999999983,2.0842889137737983
2013-06-28,31.84,-1.6699999999999982,-1.6657110862261981
2013-07-01,28.84,-3.0,-2.9957110862262
2013-07-02,28.19,-0.6499999999999986,-0.6457110862261985
2013-07-03,27.25,-0.9400000000000013,-0.9357110862262012
2013-07-05,27.15,-0.10000000000000142,-0.09571108622620142
2013-07-08,26.79,-0.35999999999999943,-0.35571108622619946
2013-07-09,25.68,-1.1099999999999994,-1.1057110862261994
2013-07-10,26.24,0.5599999999999987,0.5642889137737988
2013-07-11,23.85,-2.389999999999997,-2.385711086226197
2013-07-12,24.07,0.21999999999999886,0.22428891377379886
2013-07-15,23.53,-0.5399999999999991,-0.5357110862261991
2013-07-16,23.2,-0.33000000000000185,-0.3257110862262019
2013-07-17,23.61,0.41000000000000014,0.4142889137738001
2013-07-18,22.52,-1.0899999999999999,-1.0857110862261998
2013-07-19,21.19,-1.3299999999999983,-1.3257110862261983
2013-07-22,21.76,0.5700000000000003,0.5742889137738003
2013-07-23,21.66,-0.10000000000000142,-0.09571108622620142
2013-07-24,22.61,0.9499999999999993,0.9542889137737993
2013-07-25,21.77,-0.8399999999999999,-0.8357110862261998
2013-07-26,22.22,0.4499999999999993,0.45428891377379926
2013-07-29,22.77,0.5500000000000007,0.5542889137738007
2013-07-30,23.72,0.9499999999999993,0.9542889137737993
2013-07-31,24.99,1.2699999999999996,1.2742889137737996
2013-08-01,24.61,-0.379999999999999,-0.37571108622619903
2013-08-02,24.24,-0.370000000000001,-0.365711086226201
2013-08-05,23.49,-0.75,-0.7457110862262
2013-08-06,23.82,0.33000000000000185,0.3342889137738018
2013-08-07,23.49,-0.33000000000000185,-0.3257110862262019
2013-08-08,21.71,-1.7799999999999976,-1.7757110862261976
2013-08-09,21.5,-0.21000000000000085,-0.20571108622620085
2013-08-12,21.58,0.0799999999999983,0.0842889137737983
2013-08-13,21.37,-0.2099999999999973,-0.2057110862261973
2013-08-14,21.21,-0.16000000000000014,-0.15571108622620014
2013-08-15,22.45,1.2399999999999984,1.2442889137737985
2013-08-16,22.97,0.5199999999999996,0.5242889137737996
2013-08-19,24.25,1.2800000000000011,1.2842889137738012
2013-08-20,23.82,-0.4299999999999997,-0.42571108622619974
2013-08-21,23.28,-0.5399999999999991,-0.5357110862261991
2013-08-22,22.69,-0.5899999999999999,-0.5857110862261998
2013-08-23,22.63,-0.060000000000002274,-0.05571108622620227
2013-08-26,23.67,1.0400000000000027,1.0442889137738027
2013-08-27,23.9,0.22999999999999687,0.23428891377379688
2013-08-28,25.89,1.990000000000002,1.994288913773802
2013-08-29,24.36,-1.5300000000000011,-1.525711086226201
2013-08-30,24.44,0.08000000000000185,0.08428891377380185
2013-09-03,25.2,0.759999999999998,0.764288913773798
2013-09-04,24.61,-0.5899999999999999,-0.5857110862261998
2013-09-05,25.64,1.0300000000000011,1.0342889137738012
2013-09-06,23.59,-2.0500000000000007,-2.0457110862262007
2013-09-09,22.04,-1.5500000000000007,-1.5457110862262007
2013-09-10,22.58,0.5399999999999991,0.5442889137737992
2013-09-11,22.63,0.05000000000000071,0.05428891377380071
2013-09-12,25.09,2.460000000000001,2.464288913773801
2013-09-13,24.88,-0.21000000000000085,-0.20571108622620085
2013-09-16,25.12,0.240000000000002,0.244288913773802
2013-09-17,25.35,0.23000000000000043,0.23428891377380043
2013-09-18,23.2,-2.150000000000002,-2.145711086226202
2013-09-19,21.75,-1.4499999999999993,-1.4457110862261993
2013-09-20,22.27,0.5199999999999996,0.5242889137737996
2013-09-23,22.7,0.4299999999999997,0.4342889137737997
2013-09-24,22.84,0.14000000000000057,0.14428891377380057
2013-09-25,21.97,-0.870000000000001,-0.865711086226201
2013-09-26,21.79,-0.17999999999999972,-0.17571108622619971
2013-09-27,22.57,0.7800000000000011,0.7842889137738012
2013-09-30,23.72,1.1499999999999986,1.1542889137737986
2013-10-01,25.48,1.7600000000000016,1.7642889137738016
2013-10-02,24.04,-1.4400000000000013,-1.4357110862262012
2013-10-03,24.54,0.5,0.5042889137738
2013-10-04,24.77,0.23000000000000043,0.23428891377380043
2013-10-07,24.81,0.03999999999999915,0.04428891377379915
2013-10-08,25.44,0.6300000000000026,0.6342889137738026
2013-10-09,25.81,0.36999999999999744,0.3742889137737974
2013-10-10,25.36,-0.4499999999999993,-0.4457110862261993
2013-10-11,25.83,0.46999999999999886,0.47428891377379884
2013-10-14,26.45,0.620000000000001,0.624288913773801
2013-10-15,26.07,-0.379999999999999,-0.37571108622619903
2013-10-16,24.72,-1.3500000000000014,-1.3457110862262014
2013-10-17,22.31,-2.41,-2.4057110862262
2013-10-18,21.43,-0.879999999999999,-0.875711086226199
2013-10-21,21.52,0.08999999999999986,0.09428891377379986
2013-10-22,20.75,-0.7699999999999996,-0.7657110862261995
2013-10-23,20.52,-0.23000000000000043,-0.22571108622620042
2013-10-24,20.67,0.15000000000000213,0.15428891377380213
2013-10-25,19.9,-0.7700000000000031,-0.7657110862262031
2013-10-28,20.32,0.4200000000000017,0.4242889137738017
2013-10-29,20.65,0.3299999999999983,0.33428891377379827
2013-10-30,20.81,0.16000000000000014,0.16428891377380014
2013-10-31,20.57,-0.23999999999999844,-0.23571108622619844
2013-11-01,20.68,0.10999999999999943,0.11428891377379943
2013-11-04,20.3,-0.379999999999999,-0.37571108622619903
2013-11-05,20.19,-0.10999999999999943,-0.10571108622619943
2013-11-06,19.43,-0.7600000000000016,-0.7557110862262015
2013-11-07,20.01,0.5800000000000018,0.5842889137738019
2013-11-08,19.37,-0.6400000000000006,-0.6357110862262005
2013-11-11,19.15,-0.22000000000000242,-0.21571108622620241
2013-11-12,21.2,2.0500000000000007,2.0542889137738007
2013-11-13,20.46,-0.7399999999999984,-0.7357110862261984
2013-11-14,19.44,-1.0199999999999996,-1.0157110862261995
2013-11-15,18.03,-1.4100000000000001,-1.4057110862262001
2013-11-18,19.52,1.4899999999999984,1.4942889137737985
2013-11-19,19.45,-0.07000000000000028,-0.06571108622620028
2013-11-20,23.04,3.59,3.5942889137738
2013-11-21,21.3,-1.7399999999999984,-1.7357110862261984
2013-11-22,20.33,-0.9700000000000024,-0.9657110862262024
2013-11-25,20.02,-0.3099999999999987,-0.30571108622619875
2013-11-26,19.68,-0.33999999999999986,-0.3357110862261999
2013-11-27,19.75,0.07000000000000028,0.07428891377380029
2013-11-29,19.33,-0.4200000000000017,-0.41571108622620173
2013-12-02,21.43,2.1000000000000014,2.1042889137738015
2013-12-03,21.09,-0.33999999999999986,-0.3357110862261999
2013-12-04,20.82,-0.2699999999999996,-0.2657110862261996
2013-12-05,21.78,0.9600000000000009,0.9642889137738009
2013-12-06,20.5,-1.2800000000000011,-1.275711086226201
2013-12-09,20.65,0.14999999999999858,0.15428891377379858
2013-12-10,19.63,-1.0199999999999996,-1.0157110862261995
2013-12-11,20.02,0.39000000000000057,0.39428891377380054
2013-12-12,22.24,2.219999999999999,2.224288913773799
2013-12-13,21.87,-0.36999999999999744,-0.36571108622619747
2013-12-16,21.91,0.03999999999999915,0.04428891377379915
2013-12-17,21.79,-0.120000000000001,-0.115711086226201
2013-12-18,21.39,-0.3999999999999986,-0.3957110862261986
2013-12-19,22.07,0.6799999999999997,0.6842889137737997
2013-12-20,21.01,-1.0599999999999987,-1.0557110862261987
2013-12-23,20.76,-0.25,-0.2457110862262
2013-12-24,20.08,-0.6800000000000033,-0.6757110862262032
2013-12-26,19.84,-0.23999999999999844,-0.23571108622619844
2013-12-27,19.1,-0.7399999999999984,-0.7357110862261984
2013-12-30,20.75,1.6499999999999986,1.6542889137737986
2013-12-31,21.65,0.8999999999999986,0.9042889137737986
2014-01-02,20.42,-1.2299999999999969,-1.2257110862261968
2014-01-03,19.19,-1.2300000000000004,-1.2257110862262004
2014-01-06,19.5,0.3099999999999987,0.3142889137737987
2014-01-07,19.12,-0.379999999999999,-0.37571108622619903
2014-01-08,19.43,0.3099999999999987,0.3142889137737987
2014-01-09,18.46,-0.9699999999999989,-0.9657110862261988
2014-01-10,17.27,-1.1900000000000013,-1.1857110862262012
2014-01-13,16.67,-0.5999999999999979,-0.5957110862261978
2014-01-14,16.5,-0.1700000000000017,-0.1657110862262017
2014-01-15,16.43,-0.07000000000000028,-0.06571108622620028
2014-01-16,15.39,-1.0399999999999991,-1.0357110862261991
2014-01-17,14.34,-1.0500000000000007,-1.0457110862262007
2014-01-21,15.97,1.6300000000000008,1.6342889137738008
2014-01-22,15.62,-0.3500000000000014,-0.34571108622620145
2014-01-23,16.01,0.39000000000000234,0.3942889137738023
2014-01-24,17.54,1.5299999999999976,1.5342889137737976
2014-01-27,18.38,0.8399999999999999,0.8442889137737999
2014-01-28,18.71,0.33000000000000185,0.3342889137738018
2014-01-29,17.45,-1.2600000000000016,-1.2557110862262015
2014-01-30,17.97,0.5199999999999996,0.5242889137737996
2014-01-31,18.62,0.6500000000000021,0.6542889137738022
2014-02-03,19.15,0.5299999999999976,0.5342889137737976
2014-02-04,18.51,-0.639999999999997,-0.635711086226197
2014-02-05,18.52,0.00999999999999801,0.01428891377379801
2014-02-06,17.93,-0.5899999999999999,-0.5857110862261998
2014-02-07,16.59,-1.3399999999999999,-1.3357110862261998
2014-02-10,17.08,0.48999999999999844,0.4942889137737984
2014-02-11,16.81,-0.2699999999999996,-0.2657110862261996
2014-02-12,16.23,-0.5799999999999983,-0.5757110862261983
2014-02-13,16.13,-0.10000000000000142,-0.09571108622620142
2014-02-14,16.26,0.13000000000000256,0.13428891377380256
2014-02-18,16.28,0.019999999999999574,0.024288913773799575
2014-02-19,16.48,0.1999999999999993,0.2042889137737993
2014-02-20,16.07,-0.41000000000000014,-0.40571108622620017
2014-02-21,15.73,-0.33999999999999986,-0.3357110862261999
2014-02-24,15.94,0.20999999999999908,0.21428891377379908
2014-02-25,15.86,-0.08000000000000007,-0.07571108622620007
2014-02-26,16.46,0.6000000000000014,0.6042889137738015
2014-02-27,15.75,-0.7100000000000009,-0.7057110862262008
2014-02-28,16.07,0.3200000000000003,0.32428891377380026
2014-03-03,17.05,0.9800000000000004,0.9842889137738005
2014-03-04,16.75,-0.3000000000000007,-0.29571108622620074
2014-03-05,16.58,-0.1700000000000017,-0.1657110862262017
2014-03-06,16.31,-0.2699999999999996,-0.2657110862261996
2014-03-07,15.82,-0.48999999999999844,-0.48571108622619846
2014-03-10,15.83,0.009999999999999787,0.014288913773799787
2014-03-11,16.14,0.3100000000000005,0.31428891377380047
2014-03-12,16.67,0.5300000000000011,0.5342889137738012
2014-03-13,17.3,0.629999999999999,0.634288913773799
2014-03-14,18.32,1.0199999999999996,1.0242889137737996
2014-03-17,17.87,-0.4499999999999993,-0.4457110862261993
2014-03-18,17.37,-0.5,-0.4957110862262
2014-03-19,17.59,0.21999999999999886,0.22428891377379886
2014-03-20,16.91,-0.6799999999999997,-0.6757110862261997
2014-03-21,16.43,-0.4800000000000004,-0.47571108622620045
2014-03-24,17.53,1.1000000000000014,1.1042889137738015
2014-03-25,17.16,-0.370000000000001,-0.365711086226201
2014-03-26,17.32,0.16000000000000014,0.16428891377380014
2014-03-27,17.6,0.28000000000000114,0.2842889137738011
2014-03-28,17.48,-0.120000000000001,-0.115711086226201
2014-03-31,17.37,-0.10999999999999943,-0.10571108622619943
2014-04-01,16.65,-0.7200000000000024,-0.7157110862262024
2014-04-02,16.19,-0.4599999999999973,-0.4557110862261973
2014-04-03,16.01,-0.17999999999999972,-0.17571108622619971
2014-04-04,15.81,-0.20000000000000107,-0.19571108622620106
2014-04-07,15.95,0.1399999999999988,0.1442889137737988
2014-04-08,15.99,0.040000000000000924,0.044288913773800925
2014-04-09,14.83,-1.1600000000000001,-1.1557110862262001
2014-04-10,15.06,0.23000000000000043,0.23428891377380043
2014-04-11,15.19,0.129999999999999,0.134288913773799
2014-04-14,15.34,0.15000000000000036,0.15428891377380036
2014-04-15,16.1,0.7600000000000016,0.7642889137738016
2014-04-16,15.44,-0.6600000000000019,-0.6557110862262019
2014-04-17,15.96,0.5200000000000014,0.5242889137738014
2014-04-21,16.22,0.259999999999998,0.264288913773798
2014-04-22,16.19,-0.029999999999997584,-0.025711086226197583
2014-04-23,15.61,-0.5800000000000018,-0.5757110862262018
2014-04-24,15.86,0.25,0.2542889137738
2014-04-25,16.07,0.21000000000000085,0.21428891377380085
2014-04-28,15.56,-0.5099999999999998,-0.5057110862261998
2014-04-29,15.31,-0.25,-0.2457110862262
2014-04-30,15.52,0.20999999999999908,0.21428891377379908
2014-05-01,15.15,-0.3699999999999992,-0.36571108622619924
2014-05-02,14.85,-0.3000000000000007,-0.29571108622620074
2014-05-05,15.51,0.6600000000000001,0.6642889137738002
2014-05-06,15.02,-0.4900000000000002,-0.48571108622620024
2014-05-07,15.4,0.3800000000000008,0.38428891377380076
2014-05-08,14.87,-0.5300000000000011,-0.5257110862262011
2014-05-09,14.76,-0.10999999999999943,-0.10571108622619943
2014-05-12,14.04,-0.7200000000000006,-0.7157110862262006
2014-05-13,13.61,-0.4299999999999997,-0.42571108622619974
2014-05-14,13.76,0.15000000000000036,0.15428891377380036
2014-05-15,14.57,0.8100000000000005,0.8142889137738005
2014-05-16,14.04,-0.5300000000000011,-0.5257110862262011
2014-05-19,14.23,0.19000000000000128,0.19428891377380128
2014-05-20,14.07,-0.16000000000000014,-0.15571108622620014
2014-05-21,14.36,0.28999999999999915,0.2942889137737991
2014-05-22,13.98,-0.379999999999999,-0.37571108622619903
2014-05-23,14.52,0.5399999999999991,0.5442889137737992
2014-05-27,16.21,1.6900000000000013,1.6942889137738013
2014-05-28,15.8,-0.41000000000000014,-0.40571108622620017
2014-05-29,15.01,-0.7900000000000009,-0.7857110862262009
2014-05-30,15.34,0.33000000000000007,0.33428891377380004
2014-06-02,15.55,0.21000000000000085,0.21428891377380085
2014-06-03,15.05,-0.5,-0.4957110862262
2014-06-04,14.79,-0.26000000000000156,-0.2557110862262016
2014-06-05,14.15,-0.6399999999999988,-0.6357110862261988
2014-06-06,13.22,-0.9299999999999997,-0.9257110862261997
2014-06-09,12.77,-0.45000000000000107,-0.4457110862262011
2014-06-10,12.37,-0.40000000000000036,-0.3957110862262004
2014-06-11,12.36,-0.009999999999999787,-0.005711086226199787
2014-06-12,12.91,0.5500000000000007,0.5542889137738007
2014-06-13,12.52,-0.39000000000000057,-0.3857110862262006
2014-06-16,12.41,-0.10999999999999943,-0.10571108622619943
2014-06-17,12.53,0.11999999999999922,0.12428891377379922
2014-06-18,12.11,-0.41999999999999993,-0.41571108622619996
2014-06-19,14.48,2.370000000000001,2.374288913773801
2014-06-20,12.79,-1.6900000000000013,-1.6857110862262012
2014-06-23,12.93,0.14000000000000057,0.14428891377380057
2014-06-24,12.96,0.030000000000001137,0.03428891377380114
2014-06-25,12.92,-0.040000000000000924,-0.03571108622620092
2014-06-26,12.76,-0.16000000000000014,-0.15571108622620014
2014-06-27,12.64,-0.11999999999999922,-0.11571108622619922
2014-06-30,14.01,1.3699999999999992,1.3742889137737992
2014-07-01,13.74,-0.2699999999999996,-0.2657110862261996
2014-07-02,13.89,0.15000000000000036,0.15428891377380036
2014-07-03,12.99,-0.9000000000000004,-0.8957110862262003
2014-07-07,12.99,0.0,0.0042889137738
2014-07-08,12.83,-0.16000000000000014,-0.15571108622620014
2014-07-09,13.05,0.22000000000000064,0.22428891377380064
2014-07-10,12.91,-0.14000000000000057,-0.13571108622620057
2014-07-11,13.27,0.35999999999999943,0.3642889137737994
2014-07-14,14.23,0.9600000000000009,0.9642889137738009
2014-07-15,14.73,0.5,0.5042889137738
2014-07-16,14.67,-0.0600000000000005,-0.055711086226200496
2014-07-17,15.52,0.8499999999999996,0.8542889137737997
2014-07-18,14.35,-1.17,-1.1657110862262
2014-07-21,14.69,0.33999999999999986,0.34428891377379983
2014-07-22,14.62,-0.07000000000000028,-0.06571108622620028
2014-07-23,14.07,-0.5499999999999989,-0.5457110862261989
2014-07-24,14.33,0.2599999999999998,0.26428891377379976
2014-07-25,14.68,0.34999999999999964,0.3542889137737996
2014-07-28,14.55,-0.129999999999999,-0.125711086226199
2014-07-29,15.05,0.5,0.5042889137738
2014-07-30,14.85,-0.20000000000000107,-0.19571108622620106
2014-07-31,15.46,0.6100000000000012,0.6142889137738012
2014-08-01,14.37,-1.0900000000000016,-1.0857110862262016
2014-08-04,14.17,-0.1999999999999993,-0.1957110862261993
2014-08-05,14.76,0.5899999999999999,0.5942889137737999
2014-08-06,14.51,-0.25,-0.2457110862262
2014-08-07,14.82,0.3100000000000005,0.31428891377380047
2014-08-08,14.85,0.02999999999999936,0.03428891377379936
2014-08-11,14.49,-0.35999999999999943,-0.35571108622619946
2014-08-12,14.35,-0.14000000000000057,-0.13571108622620057
2014-08-13,13.53,-0.8200000000000003,-0.8157110862262003
2014-08-14,12.55,-0.9799999999999986,-0.9757110862261986
2014-08-15,13.33,0.7799999999999994,0.7842889137737994
2014-08-18,13.46,0.13000000000000078,0.13428891377380078
2014-08-19,13.43,-0.030000000000001137,-0.025711086226201135
2014-08-20,13.51,0.08000000000000007,0.08428891377380007
2014-08-21,13.84,0.33000000000000007,0.33428891377380004
2014-08-22,13.46,-0.379999999999999,-0.37571108622619903
2014-08-25,13.55,0.08999999999999986,0.09428891377379986
2014-08-26,13.24,-0.3100000000000005,-0.3057110862262005
2014-08-27,12.72,-0.5199999999999996,-0.5157110862261995
2014-08-28,12.9,0.17999999999999972,0.18428891377379972
2014-08-29,12.85,-0.05000000000000071,-0.04571108622620071
2014-09-02,14.05,1.200000000000001,1.204288913773801
2014-09-03,13.44,-0.6100000000000012,-0.6057110862262012
2014-09-04,14.01,0.5700000000000003,0.5742889137738003
2014-09-05,13.27,-0.7400000000000002,-0.7357110862262002
2014-09-08,14.47,1.200000000000001,1.204288913773801
2014-09-09,15.36,0.8899999999999988,0.8942889137737988
2014-09-10,15.89,0.5300000000000011,0.5342889137738012
2014-09-11,16.42,0.5300000000000011,0.5342889137738012
2014-09-12,17.86,1.4399999999999977,1.4442889137737978
2014-09-15,16.5,-1.3599999999999994,-1.3557110862261994
2014-09-16,16.58,0.0799999999999983,0.0842889137737983
2014-09-17,17.14,0.5600000000000023,0.5642889137738023
2014-09-18,15.5,-1.6400000000000006,-1.6357110862262005
2014-09-19,16.9,1.3999999999999986,1.4042889137737986
2014-09-22,16.44,-0.4599999999999973,-0.4557110862261973
2014-09-23,16.65,0.2099999999999973,0.2142889137737973
2014-09-24,17.21,0.5600000000000023,0.5642889137738023
2014-09-25,17.99,0.7799999999999976,0.7842889137737976
2014-09-26,17.84,-0.14999999999999858,-0.14571108622619858
2014-09-29,17.17,-0.6699999999999982,-0.6657110862261981
2014-09-30,18.83,1.6599999999999966,1.6642889137737966
2014-10-01,18.73,-0.09999999999999787,-0.09571108622619787
2014-10-02,18.2,-0.5300000000000011,-0.5257110862262011
2014-10-03,19.13,0.9299999999999997,0.9342889137737997
2014-10-06,17.6,-1.5299999999999976,-1.5257110862261976
2014-10-07,17.56,-0.0400000000000027,-0.0357110862262027
2014-10-08,17.5,-0.05999999999999872,-0.05571108622619872
2014-10-09,17.86,0.35999999999999943,0.3642889137737994
2014-10-10,18.11,0.25,0.2542889137738
2014-10-13,17.69,-0.41999999999999815,-0.4157110862261982
2014-10-14,17.98,0.28999999999999915,0.2942889137737991
2014-10-15,20.04,2.0599999999999987,2.0642889137737988
2014-10-16,19.68,-0.35999999999999943,-0.35571108622619946
2014-10-17,18.08,-1.6000000000000014,-1.5957110862262014
2014-10-20,17.27,-0.8099999999999987,-0.8057110862261987
2014-10-21,17.01,-0.259999999999998,-0.25571108622619804
2014-10-22,16.58,-0.43000000000000327,-0.4257110862262033
2014-10-23,16.91,0.33000000000000185,0.3342889137738018
2014-10-24,16.24,-0.6700000000000017,-0.6657110862262017
2014-10-27,16.49,0.25,0.2542889137738
2014-10-28,16.3,-0.18999999999999773,-0.18571108622619772
2014-10-29,16.75,0.4499999999999993,0.45428891377379926
2014-10-30,18.08,1.3299999999999983,1.3342889137737983
2014-10-31,21.54,3.460000000000001,3.464288913773801
2014-11-03,21.1,-0.4399999999999977,-0.43571108622619775
2014-11-04,20.1,-1.0,-0.9957110862262
2014-11-05,23.38,3.2799999999999976,3.2842889137737976
2014-11-06,23.18,-0.1999999999999993,-0.1957110862261993
2014-11-07,21.38,-1.8000000000000007,-1.7957110862262007
2014-11-10,22.23,0.8500000000000014,0.8542889137738015
2014-11-11,21.43,-0.8000000000000007,-0.7957110862262007
2014-11-12,21.29,-0.14000000000000057,-0.13571108622620057
2014-11-13,20.98,-0.3099999999999987,-0.30571108622619875
2014-11-14,23.36,2.379999999999999,2.384288913773799
2014-11-17,23.37,0.010000000000001563,0.014288913773801563
2014-11-18,23.97,0.5999999999999979,0.6042889137737979
2014-11-19,24.26,0.2900000000000027,0.2942889137738027
2014-11-20,21.5,-2.7600000000000016,-2.7557110862262015
2014-11-21,21.23,-0.2699999999999996,-0.2657110862261996
2014-11-24,20.64,-0.5899999999999999,-0.5857110862261998
2014-11-25,20.67,0.030000000000001137,0.03428891377380114
2014-11-26,21.24,0.5699999999999967,0.5742889137737968
2014-11-28,25.17,3.9300000000000033,3.9342889137738033
2014-12-01,22.33,-2.8400000000000034,-2.8357110862262034
2014-12-02,21.29,-1.0399999999999991,-1.0357110862261991
2014-12-03,20.62,-0.6699999999999982,-0.6657110862261981
2014-12-04,20.29,-0.33000000000000185,-0.3257110862262019
2014-12-05,20.02,-0.2699999999999996,-0.2657110862261996
2014-12-08,19.62,-0.3999999999999986,-0.3957110862261986
2014-12-09,20.04,0.41999999999999815,0.4242889137737981
2014-12-10,19.27,-0.7699999999999996,-0.7657110862261995
2014-12-11,19.11,-0.16000000000000014,-0.15571108622620014
2014-12-12,19.66,0.5500000000000007,0.5542889137738007
2014-12-15,20.95,1.2899999999999991,1.2942889137737992
2014-12-16,22.08,1.129999999999999,1.134288913773799
2014-12-17,20.9,-1.1799999999999997,-1.1757110862261997
2014-12-18,19.28,-1.6199999999999974,-1.6157110862261974
2014-12-19,18.68,-0.6000000000000014,-0.5957110862262014
2014-12-22,20.26,1.5800000000000018,1.5842889137738019
2014-12-23,19.76,-0.5,-0.4957110862262
2014-12-24,19.37,-0.39000000000000057,-0.3857110862262006
2014-12-26,18.92,-0.4499999999999993,-0.4457110862261993
2014-12-29,20.15,1.2299999999999969,1.234288913773797
2014-12-30,19.48,-0.6699999999999982,-0.6657110862261981
2014-12-31,20.08,0.5999999999999979,0.6042889137737979
2015-01-02,20.23,0.15000000000000213,0.15428891377380213
2015-01-05,21.26,1.0300000000000011,1.0342889137738012
2015-01-06,20.78,-0.4800000000000004,-0.47571108622620045
2015-01-07,20.35,-0.4299999999999997,-0.42571108622619974
2015-01-08,19.2,-1.1500000000000021,-1.145711086226202
2015-01-09,18.44,-0.759999999999998,-0.755711086226198
2015-01-12,17.65,-0.7900000000000027,-0.7857110862262027
2015-01-13,17.63,-0.019999999999999574,-0.015711086226199572
2015-01-14,18.52,0.8900000000000006,0.8942889137738006
2015-01-15,21.83,3.3099999999999987,3.3142889137737988
2015-01-16,22.66,0.8300000000000018,0.8342889137738019
2015-01-20,23.43,0.7699999999999996,0.7742889137737996
2015-01-21,22.34,-1.0899999999999999,-1.0857110862261998
2015-01-22,21.25,-1.0899999999999999,-1.0857110862261998
2015-01-23,20.62,-0.629999999999999,-0.625711086226199
2015-01-26,20.04,-0.5800000000000018,-0.5757110862262018
2015-01-27,20.16,0.120000000000001,0.124288913773801
2015-01-28,19.31,-0.8500000000000014,-0.8457110862262014
2015-01-29,20.25,0.9400000000000013,0.9442889137738013
2015-01-30,19.65,-0.6000000000000014,-0.5957110862262014
2015-02-02,20.33,0.6799999999999997,0.6842889137737997
2015-02-03,20.3,-0.029999999999997584,-0.025711086226197583
2015-02-04,20.36,0.05999999999999872,0.06428891377379872
2015-02-05,20.06,-0.3000000000000007,-0.29571108622620074
2015-02-06,20.59,0.5300000000000011,0.5342889137738012
2015-02-09,20.3,-0.28999999999999915,-0.2857110862261992
2015-02-10,19.71,-0.5899999999999999,-0.5857110862261998
2015-02-11,20.07,0.35999999999999943,0.3642889137737994
2015-02-12,19.31,-0.7600000000000016,-0.7557110862262015
2015-02-13,18.49,-0.8200000000000003,-0.8157110862262003
2015-02-17,19.61,1.120000000000001,1.124288913773801
2015-02-18,19.54,-0.07000000000000028,-0.06571108622620028
2015-02-19,18.62,-0.9199999999999982,-0.9157110862261981
2015-02-20,19.26,0.6400000000000006,0.6442889137738006
2015-02-23,19.4,0.13999999999999702,0.14428891377379702
2015-02-24,18.77,-0.629999999999999,-0.625711086226199
2015-02-25,17.4,-1.370000000000001,-1.365711086226201
2015-02-26,16.65,-0.75,-0.7457110862262
2015-02-27,15.91,-0.7399999999999984,-0.7357110862261984
2015-03-02,16.38,0.46999999999999886,0.47428891377379884
2015-03-03,16.76,0.38000000000000256,0.38428891377380253
2015-03-04,16.66,-0.10000000000000142,-0.09571108622620142
2015-03-05,16.9,0.23999999999999844,0.24428891377379844
2015-03-06,18.43,1.5300000000000011,1.5342889137738012
2015-03-09,17.58,-0.8500000000000014,-0.8457110862262014
2015-03-10,18.97,1.3900000000000006,1.3942889137738006
2015-03-11,20.01,1.0400000000000027,1.0442889137738027
2015-03-12,19.07,-0.9400000000000013,-0.9357110862262012
2015-03-13,18.9,-0.1700000000000017,-0.1657110862262017
2015-03-16,19.14,0.240000000000002,0.244288913773802
2015-03-17,20.83,1.6899999999999977,1.6942889137737978
2015-03-18,18.65,-2.1799999999999997,-2.1757110862261997
2015-03-19,17.25,-1.3999999999999986,-1.3957110862261985
2015-03-20,17.21,-0.03999999999999915,-0.035711086226199146
2015-03-23,17.26,0.05000000000000071,0.05428891377380071
2015-03-24,16.84,-0.4200000000000017,-0.41571108622620173
2015-03-25,16.38,-0.46000000000000085,-0.4557110862262009
2015-03-26,16.02,-0.35999999999999943,-0.35571108622619946
2015-03-27,15.83,-0.1899999999999995,-0.1857110862261995
2015-03-30,16.64,0.8100000000000005,0.8142889137738005
2015-03-31,16.34,-0.3000000000000007,-0.29571108622620074
2015-04-01,16.04,-0.3000000000000007,-0.29571108622620074
2015-04-02,16.01,-0.029999999999997584,-0.025711086226197583
2015-04-06,15.74,-0.27000000000000135,-0.2657110862262014
2015-04-07,15.2,-0.5400000000000009,-0.5357110862262009
2015-04-08,14.79,-0.41000000000000014,-0.40571108622620017
2015-04-09,15.0,0.21000000000000085,0.21428891377380085
2015-04-10,14.23,-0.7699999999999996,-0.7657110862261995
2015-04-13,14.79,0.5599999999999987,0.5642889137737988
2015-04-14,15.18,0.39000000000000057,0.39428891377380054
2015-04-15,14.6,-0.5800000000000001,-0.5757110862262
2015-04-16,14.54,-0.0600000000000005,-0.055711086226200496
2015-04-17,14.47,-0.06999999999999851,-0.0657110862261985
2015-04-20,15.39,0.9199999999999999,0.9242889137738
2015-04-21,15.04,-0.3500000000000014,-0.34571108622620145
2015-04-22,15.79,0.75,0.7542889137738
2015-04-23,15.87,0.08000000000000007,0.08428891377380007
2015-04-24,16.39,0.5200000000000014,0.5242889137738014
2015-04-27,16.42,0.030000000000001137,0.03428891377380114
2015-04-28,16.19,-0.23000000000000043,-0.22571108622620042
2015-04-29,15.95,-0.240000000000002,-0.235711086226202
2015-04-30,16.76,0.8100000000000023,0.8142889137738023
2015-05-01,17.29,0.5299999999999976,0.5342889137737976
2015-05-04,17.62,0.33000000000000185,0.3342889137738018
2015-05-05,17.15,-0.4700000000000024,-0.46571108622620244
2015-05-06,17.53,0.38000000000000256,0.38428891377380253
2015-05-07,17.91,0.379999999999999,0.384288913773799
2015-05-08,15.84,-2.0700000000000003,-2.0657110862262003
2015-05-11,15.94,0.09999999999999964,0.10428891377379965
2015-05-12,15.63,-0.3099999999999987,-0.30571108622619875
2015-05-13,15.93,0.29999999999999893,0.3042889137737989
2015-05-14,16.21,0.28000000000000114,0.2842889137738011
2015-05-15,15.48,-0.7300000000000004,-0.7257110862262004
2015-05-18,15.81,0.33000000000000007,0.33428891377380004
2015-05-19,15.88,0.07000000000000028,0.07428891377380029
2015-05-20,15.25,-0.6300000000000008,-0.6257110862262008
2015-05-21,14.62,-0.6300000000000008,-0.6257110862262008
2015-05-22,14.19,-0.4299999999999997,-0.42571108622619974
2015-05-26,15.22,1.0300000000000011,1.0342889137738012
2015-05-27,14.08,-1.1400000000000006,-1.1357110862262005
2015-05-28,14.51,0.4299999999999997,0.4342889137737997
2015-05-29,13.99,-0.5199999999999996,-0.5157110862261995
2015-06-01,14.88,0.8900000000000006,0.8942889137738006
2015-06-02,14.86,-0.02000000000000135,-0.01571108622620135
2015-06-03,15.15,0.2900000000000009,0.2942889137738009
2015-06-04,16.01,0.8600000000000012,0.8642889137738012
2015-06-05,15.12,-0.8900000000000023,-0.8857110862262023
2015-06-08,15.14,0.02000000000000135,0.02428891377380135
2015-06-09,14.83,-0.3100000000000005,-0.3057110862262005
2015-06-10,14.37,-0.46000000000000085,-0.4557110862262009
2015-06-11,14.3,-0.06999999999999851,-0.0657110862261985
2015-06-12,13.99,-0.3100000000000005,-0.3057110862262005
2015-06-15,14.34,0.34999999999999964,0.3542889137737996
2015-06-16,14.36,0.019999999999999574,0.024288913773799575
2015-06-17,13.58,-0.7799999999999994,-0.7757110862261993
2015-06-18,13.53,-0.05000000000000071,-0.04571108622620071
2015-06-19,13.26,-0.2699999999999996,-0.2657110862261996
2015-06-22,13.85,0.5899999999999999,0.5942889137737999
2015-06-23,13.89,0.040000000000000924,0.044288913773800925
2015-06-24,13.83,-0.0600000000000005,-0.055711086226200496
2015-06-25,13.12,-0.7100000000000009,-0.7057110862262008
2015-06-26,13.22,0.10000000000000142,0.10428891377380142
2015-06-29,14.5,1.2799999999999994,1.2842889137737994
2015-06-30,15.34,0.8399999999999999,0.8442889137737999
2015-07-01,14.86,-0.4800000000000004,-0.47571108622620045
2015-07-02,14.42,-0.4399999999999995,-0.43571108622619953
2015-07-06,14.25,-0.16999999999999993,-0.16571108622619993
2015-07-07,15.23,0.9800000000000004,0.9842889137738005
