Date,Values,Delta Calculations,Delta - Mean(-0.01503894081)
2010-06-01,44.97, , 
2010-06-02,43.26,-1.7100000000000009,-1.6949610591900008
2010-06-03,40.29,-2.969999999999999,-2.954961059189999
2010-06-04,45.4,5.109999999999999,5.12503894081
2010-06-07,47.77,2.3700000000000045,2.3850389408100043
2010-06-08,47.14,-0.6300000000000026,-0.6149610591900025
2010-06-09,47.41,0.269999999999996,0.28503894080999603
2010-06-10,43.04,-4.369999999999997,-4.354961059189997
2010-06-11,40.18,-2.8599999999999994,-2.8449610591899996
2010-06-14,41.08,0.8999999999999986,0.9150389408099986
2010-06-15,37.59,-3.489999999999995,-3.474961059189995
2010-06-16,37.26,-0.3300000000000054,-0.3149610591900054
2010-06-17,38.01,0.75,0.76503894081
2010-06-18,37.98,-0.030000000000001137,-0.014961059190001137
2010-06-21,38.97,0.990000000000002,1.005038940810002
2010-06-22,39.5,0.5300000000000011,0.5450389408100011
2010-06-23,42.02,2.520000000000003,2.535038940810003
2010-06-24,43.28,1.259999999999998,1.275038940809998
2010-06-25,42.16,-1.1200000000000045,-1.1049610591900045
2010-06-28,42.86,0.7000000000000028,0.7150389408100029
2010-06-29,48.61,5.75,5.76503894081
2010-06-30,49.24,0.6300000000000026,0.6450389408100026
2010-07-01,49.61,0.36999999999999744,0.38503894080999745
2010-07-02,47.17,-2.4399999999999977,-2.424961059189998
2010-07-06,47.61,0.4399999999999977,0.45503894080999774
2010-07-07,43.6,-4.009999999999998,-3.994961059189998
2010-07-08,43.66,0.05999999999999517,0.07503894080999517
2010-07-09,42.45,-1.2099999999999937,-1.1949610591899937
2010-07-12,41.92,-0.5300000000000011,-0.5149610591900011
2010-07-13,43.71,1.7899999999999991,1.8050389408099992
2010-07-14,44.1,0.39000000000000057,0.4050389408100006
2010-07-15,46.07,1.9699999999999989,1.9850389408099989
2010-07-16,45.11,-0.9600000000000009,-0.9449610591900008
2010-07-19,45.27,0.1600000000000037,0.1750389408100037
2010-07-20,41.96,-3.3100000000000023,-3.2949610591900025
2010-07-21,35.84,-6.119999999999997,-6.104961059189997
2010-07-22,33.09,-2.75,-2.73496105919
2010-07-23,31.24,-1.850000000000005,-1.834961059190005
2010-07-26,31.07,-0.16999999999999815,-0.15496105918999814
2010-07-27,30.95,-0.120000000000001,-0.104961059190001
2010-07-28,30.51,-0.4399999999999977,-0.4249610591899977
2010-07-29,30.9,0.389999999999997,0.40503894080999703
2010-07-30,31.57,0.6700000000000017,0.6850389408100017
2010-08-02,30.22,-1.3500000000000014,-1.3349610591900014
2010-08-03,29.94,-0.2799999999999976,-0.26496105918999757
2010-08-04,30.14,0.1999999999999993,0.2150389408099993
2010-08-05,30.47,0.3299999999999983,0.3450389408099983
2010-08-06,29.85,-0.6199999999999974,-0.6049610591899974
2010-08-09,29.88,0.029999999999997584,0.04503894080999758
2010-08-10,29.88,0.0,0.01503894081
2010-08-11,33.47,3.59,3.6050389408099996
2010-08-12,33.28,-0.18999999999999773,-0.17496105918999771
2010-08-13,33.13,-0.14999999999999858,-0.13496105918999857
2010-08-16,32.43,-0.7000000000000028,-0.6849610591900028
2010-08-17,31.67,-0.759999999999998,-0.744961059189998
2010-08-18,31.62,-0.05000000000000071,-0.03496105919000071
2010-08-19,32.45,0.8300000000000018,0.8450389408100019
2010-08-20,31.49,-0.9600000000000044,-0.9449610591900044
2010-08-23,33.69,2.1999999999999993,2.215038940809999
2010-08-24,36.32,2.6300000000000026,2.6450389408100023
2010-08-25,36.6,0.28000000000000114,0.29503894081000115
2010-08-26,35.97,-0.6300000000000026,-0.6149610591900025
2010-08-27,34.65,-1.3200000000000003,-1.3049610591900003
2010-08-30,35.25,0.6000000000000014,0.6150389408100014
2010-08-31,34.61,-0.6400000000000006,-0.6249610591900006
2010-09-01,31.14,-3.469999999999999,-3.454961059189999
2010-09-02,29.86,-1.2800000000000011,-1.2649610591900011
2010-09-03,28.62,-1.2399999999999984,-1.2249610591899984
2010-09-07,31.17,2.5500000000000007,2.5650389408100005
2010-09-08,30.78,-0.39000000000000057,-0.37496105919000056
2010-09-09,30.8,0.019999999999999574,0.03503894080999957
2010-09-10,30.82,0.019999999999999574,0.03503894080999957
2010-09-13,29.81,-1.0100000000000016,-0.9949610591900016
2010-09-14,29.4,-0.41000000000000014,-0.39496105919000013
2010-09-15,29.51,0.11000000000000298,0.125038940810003
2010-09-16,31.15,1.639999999999997,1.655038940809997
2010-09-17,31.05,-0.09999999999999787,-0.08496105918999787
2010-09-20,31.54,0.48999999999999844,0.5050389408099984
2010-09-21,32.43,0.8900000000000006,0.9050389408100006
2010-09-22,33.07,0.6400000000000006,0.6550389408100006
2010-09-23,34.17,1.1000000000000014,1.1150389408100014
2010-09-24,34.25,0.0799999999999983,0.09503894080999829
2010-09-27,34.68,0.4299999999999997,0.44503894080999973
2010-09-28,35.38,0.7000000000000028,0.7150389408100029
2010-09-29,35.48,0.09999999999999432,0.11503894080999431
2010-09-30,35.92,0.44000000000000483,0.45503894081000484
2010-10-01,35.57,-0.3500000000000014,-0.3349610591900014
2010-10-04,36.5,0.9299999999999997,0.9450389408099997
2010-10-05,36.13,-0.36999999999999744,-0.35496105918999743
2010-10-06,36.52,0.39000000000000057,0.4050389408100006
2010-10-07,36.28,-0.240000000000002,-0.22496105919000198
2010-10-08,36.03,-0.25,-0.23496105919
2010-10-11,36.89,0.8599999999999994,0.8750389408099994
2010-10-12,36.0,-0.8900000000000006,-0.8749610591900006
2010-10-13,35.93,-0.07000000000000028,-0.054961059190000286
2010-10-14,36.45,0.5200000000000031,0.5350389408100031
2010-10-15,42.34,5.890000000000001,5.905038940810001
2010-10-18,45.44,3.0999999999999943,3.115038940809994
2010-10-19,33.75,-11.689999999999998,-11.674961059189998
2010-10-20,30.19,-3.5599999999999987,-3.544961059189999
2010-10-21,29.26,-0.9299999999999997,-0.9149610591899997
2010-10-22,29.11,-0.15000000000000213,-0.13496105919000212
2010-10-25,29.19,0.08000000000000185,0.09503894081000185
2010-10-26,29.71,0.5199999999999996,0.5350389408099996
2010-10-27,30.31,0.5999999999999979,0.6150389408099979
2010-10-28,30.94,0.6300000000000026,0.6450389408100026
2010-10-29,32.58,1.639999999999997,1.655038940809997
2010-11-01,32.03,-0.5499999999999972,-0.5349610591899971
2010-11-02,31.66,-0.370000000000001,-0.354961059190001
2010-11-03,29.97,-1.6900000000000013,-1.6749610591900013
2010-11-04,29.75,-0.21999999999999886,-0.20496105918999885
2010-11-05,30.89,1.1400000000000006,1.1550389408100006
2010-11-08,30.61,-0.28000000000000114,-0.2649610591900011
2010-11-09,29.42,-1.1899999999999977,-1.1749610591899977
2010-11-10,28.89,-0.5300000000000011,-0.5149610591900011
2010-11-11,30.55,1.6600000000000001,1.6750389408100002
2010-11-12,33.87,3.3199999999999967,3.3350389408099965
2010-11-15,33.13,-0.7399999999999949,-0.7249610591899949
2010-11-16,33.41,0.27999999999999403,0.29503894080999404
2010-11-17,32.97,-0.4399999999999977,-0.4249610591899977
2010-11-18,30.01,-2.9599999999999973,-2.9449610591899975
2010-11-19,30.58,0.5699999999999967,0.5850389408099967
2010-11-22,30.03,-0.5499999999999972,-0.5349610591899971
2010-11-23,32.85,2.8200000000000003,2.83503894081
2010-11-24,30.69,-2.16,-2.1449610591900004
2010-11-26,31.91,1.2199999999999989,1.2350389408099989
2010-11-29,33.05,1.139999999999997,1.155038940809997
2010-11-30,35.24,2.190000000000005,2.2050389408100046
2010-12-01,31.74,-3.5000000000000036,-3.4849610591900038
2010-12-02,30.71,-1.0299999999999976,-1.0149610591899976
2010-12-03,29.41,-1.3000000000000007,-1.2849610591900007
2010-12-06,29.56,0.14999999999999858,0.1650389408099986
2010-12-07,29.25,-0.3099999999999987,-0.2949610591899987
2010-12-08,28.6,-0.6499999999999986,-0.6349610591899986
2010-12-09,28.81,0.2099999999999973,0.2250389408099973
2010-12-10,28.98,0.1700000000000017,0.18503894081000172
2010-12-13,27.06,-1.9200000000000017,-1.9049610591900017
2010-12-14,25.08,-1.9800000000000004,-1.9649610591900004
2010-12-15,24.95,-0.129999999999999,-0.11496105918999901
2010-12-16,25.12,0.1700000000000017,0.18503894081000172
2010-12-17,25.2,0.0799999999999983,0.09503894080999829
2010-12-20,25.7,0.5,0.51503894081
2010-12-21,25.52,-0.17999999999999972,-0.1649610591899997
2010-12-22,26.3,0.7800000000000011,0.7950389408100011
2010-12-23,26.84,0.5399999999999991,0.5550389408099992
2010-12-27,32.42,5.580000000000002,5.595038940810002
2010-12-28,32.77,0.3500000000000014,0.36503894081000143
2010-12-29,31.96,-0.8100000000000023,-0.7949610591900023
2010-12-30,32.35,0.39000000000000057,0.4050389408100006
2010-12-31,34.29,1.9399999999999977,1.9550389408099977
2011-01-03,32.73,-1.5600000000000023,-1.5449610591900023
2011-01-04,32.49,-0.23999999999999488,-0.22496105918999487
2011-01-05,31.83,-0.6600000000000037,-0.6449610591900037
2011-01-06,31.92,0.09000000000000341,0.10503894081000341
2011-01-07,31.57,-0.3500000000000014,-0.3349610591900014
2011-01-10,32.7,1.1300000000000026,1.1450389408100026
2011-01-11,31.77,-0.9300000000000033,-0.9149610591900033
2011-01-12,30.16,-1.6099999999999994,-1.5949610591899994
2011-01-13,30.45,0.28999999999999915,0.30503894080999916
2011-01-14,29.75,-0.6999999999999993,-0.6849610591899993
2011-01-18,34.26,4.509999999999998,4.525038940809998
2011-01-19,29.27,-4.989999999999998,-4.974961059189998
2011-01-20,28.79,-0.4800000000000004,-0.4649610591900004
2011-01-21,31.03,2.240000000000002,2.255038940810002
2011-01-24,28.84,-2.1900000000000013,-2.1749610591900015
2011-01-25,27.96,-0.879999999999999,-0.864961059189999
2011-01-26,26.77,-1.1900000000000013,-1.1749610591900013
2011-01-27,26.53,-0.23999999999999844,-0.22496105918999842
2011-01-28,28.73,2.1999999999999993,2.215038940809999
2011-01-31,27.43,-1.3000000000000007,-1.2849610591900007
2011-02-01,25.17,-2.259999999999998,-2.244961059189998
2011-02-02,25.15,-0.020000000000003126,-0.004961059190003126
2011-02-03,25.11,-0.03999999999999915,-0.02496105918999915
2011-02-04,24.2,-0.9100000000000001,-0.8949610591900001
2011-02-07,24.45,0.25,0.26503894081
2011-02-08,23.88,-0.5700000000000003,-0.5549610591900003
2011-02-09,24.51,0.6300000000000026,0.6450389408100026
2011-02-10,26.02,1.509999999999998,1.525038940809998
2011-02-11,24.64,-1.379999999999999,-1.364961059189999
2011-02-14,23.94,-0.6999999999999993,-0.6849610591899993
2011-02-15,23.58,-0.360000000000003,-0.34496105919000297
2011-02-16,23.12,-0.4599999999999973,-0.4449610591899973
2011-02-17,27.23,4.109999999999999,4.12503894081
2011-02-18,31.71,4.48,4.495038940810001
2011-02-22,36.82,5.109999999999999,5.12503894081
2011-02-23,34.09,-2.729999999999997,-2.714961059189997
2011-02-24,33.31,-0.7800000000000011,-0.7649610591900011
2011-02-25,31.06,-2.2500000000000036,-2.2349610591900038
2011-02-28,30.76,-0.29999999999999716,-0.28496105918999715
2011-03-01,32.24,1.4800000000000004,1.4950389408100004
2011-03-02,29.75,-2.490000000000002,-2.474961059190002
2011-03-03,26.89,-2.8599999999999994,-2.8449610591899996
2011-03-04,28.12,1.2300000000000004,1.2450389408100004
2011-03-07,30.45,2.3299999999999983,2.345038940809998
2011-03-08,28.97,-1.4800000000000004,-1.4649610591900004
2011-03-09,29.09,0.120000000000001,0.135038940810001
2011-03-10,31.39,2.3000000000000007,2.3150389408100005
2011-03-11,29.81,-1.5800000000000018,-1.5649610591900018
2011-03-14,30.13,0.3200000000000003,0.3350389408100003
2011-03-15,32.78,2.650000000000002,2.665038940810002
2011-03-16,42.62,9.839999999999996,9.855038940809996
2011-03-17,39.72,-2.8999999999999986,-2.884961059189999
2011-03-18,38.32,-1.3999999999999986,-1.3849610591899986
2011-03-21,33.65,-4.670000000000002,-4.6549610591900015
2011-03-22,32.09,-1.5599999999999952,-1.5449610591899952
2011-03-23,31.74,-0.350000000000005,-0.33496105919000496
2011-03-24,29.63,-2.1099999999999994,-2.0949610591899996
2011-03-25,29.41,-0.21999999999999886,-0.20496105918999885
2011-03-28,31.02,1.6099999999999994,1.6250389408099994
2011-03-29,30.56,-0.46000000000000085,-0.44496105919000084
2011-03-30,30.14,-0.41999999999999815,-0.40496105918999814
2011-03-31,30.24,0.09999999999999787,0.11503894080999787
2011-04-01,30.54,0.3000000000000007,0.3150389408100007
2011-04-04,31.55,1.0100000000000016,1.0250389408100016
2011-04-05,31.07,-0.4800000000000004,-0.4649610591900004
2011-04-06,31.5,0.4299999999999997,0.44503894080999973
2011-04-07,31.35,-0.14999999999999858,-0.13496105918999857
2011-04-08,30.87,-0.4800000000000004,-0.4649610591900004
2011-04-11,32.14,1.2699999999999996,1.2850389408099996
2011-04-12,32.99,0.8500000000000014,0.8650389408100014
2011-04-13,32.27,-0.7199999999999989,-0.7049610591899989
2011-04-14,32.36,0.0899999999999963,0.1050389408099963
2011-04-15,32.67,0.3100000000000023,0.3250389408100023
2011-04-18,33.61,0.9399999999999977,0.9550389408099977
2011-04-19,29.94,-3.669999999999998,-3.6549610591899984
2011-04-20,29.32,-0.620000000000001,-0.604961059190001
2011-04-21,23.45,-5.870000000000001,-5.854961059190001
2011-04-25,23.37,-0.0799999999999983,-0.0649610591899983
2011-04-26,23.02,-0.3500000000000014,-0.3349610591900014
2011-04-27,23.13,0.10999999999999943,0.12503894080999944
2011-04-28,23.61,0.4800000000000004,0.49503894081000044
2011-04-29,24.55,0.9400000000000013,0.9550389408100013
2011-05-02,24.8,0.25,0.26503894081
2011-05-03,24.91,0.10999999999999943,0.12503894080999944
2011-05-04,24.83,-0.08000000000000185,-0.06496105919000185
2011-05-05,25.36,0.5300000000000011,0.5450389408100011
2011-05-06,24.67,-0.6899999999999977,-0.6749610591899977
2011-05-09,24.27,-0.40000000000000213,-0.3849610591900021
2011-05-10,22.83,-1.4400000000000013,-1.4249610591900013
2011-05-11,23.79,0.9600000000000009,0.9750389408100009
2011-05-12,23.27,-0.5199999999999996,-0.5049610591899996
2011-05-13,25.13,1.8599999999999994,1.8750389408099994
2011-05-16,27.15,2.0199999999999996,2.0350389408099994
2011-05-17,26.36,-0.7899999999999991,-0.7749610591899991
2011-05-18,24.84,-1.5199999999999996,-1.5049610591899996
2011-05-19,24.25,-0.5899999999999999,-0.5749610591899998
2011-05-20,24.96,0.7100000000000009,0.7250389408100009
2011-05-23,25.84,0.879999999999999,0.895038940809999
2011-05-24,25.78,-0.05999999999999872,-0.04496105918999872
2011-05-25,23.96,-1.8200000000000003,-1.8049610591900003
2011-05-26,23.06,-0.9000000000000021,-0.8849610591900021
2011-05-27,22.31,-0.75,-0.73496105919
2011-05-31,22.74,0.4299999999999997,0.44503894080999973
2011-06-01,25.06,2.3200000000000003,2.33503894081
2011-06-02,24.23,-0.8299999999999983,-0.8149610591899983
2011-06-03,24.53,0.3000000000000007,0.3150389408100007
2011-06-06,24.81,0.2799999999999976,0.2950389408099976
2011-06-07,24.82,0.010000000000001563,0.02503894081000156
2011-06-08,24.15,-0.6700000000000017,-0.6549610591900017
2011-06-09,23.66,-0.48999999999999844,-0.4749610591899984
2011-06-10,24.92,1.2600000000000016,1.2750389408100016
2011-06-13,24.93,0.00999999999999801,0.02503894080999801
2011-06-14,22.73,-2.1999999999999993,-2.1849610591899995
2011-06-15,26.11,3.379999999999999,3.395038940809999
2011-06-16,29.57,3.460000000000001,3.4750389408100006
2011-06-17,31.75,2.1799999999999997,2.1950389408099995
2011-06-20,32.22,0.46999999999999886,0.4850389408099989
2011-06-21,27.2,-5.02,-5.004961059189999
2011-06-22,26.94,-0.259999999999998,-0.244961059189998
2011-06-23,26.52,-0.4200000000000017,-0.4049610591900017
2011-06-24,28.31,1.7899999999999991,1.8050389408099992
2011-06-27,27.98,-0.3299999999999983,-0.3149610591899983
2011-06-28,26.83,-1.1500000000000021,-1.1349610591900021
2011-06-29,26.52,-0.3099999999999987,-0.2949610591899987
2011-06-30,25.78,-0.7399999999999984,-0.7249610591899984
2011-07-01,24.22,-1.5600000000000023,-1.5449610591900023
2011-07-05,26.08,1.8599999999999994,1.8750389408099994
2011-07-06,25.92,-0.1599999999999966,-0.14496105918999658
2011-07-07,26.33,0.4099999999999966,0.4250389408099966
2011-07-08,27.86,1.5300000000000011,1.5450389408100011
2011-07-11,30.24,2.379999999999999,2.395038940809999
2011-07-12,28.95,-1.2899999999999991,-1.2749610591899991
2011-07-13,28.54,-0.41000000000000014,-0.39496105919000013
2011-07-14,29.98,1.4400000000000013,1.4550389408100013
2011-07-15,30.63,0.6499999999999986,0.6650389408099986
2011-07-18,34.76,4.129999999999999,4.145038940809999
2011-07-19,32.64,-2.1199999999999974,-2.1049610591899977
2011-07-20,25.85,-6.789999999999999,-6.774961059189999
2011-07-21,24.52,-1.3300000000000018,-1.3149610591900018
2011-07-22,23.98,-0.5399999999999991,-0.5249610591899991
2011-07-25,25.95,1.9699999999999989,1.9850389408099989
2011-07-26,26.13,0.17999999999999972,0.19503894080999973
2011-07-27,29.38,3.25,3.26503894081
2011-07-28,28.62,-0.759999999999998,-0.744961059189998
2011-07-29,30.69,2.0700000000000003,2.08503894081
2011-08-01,29.69,-1.0,-0.98496105919
2011-08-02,30.47,0.7799999999999976,0.7950389408099976
2011-08-03,29.23,-1.2399999999999984,-1.2249610591899984
2011-08-04,37.87,8.639999999999997,8.655038940809996
2011-08-05,40.18,2.3100000000000023,2.325038940810002
2011-08-08,50.49,10.310000000000002,10.325038940810002
2011-08-09,40.77,-9.719999999999999,-9.70496105919
2011-08-10,46.54,5.769999999999996,5.785038940809996
2011-08-11,41.98,-4.560000000000002,-4.544961059190002
2011-08-12,38.76,-3.219999999999999,-3.204961059189999
2011-08-15,33.39,-5.369999999999997,-5.354961059189997
2011-08-16,32.97,-0.4200000000000017,-0.4049610591900017
2011-08-17,31.72,-1.25,-1.23496105919
2011-08-18,44.32,12.600000000000001,12.61503894081
2011-08-19,49.81,5.490000000000002,5.505038940810002
2011-08-22,45.9,-3.9100000000000037,-3.894961059190004
2011-08-23,38.21,-7.689999999999998,-7.6749610591899975
2011-08-24,37.48,-0.730000000000004,-0.714961059190004
2011-08-25,39.62,2.1400000000000006,2.1550389408100004
2011-08-26,35.87,-3.75,-3.73496105919
2011-08-29,33.72,-2.1499999999999986,-2.134961059189999
2011-08-30,33.42,-0.29999999999999716,-0.28496105918999715
2011-08-31,35.36,1.9399999999999977,1.9550389408099977
2011-09-01,34.91,-0.45000000000000284,-0.43496105919000283
2011-09-02,37.29,2.3800000000000026,2.3950389408100023
2011-09-06,38.84,1.5500000000000043,1.5650389408100043
2011-09-07,36.17,-2.6700000000000017,-2.654961059190002
2011-09-08,36.28,0.10999999999999943,0.12503894080999944
2011-09-09,40.53,4.25,4.26503894081
2011-09-12,41.09,0.5600000000000023,0.5750389408100023
2011-09-13,37.26,-3.8300000000000054,-3.8149610591900056
2011-09-14,34.82,-2.4399999999999977,-2.424961059189998
2011-09-15,33.63,-1.1899999999999977,-1.1749610591899977
2011-09-16,32.21,-1.4200000000000017,-1.4049610591900017
2011-09-19,34.86,2.6499999999999986,2.6650389408099984
2011-09-20,36.02,1.1600000000000037,1.1750389408100037
2011-09-21,39.78,3.759999999999998,3.775038940809998
2011-09-22,44.46,4.68,4.69503894081
2011-09-23,42.6,-1.8599999999999994,-1.8449610591899994
2011-09-26,43.79,1.1899999999999977,1.2050389408099977
2011-09-27,43.89,0.10000000000000142,0.11503894081000142
2011-09-28,45.46,1.5700000000000003,1.5850389408100003
2011-09-29,48.57,3.1099999999999994,3.125038940809999
2011-09-30,50.71,2.1400000000000006,2.1550389408100004
2011-10-03,54.05,3.3399999999999963,3.355038940809996
2011-10-04,54.63,0.5800000000000054,0.5950389408100054
2011-10-05,48.24,-6.390000000000001,-6.37496105919
2011-10-06,47.31,-0.9299999999999997,-0.9149610591899997
2011-10-07,47.56,0.25,0.26503894081
2011-10-10,45.08,-2.480000000000004,-2.464961059190004
2011-10-11,43.6,-1.4799999999999969,-1.4649610591899969
2011-10-12,41.65,-1.9500000000000028,-1.9349610591900028
2011-10-13,40.48,-1.1700000000000017,-1.1549610591900017
2011-10-14,39.87,-0.6099999999999994,-0.5949610591899994
2011-10-17,43.74,3.8700000000000045,3.8850389408100043
2011-10-18,39.94,-3.8000000000000043,-3.7849610591900045
2011-10-19,35.6,-4.339999999999996,-4.324961059189996
2011-10-20,35.0,-0.6000000000000014,-0.5849610591900014
2011-10-21,32.41,-2.5900000000000034,-2.5749610591900036
2011-10-24,30.56,-1.8499999999999979,-1.8349610591899979
2011-10-25,32.82,2.2600000000000016,2.2750389408100014
2011-10-26,32.32,-0.5,-0.48496105919
2011-10-27,30.1,-2.219999999999999,-2.204961059189999
2011-10-28,28.59,-1.5100000000000016,-1.4949610591900016
2011-10-31,30.15,1.5599999999999987,1.5750389408099987
2011-11-01,35.43,5.280000000000001,5.295038940810001
2011-11-02,34.0,-1.4299999999999997,-1.4149610591899997
2011-11-03,30.49,-3.5100000000000016,-3.4949610591900018
2011-11-04,30.38,-0.10999999999999943,-0.09496105918999943
2011-11-07,30.8,0.4200000000000017,0.4350389408100017
2011-11-08,29.63,-1.1700000000000017,-1.1549610591900017
2011-11-09,35.08,5.449999999999999,5.4650389408099995
2011-11-10,37.42,2.3400000000000034,2.355038940810003
2011-11-11,34.0,-3.4200000000000017,-3.404961059190002
2011-11-14,34.09,0.09000000000000341,0.10503894081000341
2011-11-15,32.56,-1.5300000000000011,-1.5149610591900011
2011-11-16,34.59,2.030000000000001,2.045038940810001
2011-11-17,37.71,3.1199999999999974,3.1350389408099972
2011-11-18,35.98,-1.730000000000004,-1.714961059190004
2011-11-21,38.16,2.1799999999999997,2.1950389408099995
2011-11-22,35.77,-2.3899999999999935,-2.3749610591899937
2011-11-23,38.62,2.8499999999999943,2.865038940809994
2011-11-25,38.37,-0.25,-0.23496105919
2011-11-28,36.85,-1.519999999999996,-1.504961059189996
2011-11-29,36.53,-0.3200000000000003,-0.30496105919000027
2011-11-30,33.0,-3.530000000000001,-3.5149610591900013
2011-12-01,32.72,-0.28000000000000114,-0.2649610591900011
2011-12-02,31.96,-0.759999999999998,-0.744961059189998
2011-12-05,32.81,0.8500000000000014,0.8650389408100014
2011-12-06,32.54,-0.2700000000000031,-0.2549610591900031
2011-12-07,33.45,0.9100000000000037,0.9250389408100037
2011-12-08,34.31,0.8599999999999994,0.8750389408099994
2011-12-09,32.67,-1.6400000000000006,-1.6249610591900006
2011-12-12,32.08,-0.5900000000000034,-0.5749610591900034
2011-12-13,33.17,1.0900000000000034,1.1050389408100034
2011-12-14,34.44,1.269999999999996,1.285038940809996
2011-12-15,33.78,-0.6599999999999966,-0.6449610591899966
2011-12-16,32.93,-0.8500000000000014,-0.8349610591900014
2011-12-19,32.18,-0.75,-0.73496105919
2011-12-20,30.34,-1.8399999999999999,-1.8249610591899998
2011-12-21,29.86,-0.4800000000000004,-0.4649610591900004
2011-12-22,28.91,-0.9499999999999993,-0.9349610591899993
2011-12-23,28.19,-0.7199999999999989,-0.7049610591899989
2011-12-27,31.05,2.8599999999999994,2.875038940809999
2011-12-28,32.08,1.0299999999999976,1.0450389408099976
2011-12-29,32.59,0.5100000000000051,0.5250389408100051
2011-12-30,32.69,0.09999999999999432,0.11503894080999431
2012-01-03,33.29,0.6000000000000014,0.6150389408100014
2012-01-04,31.09,-2.1999999999999993,-2.1849610591899995
2012-01-05,30.55,-0.5399999999999991,-0.5249610591899991
2012-01-06,30.07,-0.4800000000000004,-0.4649610591900004
2012-01-09,32.05,1.9799999999999969,1.9950389408099969
2012-01-10,31.47,-0.5799999999999983,-0.5649610591899983
2012-01-11,31.48,0.010000000000001563,0.02503894081000156
2012-01-12,32.64,1.1600000000000001,1.1750389408100002
2012-01-13,32.61,-0.030000000000001137,-0.014961059190001137
2012-01-17,33.88,1.2700000000000031,1.2850389408100031
2012-01-18,32.7,-1.1799999999999997,-1.1649610591899997
2012-01-19,32.45,-0.25,-0.23496105919
2012-01-20,33.56,1.1099999999999994,1.1250389408099994
2012-01-23,33.49,-0.07000000000000028,-0.054961059190000286
2012-01-24,33.16,-0.3300000000000054,-0.3149610591900054
2012-01-25,22.18,-10.979999999999997,-10.964961059189998
2012-01-26,21.48,-0.6999999999999993,-0.6849610591899993
2012-01-27,21.24,-0.240000000000002,-0.22496105919000198
2012-01-30,21.52,0.28000000000000114,0.29503894081000115
2012-01-31,21.14,-0.379999999999999,-0.364961059189999
2012-02-01,20.75,-0.39000000000000057,-0.37496105919000056
2012-02-02,19.67,-1.0799999999999983,-1.0649610591899983
2012-02-03,19.55,-0.120000000000001,-0.104961059190001
2012-02-06,20.0,0.4499999999999993,0.4650389408099993
2012-02-07,22.63,2.629999999999999,2.645038940809999
2012-02-08,24.7,2.0700000000000003,2.08503894081
2012-02-09,27.31,2.6099999999999994,2.625038940809999
2012-02-10,29.09,1.7800000000000011,1.7950389408100011
2012-02-13,30.82,1.7300000000000004,1.7450389408100004
2012-02-14,31.52,0.6999999999999993,0.7150389408099993
2012-02-15,32.93,1.4100000000000001,1.4250389408100002
2012-02-16,32.62,-0.3100000000000023,-0.29496105919000226
2012-02-17,33.43,0.8100000000000023,0.8250389408100023
2012-02-21,32.77,-0.6599999999999966,-0.6449610591899966
2012-02-22,32.78,0.00999999999999801,0.02503894080999801
2012-02-23,30.34,-2.4400000000000013,-2.4249610591900015
2012-02-24,28.76,-1.5799999999999983,-1.5649610591899983
2012-02-27,29.69,0.9299999999999997,0.9450389408099997
2012-02-28,30.96,1.2699999999999996,1.2850389408099996
2012-02-29,34.6,3.6400000000000006,3.6550389408100004
2012-03-01,34.24,-0.35999999999999943,-0.3449610591899994
2012-03-02,32.47,-1.7700000000000031,-1.7549610591900031
2012-03-05,33.81,1.3400000000000034,1.3550389408100034
2012-03-06,34.4,0.5899999999999963,0.6050389408099963
2012-03-07,32.91,-1.490000000000002,-1.474961059190002
2012-03-08,30.08,-2.8299999999999983,-2.8149610591899985
2012-03-09,29.44,-0.639999999999997,-0.624961059189997
2012-03-12,28.99,-0.45000000000000284,-0.43496105919000283
2012-03-13,28.31,-0.6799999999999997,-0.6649610591899997
2012-03-14,37.24,8.930000000000003,8.945038940810003
2012-03-15,42.06,4.82,4.8350389408100005
2012-03-16,40.73,-1.3300000000000054,-1.3149610591900054
2012-03-19,38.9,-1.8299999999999983,-1.8149610591899983
2012-03-20,36.89,-2.009999999999998,-1.994961059189998
2012-03-21,33.6,-3.289999999999999,-3.2749610591899994
2012-03-22,32.98,-0.6200000000000045,-0.6049610591900045
2012-03-23,32.39,-0.5899999999999963,-0.5749610591899963
2012-03-26,31.89,-0.5,-0.48496105919
2012-03-27,32.3,0.4099999999999966,0.4250389408099966
2012-03-28,34.07,1.7700000000000031,1.7850389408100031
2012-03-29,34.69,0.6199999999999974,0.6350389408099975
2012-03-30,35.46,0.7700000000000031,0.7850389408100031
2012-04-02,34.14,-1.3200000000000003,-1.3049610591900003
2012-04-03,34.37,0.22999999999999687,0.24503894080999689
2012-04-04,35.01,0.6400000000000006,0.6550389408100006
2012-04-05,36.41,1.3999999999999986,1.4150389408099986
2012-04-09,40.13,3.720000000000006,3.7350389408100058
2012-04-10,42.84,2.710000000000001,2.7250389408100006
2012-04-11,43.98,1.1399999999999935,1.1550389408099935
2012-04-12,42.72,-1.259999999999998,-1.244961059189998
2012-04-13,44.82,2.1000000000000014,2.115038940810001
2012-04-16,48.77,3.950000000000003,3.9650389408100026
2012-04-17,46.78,-1.990000000000002,-1.974961059190002
2012-04-18,45.95,-0.8299999999999983,-0.8149610591899983
2012-04-19,48.11,2.1599999999999966,2.1750389408099964
2012-04-20,47.87,-0.240000000000002,-0.22496105919000198
2012-04-23,46.6,-1.269999999999996,-1.254961059189996
2012-04-24,42.17,-4.43,-4.4149610591899995
2012-04-25,33.65,-8.520000000000003,-8.504961059190004
2012-04-26,32.58,-1.0700000000000003,-1.0549610591900003
2012-04-27,32.31,-0.269999999999996,-0.254961059189996
2012-04-30,34.04,1.7299999999999969,1.7450389408099969
2012-05-01,32.0,-2.039999999999999,-2.0249610591899994
2012-05-02,31.17,-0.8299999999999983,-0.8149610591899983
2012-05-03,30.74,-0.43000000000000327,-0.41496105919000326
2012-05-04,31.97,1.2300000000000004,1.2450389408100004
2012-05-07,32.81,0.8400000000000034,0.8550389408100034
2012-05-08,33.66,0.8499999999999943,0.8650389408099943
2012-05-09,33.29,-0.36999999999999744,-0.35496105918999743
2012-05-10,31.49,-1.8000000000000007,-1.7849610591900007
2012-05-11,30.4,-1.0899999999999999,-1.0749610591899998
2012-05-14,32.22,1.8200000000000003,1.8350389408100003
2012-05-15,32.32,0.10000000000000142,0.11503894081000142
2012-05-16,34.37,2.049999999999997,2.065038940809997
2012-05-17,37.29,2.9200000000000017,2.9350389408100015
2012-05-18,35.92,-1.3699999999999974,-1.3549610591899974
2012-05-21,32.72,-3.200000000000003,-3.184961059190003
2012-05-22,33.03,0.3100000000000023,0.3250389408100023
2012-05-23,33.83,0.7999999999999972,0.8150389408099972
2012-05-24,33.51,-0.3200000000000003,-0.30496105919000027
2012-05-25,33.28,-0.22999999999999687,-0.21496105918999686
2012-05-29,32.3,-0.980000000000004,-0.964961059190004
2012-05-30,32.86,0.5600000000000023,0.5750389408100023
2012-05-31,32.84,-0.01999999999999602,-0.004961059189996021
2012-06-01,37.14,4.299999999999997,4.315038940809997
2012-06-04,37.99,0.8500000000000014,0.8650389408100014
2012-06-05,35.69,-2.3000000000000043,-2.2849610591900045
2012-06-06,32.16,-3.530000000000001,-3.5149610591900013
2012-06-07,30.99,-1.1699999999999982,-1.1549610591899981
2012-06-08,29.09,-1.8999999999999986,-1.8849610591899986
2012-06-11,27.52,-1.5700000000000003,-1.5549610591900003
2012-06-12,25.37,-2.1499999999999986,-2.134961059189999
2012-06-13,27.05,1.6799999999999997,1.6950389408099997
2012-06-14,27.7,0.6499999999999986,0.6650389408099986
2012-06-15,27.17,-0.5299999999999976,-0.5149610591899976
2012-06-18,26.83,-0.3400000000000034,-0.3249610591900034
2012-06-19,27.04,0.21000000000000085,0.22503894081000086
2012-06-20,26.31,-0.7300000000000004,-0.7149610591900004
2012-06-21,27.24,0.9299999999999997,0.9450389408099997
2012-06-22,26.31,-0.9299999999999997,-0.9149610591899997
2012-06-25,29.48,3.1700000000000017,3.1850389408100015
2012-06-26,29.37,-0.10999999999999943,-0.09496105918999943
2012-06-27,28.71,-0.6600000000000001,-0.6449610591900001
2012-06-28,28.66,-0.05000000000000071,-0.03496105919000071
2012-06-29,27.59,-1.0700000000000003,-1.0549610591900003
2012-07-02,29.08,1.4899999999999984,1.5050389408099984
2012-07-03,29.24,0.16000000000000014,0.17503894081000015
2012-07-05,29.9,0.6600000000000001,0.6750389408100002
2012-07-06,31.04,1.1400000000000006,1.1550389408100006
2012-07-09,32.11,1.0700000000000003,1.0850389408100003
2012-07-10,35.06,2.950000000000003,2.9650389408100026
2012-07-11,35.45,0.39000000000000057,0.4050389408100006
2012-07-12,35.14,-0.3100000000000023,-0.29496105919000226
2012-07-13,34.7,-0.4399999999999977,-0.4249610591899977
2012-07-16,35.14,0.4399999999999977,0.45503894080999774
2012-07-17,34.3,-0.8400000000000034,-0.8249610591900034
2012-07-18,34.68,0.38000000000000256,0.39503894081000257
2012-07-19,34.11,-0.5700000000000003,-0.5549610591900003
2012-07-20,33.53,-0.5799999999999983,-0.5649610591899983
2012-07-23,34.82,1.2899999999999991,1.3050389408099992
2012-07-24,34.34,-0.4799999999999969,-0.46496105918999686
2012-07-25,25.33,-9.010000000000005,-8.994961059190006
2012-07-26,24.53,-0.7999999999999972,-0.7849610591899971
2012-07-27,23.32,-1.2100000000000009,-1.1949610591900008
2012-07-30,24.0,0.6799999999999997,0.6950389408099997
2012-07-31,26.29,2.289999999999999,2.305038940809999
2012-08-01,26.3,0.010000000000001563,0.02503894081000156
2012-08-02,25.94,-0.35999999999999943,-0.3449610591899994
2012-08-03,24.52,-1.4200000000000017,-1.4049610591900017
2012-08-06,25.1,0.5800000000000018,0.5950389408100019
2012-08-07,24.36,-0.740000000000002,-0.724961059190002
2012-08-08,24.06,-0.3000000000000007,-0.2849610591900007
2012-08-09,23.4,-0.6600000000000001,-0.6449610591900001
2012-08-10,22.22,-1.1799999999999997,-1.1649610591899997
2012-08-13,20.03,-2.1899999999999977,-2.174961059189998
2012-08-14,21.05,1.0199999999999996,1.0350389408099996
2012-08-15,21.58,0.5299999999999976,0.5450389408099976
2012-08-16,21.22,-0.35999999999999943,-0.3449610591899994
2012-08-17,22.78,1.5600000000000023,1.5750389408100023
2012-08-20,27.28,4.5,4.51503894081
2012-08-21,29.12,1.8399999999999999,1.8550389408099999
2012-08-22,29.2,0.0799999999999983,0.09503894080999829
2012-08-23,29.96,0.7600000000000016,0.7750389408100016
2012-08-24,29.05,-0.9100000000000001,-0.8949610591900001
2012-08-27,28.68,-0.370000000000001,-0.354961059190001
2012-08-28,28.0,-0.6799999999999997,-0.6649610591899997
2012-08-29,27.65,-0.3500000000000014,-0.3349610591900014
2012-08-30,28.16,0.5100000000000016,0.5250389408100016
2012-08-31,27.72,-0.4400000000000013,-0.42496105919000127
2012-09-04,30.32,2.6000000000000014,2.615038940810001
2012-09-05,29.76,-0.5599999999999987,-0.5449610591899987
2012-09-06,28.68,-1.0800000000000018,-1.0649610591900018
2012-09-07,28.56,-0.120000000000001,-0.104961059190001
2012-09-10,31.29,2.7300000000000004,2.74503894081
2012-09-11,31.11,-0.17999999999999972,-0.1649610591899997
2012-09-12,29.29,-1.8200000000000003,-1.8049610591900003
2012-09-13,27.19,-2.099999999999998,-2.084961059189998
2012-09-14,26.71,-0.4800000000000004,-0.4649610591900004
2012-09-17,26.5,-0.21000000000000085,-0.19496105919000084
2012-09-18,26.01,-0.48999999999999844,-0.4749610591899984
2012-09-19,25.29,-0.7200000000000024,-0.7049610591900024
2012-09-20,26.52,1.2300000000000004,1.2450389408100004
2012-09-21,27.52,1.0,1.01503894081
2012-09-24,29.88,2.3599999999999994,2.375038940809999
2012-09-25,32.45,2.570000000000004,2.5850389408100036
2012-09-26,34.65,2.1999999999999957,2.2150389408099955
2012-09-27,33.18,-1.4699999999999989,-1.4549610591899989
2012-09-28,34.93,1.75,1.76503894081
2012-10-01,36.54,1.6099999999999994,1.6250389408099994
2012-10-02,36.06,-0.4799999999999969,-0.46496105918999686
2012-10-03,34.45,-1.6099999999999994,-1.5949610591899994
2012-10-04,34.27,-0.17999999999999972,-0.1649610591899997
2012-10-05,37.03,2.759999999999998,2.775038940809998
2012-10-08,39.4,2.3699999999999974,2.3850389408099972
2012-10-09,38.68,-0.7199999999999989,-0.7049610591899989
2012-10-10,38.05,-0.6300000000000026,-0.6149610591900025
2012-10-11,37.91,-0.14000000000000057,-0.12496105919000057
2012-10-12,37.03,-0.8799999999999955,-0.8649610591899954
2012-10-15,36.79,-0.240000000000002,-0.22496105919000198
2012-10-16,36.96,0.1700000000000017,0.18503894081000172
2012-10-17,36.31,-0.6499999999999986,-0.6349610591899986
2012-10-18,37.79,1.4799999999999969,1.4950389408099969
2012-10-19,43.78,5.990000000000002,6.005038940810002
2012-10-22,39.69,-4.090000000000003,-4.074961059190003
2012-10-23,39.87,0.17999999999999972,0.19503894080999973
2012-10-24,38.34,-1.529999999999994,-1.514961059189994
2012-10-25,37.96,-0.38000000000000256,-0.36496105919000255
2012-10-26,31.3,-6.66,-6.64496105919
2012-10-31,31.76,0.46000000000000085,0.47503894081000086
2012-11-01,29.33,-2.4300000000000033,-2.4149610591900035
2012-11-02,32.82,3.490000000000002,3.505038940810002
2012-11-05,31.78,-1.0399999999999991,-1.0249610591899991
2012-11-06,31.14,-0.6400000000000006,-0.6249610591900006
2012-11-07,33.24,2.1000000000000014,2.115038940810001
2012-11-08,37.64,4.399999999999999,4.415038940809999
2012-11-09,36.43,-1.2100000000000009,-1.1949610591900008
2012-11-12,32.71,-3.719999999999999,-3.704961059189999
2012-11-13,31.25,-1.4600000000000009,-1.4449610591900008
2012-11-14,31.36,0.10999999999999943,0.12503894080999944
2012-11-15,34.94,3.5799999999999983,3.595038940809998
2012-11-16,38.2,3.260000000000005,3.275038940810005
2012-11-19,34.36,-3.8400000000000034,-3.8249610591900036
2012-11-20,33.3,-1.0600000000000023,-1.0449610591900023
2012-11-21,32.47,-0.8299999999999983,-0.8149610591899983
2012-11-23,31.59,-0.879999999999999,-0.864961059189999
2012-11-26,32.53,0.9400000000000013,0.9550389408100013
2012-11-27,32.52,-0.00999999999999801,0.0050389408100019895
2012-11-28,32.68,0.1599999999999966,0.1750389408099966
2012-11-29,31.92,-0.759999999999998,-0.744961059189998
2012-11-30,32.55,0.6299999999999955,0.6450389408099955
2012-12-03,33.37,0.8200000000000003,0.8350389408100003
2012-12-04,34.43,1.0600000000000023,1.0750389408100023
2012-12-05,40.21,5.780000000000001,5.795038940810001
2012-12-06,40.22,0.00999999999999801,0.02503894080999801
2012-12-07,41.59,1.3700000000000045,1.3850389408100046
2012-12-10,41.68,0.0899999999999963,0.1050389408099963
2012-12-11,38.77,-2.9099999999999966,-2.894961059189997
2012-12-12,38.97,0.19999999999999574,0.21503894080999575
2012-12-13,39.79,0.8200000000000003,0.8350389408100003
2012-12-14,43.63,3.8400000000000034,3.855038940810003
2012-12-17,42.88,-0.75,-0.73496105919
2012-12-18,40.08,-2.8000000000000043,-2.7849610591900045
2012-12-19,40.27,0.19000000000000483,0.20503894081000484
2012-12-20,39.58,-0.6900000000000048,-0.6749610591900048
2012-12-21,39.47,-0.10999999999999943,-0.09496105918999943
2012-12-24,37.42,-2.049999999999997,-2.0349610591899974
2012-12-26,39.6,2.1799999999999997,2.1950389408099995
2012-12-27,39.73,0.12999999999999545,0.14503894080999546
2012-12-28,41.73,2.0,2.01503894081
2012-12-31,41.01,-0.7199999999999989,-0.7049610591899989
2013-01-02,38.1,-2.9099999999999966,-2.894961059189997
2013-01-03,37.07,-1.0300000000000011,-1.0149610591900011
2013-01-04,38.34,1.2700000000000031,1.2850389408100031
2013-01-07,39.6,1.259999999999998,1.275038940809998
2013-01-08,38.53,-1.0700000000000003,-1.0549610591900003
2013-01-09,39.49,0.9600000000000009,0.9750389408100009
2013-01-10,40.46,0.9699999999999989,0.9850389408099989
2013-01-11,40.59,0.13000000000000256,0.14503894081000257
2013-01-14,43.49,2.8999999999999986,2.9150389408099984
2013-01-15,44.97,1.4799999999999969,1.4950389408099969
2013-01-16,44.27,-0.6999999999999957,-0.6849610591899957
2013-01-17,43.08,-1.1900000000000048,-1.1749610591900048
2013-01-18,42.75,-0.3299999999999983,-0.3149610591899983
2013-01-22,42.92,0.1700000000000017,0.18503894081000172
2013-01-23,43.84,0.9200000000000017,0.9350389408100017
2013-01-24,32.71,-11.130000000000003,-11.114961059190003
2013-01-25,32.83,0.11999999999999744,0.13503894080999745
2013-01-28,30.93,-1.8999999999999986,-1.8849610591899986
2013-01-29,28.72,-2.210000000000001,-2.194961059190001
2013-01-30,28.2,-0.5199999999999996,-0.5049610591899996
2013-01-31,26.87,-1.3299999999999983,-1.3149610591899983
2013-02-01,27.32,0.4499999999999993,0.4650389408099993
2013-02-04,29.64,2.3200000000000003,2.33503894081
2013-02-05,28.11,-1.5300000000000011,-1.5149610591900011
2013-02-06,29.66,1.5500000000000007,1.5650389408100007
2013-02-07,29.65,-0.010000000000001563,0.005038940809998437
2013-02-08,28.64,-1.009999999999998,-0.994961059189998
2013-02-11,30.79,2.1499999999999986,2.1650389408099984
2013-02-12,31.3,0.5100000000000016,0.5250389408100016
2013-02-13,30.51,-0.7899999999999991,-0.7749610591899991
2013-02-14,29.64,-0.870000000000001,-0.854961059190001
2013-02-15,28.07,-1.5700000000000003,-1.5549610591900003
2013-02-19,29.35,1.2800000000000011,1.2950389408100011
2013-02-20,30.8,1.4499999999999993,1.4650389408099993
2013-02-21,30.75,-0.05000000000000071,-0.03496105919000071
2013-02-22,29.66,-1.0899999999999999,-1.0749610591899998
2013-02-25,32.11,2.4499999999999993,2.465038940809999
2013-02-26,31.9,-0.21000000000000085,-0.19496105919000084
2013-02-27,30.48,-1.4199999999999982,-1.4049610591899981
2013-02-28,30.05,-0.4299999999999997,-0.4149610591899997
2013-03-01,32.04,1.9899999999999984,2.0050389408099982
2013-03-04,34.86,2.8200000000000003,2.83503894081
2013-03-05,31.95,-2.91,-2.8949610591900004
2013-03-06,32.55,0.5999999999999979,0.6150389408099979
2013-03-07,32.51,-0.03999999999999915,-0.02496105918999915
2013-03-08,30.53,-1.9799999999999969,-1.9649610591899969
2013-03-11,28.63,-1.9000000000000021,-1.8849610591900021
2013-03-12,29.92,1.2900000000000027,1.3050389408100027
2013-03-13,29.53,-0.39000000000000057,-0.37496105919000056
2013-03-14,28.65,-0.8800000000000026,-0.8649610591900025
2013-03-15,28.08,-0.5700000000000003,-0.5549610591900003
2013-03-18,29.49,1.4100000000000001,1.4250389408100002
2013-03-19,29.55,0.060000000000002274,0.07503894081000227
2013-03-20,29.74,0.18999999999999773,0.20503894080999774
2013-03-21,29.0,-0.7399999999999984,-0.7249610591899984
2013-03-22,28.92,-0.0799999999999983,-0.0649610591899983
2013-03-25,29.21,0.28999999999999915,0.30503894080999916
2013-03-26,27.95,-1.2600000000000016,-1.2449610591900016
2013-03-27,29.55,1.6000000000000014,1.6150389408100014
2013-03-28,31.08,1.5299999999999976,1.5450389408099976
2013-04-01,35.75,4.670000000000002,4.685038940810002
2013-04-02,35.09,-0.6599999999999966,-0.6449610591899966
2013-04-03,35.54,0.44999999999999574,0.46503894080999575
2013-04-04,36.16,0.6199999999999974,0.6350389408099975
2013-04-05,37.71,1.5500000000000043,1.5650389408100043
2013-04-08,38.28,0.5700000000000003,0.5850389408100003
2013-04-09,36.93,-1.3500000000000014,-1.3349610591900014
2013-04-10,36.42,-0.509999999999998,-0.494961059189998
2013-04-11,36.03,-0.39000000000000057,-0.37496105919000056
2013-04-12,36.1,0.07000000000000028,0.08503894081000028
2013-04-15,41.0,4.899999999999999,4.915038940809999
2013-04-16,38.39,-2.6099999999999994,-2.5949610591899996
2013-04-17,45.56,7.170000000000002,7.185038940810002
2013-04-18,45.22,-0.3400000000000034,-0.3249610591900034
2013-04-19,43.5,-1.7199999999999989,-1.7049610591899989
2013-04-22,42.71,-0.7899999999999991,-0.7749610591899991
2013-04-23,43.28,0.5700000000000003,0.5850389408100003
2013-04-24,30.33,-12.950000000000003,-12.934961059190003
2013-04-25,28.63,-1.6999999999999993,-1.6849610591899993
2013-04-26,26.57,-2.0599999999999987,-2.044961059189999
2013-04-29,28.58,2.009999999999998,2.025038940809998
2013-04-30,28.69,0.11000000000000298,0.125038940810003
2013-05-01,29.22,0.5299999999999976,0.5450389408099976
2013-05-02,27.38,-1.8399999999999999,-1.8249610591899998
2013-05-03,26.11,-1.2699999999999996,-1.2549610591899996
2013-05-06,27.52,1.4100000000000001,1.4250389408100002
2013-05-07,27.46,-0.05999999999999872,-0.04496105918999872
2013-05-08,26.69,-0.7699999999999996,-0.7549610591899996
2013-05-09,26.72,0.029999999999997584,0.04503894080999758
2013-05-10,26.28,-0.4399999999999977,-0.4249610591899977
2013-05-13,26.58,0.29999999999999716,0.31503894080999717
2013-05-14,26.82,0.240000000000002,0.255038940810002
2013-05-15,30.22,3.3999999999999986,3.4150389408099984
2013-05-16,29.7,-0.5199999999999996,-0.5049610591899996
2013-05-17,28.9,-0.8000000000000007,-0.7849610591900007
2013-05-20,28.35,-0.5499999999999972,-0.5349610591899971
2013-05-21,28.8,0.4499999999999993,0.4650389408099993
2013-05-22,28.47,-0.33000000000000185,-0.31496105919000184
2013-05-23,28.39,-0.0799999999999983,-0.0649610591899983
2013-05-24,27.31,-1.0800000000000018,-1.0649610591900018
2013-05-28,27.86,0.5500000000000007,0.5650389408100007
2013-05-29,27.72,-0.14000000000000057,-0.12496105919000057
2013-05-30,27.54,-0.17999999999999972,-0.1649610591899997
2013-05-31,27.23,-0.3099999999999987,-0.2949610591899987
2013-06-03,28.34,1.1099999999999994,1.1250389408099994
2013-06-04,27.96,-0.379999999999999,-0.364961059189999
2013-06-05,28.53,0.5700000000000003,0.5850389408100003
2013-06-06,29.48,0.9499999999999993,0.9650389408099993
2013-06-07,29.06,-0.4200000000000017,-0.4049610591900017
2013-06-10,27.94,-1.1199999999999974,-1.1049610591899974
2013-06-11,27.13,-0.8100000000000023,-0.7949610591900023
2013-06-12,27.23,0.10000000000000142,0.11503894081000142
2013-06-13,26.13,-1.1000000000000014,-1.0849610591900014
2013-06-14,26.42,0.2900000000000027,0.3050389408100027
2013-06-17,25.16,-1.2600000000000016,-1.2449610591900016
2013-06-18,24.4,-0.7600000000000016,-0.7449610591900016
2013-06-19,24.4,0.0,0.01503894081
2013-06-20,27.83,3.4299999999999997,3.4450389408099995
2013-06-21,28.23,0.40000000000000213,0.41503894081000214
2013-06-24,30.64,2.41,2.42503894081
2013-06-25,29.63,-1.0100000000000016,-0.9949610591900016
2013-06-26,29.94,0.3100000000000023,0.3250389408100023
2013-06-27,30.67,0.7300000000000004,0.7450389408100004
2013-06-28,30.18,-0.490000000000002,-0.474961059190002
2013-07-01,30.29,0.10999999999999943,0.12503894080999944
2013-07-02,29.23,-1.0599999999999987,-1.0449610591899987
2013-07-03,29.06,-0.1700000000000017,-0.1549610591900017
2013-07-05,29.75,0.6900000000000013,0.7050389408100013
2013-07-08,30.32,0.5700000000000003,0.5850389408100003
2013-07-09,31.01,0.6900000000000013,0.7050389408100013
2013-07-10,30.59,-0.4200000000000017,-0.4049610591900017
2013-07-11,29.67,-0.9199999999999982,-0.9049610591899981
2013-07-12,29.57,-0.10000000000000142,-0.08496105919000142
2013-07-15,30.92,1.3500000000000014,1.3650389408100014
2013-07-16,30.15,-0.7700000000000031,-0.7549610591900031
2013-07-17,29.27,-0.879999999999999,-0.864961059189999
2013-07-18,28.74,-0.5300000000000011,-0.5149610591900011
2013-07-19,30.2,1.4600000000000009,1.4750389408100009
2013-07-22,29.88,-0.3200000000000003,-0.30496105919000027
2013-07-23,30.23,0.3500000000000014,0.36503894081000143
2013-07-24,23.46,-6.77,-6.754961059189999
2013-07-25,23.92,0.46000000000000085,0.47503894081000086
2013-07-26,22.92,-1.0,-0.98496105919
2013-07-29,23.6,0.6799999999999997,0.6950389408099997
2013-07-30,23.26,-0.33999999999999986,-0.32496105918999985
2013-07-31,23.07,-0.19000000000000128,-0.17496105919000127
2013-08-01,23.03,-0.03999999999999915,-0.02496105918999915
2013-08-02,23.09,0.05999999999999872,0.07503894080999872
2013-08-05,24.28,1.1900000000000013,1.2050389408100013
2013-08-06,23.6,-0.6799999999999997,-0.6649610591899997
2013-08-07,23.73,0.129999999999999,0.14503894080999902
2013-08-08,22.88,-0.8500000000000014,-0.8349610591900014
2013-08-09,22.51,-0.36999999999999744,-0.35496105918999743
2013-08-12,24.41,1.8999999999999986,1.9150389408099986
2013-08-13,27.62,3.210000000000001,3.2250389408100006
2013-08-14,28.86,1.2399999999999984,1.2550389408099984
2013-08-15,29.08,0.21999999999999886,0.23503894080999888
2013-08-16,29.71,0.6300000000000026,0.6450389408100026
2013-08-19,30.97,1.259999999999998,1.275038940809998
2013-08-20,30.54,-0.4299999999999997,-0.4149610591899997
2013-08-21,29.98,-0.5599999999999987,-0.5449610591899987
2013-08-22,29.31,-0.6700000000000017,-0.6549610591900017
2013-08-23,28.67,-0.639999999999997,-0.624961059189997
2013-08-26,29.1,0.4299999999999997,0.44503894080999973
2013-08-27,31.63,2.5299999999999976,2.5450389408099974
2013-08-28,30.86,-0.7699999999999996,-0.7549610591899996
2013-08-29,30.2,-0.6600000000000001,-0.6449610591900001
2013-08-30,31.05,0.8500000000000014,0.8650389408100014
2013-09-03,31.34,0.28999999999999915,0.30503894080999916
2013-09-04,30.62,-0.7199999999999989,-0.7049610591899989
2013-09-05,30.82,0.1999999999999993,0.2150389408099993
2013-09-06,31.26,0.4400000000000013,0.4550389408100013
2013-09-09,30.76,-0.5,-0.48496105919
2013-09-10,29.87,-0.8900000000000006,-0.8749610591900006
2013-09-11,29.49,-0.38000000000000256,-0.36496105919000255
2013-09-12,27.72,-1.7699999999999996,-1.7549610591899996
2013-09-13,27.36,-0.35999999999999943,-0.3449610591899994
2013-09-16,28.53,1.1700000000000017,1.1850389408100017
2013-09-17,27.82,-0.7100000000000009,-0.6949610591900008
2013-09-18,27.86,0.03999999999999915,0.055038940809999146
2013-09-19,28.13,0.2699999999999996,0.2850389408099996
2013-09-20,29.56,1.4299999999999997,1.4450389408099997
2013-09-23,29.95,0.39000000000000057,0.4050389408100006
2013-09-24,29.48,-0.46999999999999886,-0.45496105918999885
2013-09-25,30.16,0.6799999999999997,0.6950389408099997
2013-09-26,29.68,-0.4800000000000004,-0.4649610591900004
2013-09-27,30.62,0.9400000000000013,0.9550389408100013
2013-09-30,32.37,1.7499999999999964,1.7650389408099965
2013-10-01,31.08,-1.2899999999999991,-1.2749610591899991
2013-10-02,30.6,-0.4799999999999969,-0.46496105918999686
2013-10-03,31.04,0.4399999999999977,0.45503894080999774
2013-10-04,30.57,-0.46999999999999886,-0.45496105918999885
2013-10-07,31.92,1.3500000000000014,1.3650389408100014
2013-10-08,34.01,2.0899999999999963,2.105038940809996
2013-10-09,34.14,0.13000000000000256,0.14503894081000257
2013-10-10,32.95,-1.1899999999999977,-1.1749610591899977
2013-10-11,31.93,-1.0200000000000031,-1.0049610591900031
2013-10-14,32.26,0.3299999999999983,0.3450389408099983
2013-10-15,31.61,-0.6499999999999986,-0.6349610591899986
2013-10-16,31.06,-0.5500000000000007,-0.5349610591900007
2013-10-17,30.3,-0.759999999999998,-0.744961059189998
2013-10-18,32.19,1.889999999999997,1.905038940809997
2013-10-21,34.22,2.030000000000001,2.045038940810001
2013-10-22,35.08,0.8599999999999994,0.8750389408099994
2013-10-23,34.67,-0.4099999999999966,-0.3949610591899966
2013-10-24,34.51,-0.1600000000000037,-0.14496105919000368
2013-10-25,36.68,2.1700000000000017,2.1850389408100015
2013-10-28,34.57,-2.1099999999999994,-2.0949610591899996
2013-10-29,27.38,-7.190000000000001,-7.174961059190001
2013-10-30,26.49,-0.8900000000000006,-0.8749610591900006
2013-10-31,25.78,-0.7099999999999973,-0.6949610591899973
2013-11-01,25.96,0.17999999999999972,0.19503894080999973
2013-11-04,25.02,-0.9400000000000013,-0.9249610591900013
2013-11-05,25.01,-0.00999999999999801,0.0050389408100019895
2013-11-06,24.16,-0.8500000000000014,-0.8349610591900014
2013-11-07,24.16,0.0,0.01503894081
2013-11-08,22.78,-1.379999999999999,-1.364961059189999
2013-11-11,21.64,-1.1400000000000006,-1.1249610591900006
2013-11-12,22.08,0.4399999999999977,0.45503894080999774
2013-11-13,21.75,-0.3299999999999983,-0.3149610591899983
2013-11-14,21.53,-0.21999999999999886,-0.20496105918999885
2013-11-15,22.02,0.48999999999999844,0.5050389408099984
2013-11-18,22.65,0.629999999999999,0.645038940809999
2013-11-19,21.77,-0.879999999999999,-0.864961059189999
2013-11-20,21.68,-0.08999999999999986,-0.07496105918999986
2013-11-21,21.79,0.10999999999999943,0.12503894080999944
2013-11-22,22.06,0.2699999999999996,0.2850389408099996
2013-11-25,21.77,-0.28999999999999915,-0.27496105918999914
2013-11-26,22.05,0.28000000000000114,0.29503894081000115
2013-11-27,22.42,0.370000000000001,0.385038940810001
2013-11-29,25.72,3.299999999999997,3.315038940809997
2013-12-02,25.95,0.23000000000000043,0.24503894081000044
2013-12-03,27.12,1.1700000000000017,1.1850389408100017
2013-12-04,27.3,0.17999999999999972,0.19503894080999973
2013-12-05,28.2,0.8999999999999986,0.9150389408099986
2013-12-06,28.03,-0.16999999999999815,-0.15496105918999814
2013-12-09,26.5,-1.5300000000000011,-1.5149610591900011
2013-12-10,25.61,-0.8900000000000006,-0.8749610591900006
2013-12-11,27.46,1.8500000000000014,1.8650389408100014
2013-12-12,27.23,-0.23000000000000043,-0.21496105919000041
2013-12-13,27.89,0.6600000000000001,0.6750389408100002
2013-12-16,27.22,-0.6700000000000017,-0.6549610591900017
2013-12-17,27.78,0.5600000000000023,0.5750389408100023
2013-12-18,28.8,1.0199999999999996,1.0350389408099996
2013-12-19,29.32,0.5199999999999996,0.5350389408099996
2013-12-20,28.87,-0.4499999999999993,-0.4349610591899993
2013-12-23,27.87,-1.0,-0.98496105919
2013-12-24,27.82,-0.05000000000000071,-0.03496105919000071
2013-12-26,28.04,0.21999999999999886,0.23503894080999888
2013-12-27,28.52,0.4800000000000004,0.49503894081000044
2013-12-30,29.69,1.1700000000000017,1.1850389408100017
2013-12-31,28.65,-1.0400000000000027,-1.0249610591900027
2014-01-02,30.35,1.7000000000000028,1.7150389408100029
2014-01-03,32.28,1.9299999999999997,1.9450389408099997
2014-01-06,31.49,-0.7900000000000027,-0.7749610591900027
2014-01-07,30.87,-0.6199999999999974,-0.6049610591899974
2014-01-08,30.38,-0.490000000000002,-0.474961059190002
2014-01-09,30.6,0.22000000000000242,0.23503894081000243
2014-01-10,30.46,-0.14000000000000057,-0.12496105919000057
2014-01-13,32.6,2.1400000000000006,2.1550389408100004
2014-01-14,30.8,-1.8000000000000007,-1.7849610591900007
2014-01-15,31.03,0.23000000000000043,0.24503894081000044
2014-01-16,31.68,0.6499999999999986,0.6650389408099986
2014-01-17,34.17,2.490000000000002,2.505038940810002
2014-01-21,32.17,-2.0,-1.98496105919
2014-01-22,31.75,-0.4200000000000017,-0.4049610591900017
2014-01-23,31.61,-0.14000000000000057,-0.12496105919000057
2014-01-24,33.66,2.049999999999997,2.065038940809997
2014-01-27,32.19,-1.4699999999999989,-1.4549610591899989
2014-01-28,25.23,-6.959999999999997,-6.944961059189997
2014-01-29,24.39,-0.8399999999999999,-0.8249610591899998
2014-01-30,25.18,0.7899999999999991,0.8050389408099992
2014-01-31,23.91,-1.2699999999999996,-1.2549610591899996
2014-02-03,25.76,1.8500000000000014,1.8650389408100014
2014-02-04,23.76,-2.0,-1.98496105919
2014-02-05,23.47,-0.2900000000000027,-0.2749610591900027
2014-02-06,22.55,-0.9199999999999982,-0.9049610591899981
2014-02-07,22.63,0.0799999999999983,0.09503894080999829
2014-02-10,22.27,-0.35999999999999943,-0.3449610591899994
2014-02-11,22.31,0.03999999999999915,0.055038940809999146
2014-02-12,22.42,0.11000000000000298,0.125038940810003
2014-02-13,21.64,-0.7800000000000011,-0.7649610591900011
2014-02-14,21.45,-0.19000000000000128,-0.17496105919000127
2014-02-18,21.37,-0.0799999999999983,-0.0649610591899983
2014-02-19,22.02,0.6499999999999986,0.6650389408099986
2014-02-20,21.58,-0.4400000000000013,-0.42496105919000127
2014-02-21,22.28,0.7000000000000028,0.7150389408100029
2014-02-24,21.31,-0.9700000000000024,-0.9549610591900024
2014-02-25,21.39,0.08000000000000185,0.09503894081000185
2014-02-26,22.34,0.9499999999999993,0.9650389408099993
2014-02-27,21.51,-0.8299999999999983,-0.8149610591899983
2014-02-28,21.08,-0.43000000000000327,-0.41496105919000326
2014-03-03,21.78,0.7000000000000028,0.7150389408100029
2014-03-04,20.13,-1.6500000000000021,-1.6349610591900021
2014-03-05,19.94,-0.18999999999999773,-0.17496105918999771
2014-03-06,20.01,0.07000000000000028,0.08503894081000028
2014-03-07,19.29,-0.7200000000000024,-0.7049610591900024
2014-03-10,19.09,-0.1999999999999993,-0.18496105918999928
2014-03-11,19.62,0.5300000000000011,0.5450389408100011
2014-03-12,19.67,0.05000000000000071,0.06503894081000071
2014-03-13,20.66,0.9899999999999984,1.0050389408099984
2014-03-14,21.27,0.6099999999999994,0.6250389408099994
2014-03-17,19.65,-1.620000000000001,-1.604961059190001
2014-03-18,18.61,-1.0399999999999991,-1.0249610591899991
2014-03-19,19.14,0.5300000000000011,0.5450389408100011
2014-03-20,19.63,0.48999999999999844,0.5050389408099984
2014-03-21,20.3,0.6700000000000017,0.6850389408100017
2014-03-24,20.82,0.5199999999999996,0.5350389408099996
2014-03-25,20.21,-0.6099999999999994,-0.5949610591899994
2014-03-26,20.72,0.509999999999998,0.525038940809998
2014-03-27,21.52,0.8000000000000007,0.8150389408100007
2014-03-28,22.99,1.4699999999999989,1.4850389408099989
2014-03-31,23.36,0.370000000000001,0.385038940810001
2014-04-01,22.44,-0.9199999999999982,-0.9049610591899981
2014-04-02,22.46,0.019999999999999574,0.03503894080999957
2014-04-03,22.96,0.5,0.51503894081
2014-04-04,24.82,1.8599999999999994,1.8750389408099994
2014-04-07,27.07,2.25,2.26503894081
2014-04-08,26.68,-0.39000000000000057,-0.37496105919000056
2014-04-09,25.79,-0.8900000000000006,-0.8749610591900006
2014-04-10,26.59,0.8000000000000007,0.8150389408100007
2014-04-11,28.13,1.5399999999999991,1.5550389408099992
2014-04-14,27.8,-0.3299999999999983,-0.3149610591899983
2014-04-15,27.26,-0.5399999999999991,-0.5249610591899991
2014-04-16,26.24,-1.0200000000000031,-1.0049610591900031
2014-04-17,24.86,-1.379999999999999,-1.364961059189999
2014-04-21,24.79,-0.07000000000000028,-0.054961059190000286
2014-04-22,24.17,-0.6199999999999974,-0.6049610591899974
2014-04-23,25.89,1.7199999999999989,1.7350389408099989
2014-04-24,20.0,-5.890000000000001,-5.87496105919
2014-04-25,20.22,0.21999999999999886,0.23503894080999888
2014-04-28,22.97,2.75,2.76503894081
2014-04-29,21.65,-1.3200000000000003,-1.3049610591900003
2014-04-30,21.45,-0.1999999999999993,-0.18496105918999928
2014-05-01,20.86,-0.5899999999999999,-0.5749610591899998
2014-05-02,20.48,-0.379999999999999,-0.364961059189999
2014-05-05,21.76,1.2800000000000011,1.2950389408100011
2014-05-06,20.85,-0.9100000000000001,-0.8949610591900001
2014-05-07,20.84,-0.010000000000001563,0.005038940809998437
2014-05-08,19.49,-1.3500000000000014,-1.3349610591900014
2014-05-09,19.52,0.030000000000001137,0.045038940810001135
2014-05-12,19.27,-0.25,-0.23496105919
2014-05-13,17.96,-1.3099999999999987,-1.2949610591899987
2014-05-14,18.84,0.879999999999999,0.895038940809999
2014-05-15,18.83,-0.010000000000001563,0.005038940809998437
2014-05-16,19.63,0.8000000000000007,0.8150389408100007
2014-05-19,20.18,0.5500000000000007,0.5650389408100007
2014-05-20,20.08,-0.10000000000000142,-0.08496105919000142
2014-05-21,19.37,-0.7099999999999973,-0.6949610591899973
2014-05-22,19.93,0.5599999999999987,0.5750389408099987
2014-05-23,19.96,0.030000000000001137,0.045038940810001135
2014-05-27,21.63,1.6699999999999982,1.6850389408099982
2014-05-28,22.21,0.5800000000000018,0.5950389408100019
2014-05-29,23.36,1.1499999999999986,1.1650389408099986
2014-05-30,24.65,1.2899999999999991,1.3050389408099992
2014-06-02,22.42,-2.229999999999997,-2.214961059189997
2014-06-03,21.79,-0.6300000000000026,-0.6149610591900025
2014-06-04,23.88,2.09,2.1050389408099996
2014-06-05,24.49,0.6099999999999994,0.6250389408099994
2014-06-06,24.35,-0.13999999999999702,-0.12496105918999702
2014-06-09,21.89,-2.460000000000001,-2.444961059190001
2014-06-10,21.86,-0.030000000000001137,-0.014961059190001137
2014-06-11,21.4,-0.46000000000000085,-0.44496105919000084
2014-06-12,21.52,0.120000000000001,0.135038940810001
2014-06-13,21.91,0.39000000000000057,0.4050389408100006
2014-06-16,21.17,-0.7399999999999984,-0.7249610591899984
2014-06-17,21.53,0.35999999999999943,0.37503894080999944
2014-06-18,20.62,-0.9100000000000001,-0.8949610591900001
2014-06-19,20.93,0.3099999999999987,0.32503894080999873
2014-06-20,21.34,0.41000000000000014,0.42503894081000015
2014-06-23,21.53,0.19000000000000128,0.2050389408100013
2014-06-24,21.87,0.33999999999999986,0.35503894080999987
2014-06-25,22.74,0.8699999999999974,0.8850389408099975
2014-06-26,22.52,-0.21999999999999886,-0.20496105918999885
2014-06-27,22.73,0.21000000000000085,0.22503894081000086
2014-06-30,25.38,2.6499999999999986,2.6650389408099984
2014-07-01,24.27,-1.1099999999999994,-1.0949610591899994
2014-07-02,24.37,0.10000000000000142,0.11503894081000142
2014-07-03,24.89,0.5199999999999996,0.5350389408099996
2014-07-07,26.07,1.1799999999999997,1.1950389408099997
2014-07-08,27.0,0.9299999999999997,0.9450389408099997
2014-07-09,26.55,-0.4499999999999993,-0.4349610591899993
2014-07-10,26.96,0.41000000000000014,0.42503894081000015
2014-07-11,27.44,0.4800000000000004,0.49503894081000044
2014-07-14,28.26,0.8200000000000003,0.8350389408100003
2014-07-15,28.62,0.35999999999999943,0.37503894080999944
2014-07-16,28.9,0.2799999999999976,0.2950389408099976
2014-07-17,31.3,2.400000000000002,2.415038940810002
2014-07-18,28.84,-2.460000000000001,-2.444961059190001
2014-07-21,29.08,0.23999999999999844,0.25503894080999845
2014-07-22,28.34,-0.7399999999999984,-0.7249610591899984
2014-07-23,21.99,-6.350000000000001,-6.334961059190001
2014-07-24,21.44,-0.5499999999999972,-0.5349610591899971
2014-07-25,22.13,0.6899999999999977,0.7050389408099977
2014-07-28,22.94,0.8100000000000023,0.8250389408100023
2014-07-29,23.06,0.11999999999999744,0.13503894080999745
2014-07-30,22.54,-0.5199999999999996,-0.5049610591899996
2014-07-31,26.31,3.7699999999999996,3.7850389408099994
2014-08-01,27.63,1.3200000000000003,1.3350389408100003
2014-08-04,26.25,-1.379999999999999,-1.364961059189999
2014-08-05,27.96,1.7100000000000009,1.7250389408100009
2014-08-06,28.13,0.16999999999999815,0.18503894080999816
2014-08-07,28.55,0.4200000000000017,0.4350389408100017
2014-08-08,28.16,-0.39000000000000057,-0.37496105919000056
2014-08-11,27.67,-0.48999999999999844,-0.4749610591899984
2014-08-12,26.66,-1.0100000000000016,-0.9949610591900016
2014-08-13,25.8,-0.8599999999999994,-0.8449610591899994
2014-08-14,24.87,-0.9299999999999997,-0.9149610591899997
2014-08-15,26.07,1.1999999999999993,1.2150389408099993
2014-08-18,25.25,-0.8200000000000003,-0.8049610591900003
2014-08-19,25.1,-0.14999999999999858,-0.13496105918999857
2014-08-20,24.66,-0.4400000000000013,-0.42496105919000127
2014-08-21,24.35,-0.3099999999999987,-0.2949610591899987
2014-08-22,24.35,0.0,0.01503894081
2014-08-25,25.09,0.7399999999999984,0.7550389408099984
2014-08-26,24.6,-0.48999999999999844,-0.4749610591899984
2014-08-27,25.56,0.9599999999999973,0.9750389408099973
2014-08-28,26.01,0.45000000000000284,0.46503894081000285
2014-08-29,26.2,0.18999999999999773,0.20503894080999774
2014-09-02,25.95,-0.25,-0.23496105919
2014-09-03,31.71,5.760000000000002,5.775038940810002
2014-09-04,30.79,-0.9200000000000017,-0.9049610591900017
2014-09-05,30.44,-0.34999999999999787,-0.33496105918999786
2014-09-08,30.3,-0.14000000000000057,-0.12496105919000057
2014-09-09,27.25,-3.0500000000000007,-3.034961059190001
2014-09-10,25.15,-2.1000000000000014,-2.0849610591900016
2014-09-11,25.31,0.16000000000000014,0.17503894081000015
2014-09-12,25.58,0.2699999999999996,0.2850389408099996
2014-09-15,24.71,-0.8699999999999974,-0.8549610591899974
2014-09-16,24.65,-0.060000000000002274,-0.044961059190002275
2014-09-17,23.65,-1.0,-0.98496105919
2014-09-18,23.15,-0.5,-0.48496105919
2014-09-19,24.55,1.4000000000000021,1.4150389408100021
2014-09-22,24.14,-0.41000000000000014,-0.39496105919000013
2014-09-23,23.61,-0.5300000000000011,-0.5149610591900011
2014-09-24,23.53,-0.0799999999999983,-0.0649610591899983
2014-09-25,28.08,4.549999999999997,4.565038940809997
2014-09-26,24.82,-3.259999999999998,-3.244961059189998
2014-09-29,26.81,1.9899999999999984,2.0050389408099982
2014-09-30,25.57,-1.2399999999999984,-1.2249610591899984
2014-10-01,28.24,2.669999999999998,2.685038940809998
2014-10-02,26.99,-1.25,-1.23496105919
2014-10-03,26.99,0.0,0.01503894081
2014-10-06,27.25,0.26000000000000156,0.2750389408100016
2014-10-07,28.53,1.2800000000000011,1.2950389408100011
2014-10-08,27.23,-1.3000000000000007,-1.2849610591900007
2014-10-09,28.21,0.9800000000000004,0.9950389408100004
2014-10-10,29.69,1.4800000000000004,1.4950389408100004
2014-10-13,33.77,4.080000000000002,4.095038940810002
2014-10-14,32.85,-0.9200000000000017,-0.9049610591900017
2014-10-15,36.97,4.119999999999997,4.135038940809998
2014-10-16,34.2,-2.769999999999996,-2.7549610591899962
2014-10-17,31.7,-2.5000000000000036,-2.4849610591900038
2014-10-20,29.67,-2.0299999999999976,-2.014961059189998
2014-10-21,22.45,-7.220000000000002,-7.204961059190002
2014-10-22,22.7,0.25,0.26503894081
2014-10-23,21.65,-1.0500000000000007,-1.0349610591900007
2014-10-24,21.74,0.08999999999999986,0.10503894080999986
2014-10-27,22.22,0.4800000000000004,0.49503894081000044
2014-10-28,21.48,-0.7399999999999984,-0.7249610591899984
2014-10-29,21.6,0.120000000000001,0.135038940810001
2014-10-30,21.74,0.13999999999999702,0.15503894080999703
2014-10-31,21.2,-0.5399999999999991,-0.5249610591899991
2014-11-03,22.15,0.9499999999999993,0.9650389408099993
2014-11-04,22.34,0.19000000000000128,0.2050389408100013
2014-11-05,22.21,-0.129999999999999,-0.11496105918999901
2014-11-06,22.53,0.3200000000000003,0.3350389408100003
2014-11-07,22.31,-0.22000000000000242,-0.2049610591900024
2014-11-10,22.35,0.0400000000000027,0.0550389408100027
2014-11-11,22.13,-0.22000000000000242,-0.2049610591900024
2014-11-12,21.65,-0.4800000000000004,-0.4649610591900004
2014-11-13,22.29,0.6400000000000006,0.6550389408100006
2014-11-14,22.82,0.5300000000000011,0.5450389408100011
2014-11-17,25.1,2.280000000000001,2.295038940810001
2014-11-18,25.15,0.04999999999999716,0.06503894080999716
2014-11-19,25.19,0.0400000000000027,0.0550389408100027
2014-11-20,25.41,0.21999999999999886,0.23503894080999888
2014-11-21,25.35,-0.05999999999999872,-0.04496105918999872
2014-11-24,24.42,-0.9299999999999997,-0.9149610591899997
2014-11-25,24.41,-0.010000000000001563,0.005038940809998437
2014-11-26,24.48,0.07000000000000028,0.08503894081000028
2014-11-28,25.78,1.3000000000000007,1.3150389408100007
2014-12-01,28.88,3.099999999999998,3.1150389408099977
2014-12-02,27.67,-1.2099999999999973,-1.1949610591899973
2014-12-03,26.09,-1.5800000000000018,-1.5649610591900018
2014-12-04,26.22,0.129999999999999,0.14503894080999902
2014-12-05,24.75,-1.4699999999999989,-1.4549610591899989
2014-12-08,27.44,2.6900000000000013,2.705038940810001
2014-12-09,26.82,-0.620000000000001,-0.604961059190001
2014-12-10,30.39,3.5700000000000003,3.58503894081
2014-12-11,29.78,-0.6099999999999994,-0.5949610591899994
2014-12-12,32.46,2.6799999999999997,2.6950389408099995
2014-12-15,32.48,0.01999999999999602,0.03503894080999602
2014-12-16,35.63,3.1500000000000057,3.1650389408100055
2014-12-17,30.4,-5.230000000000004,-5.214961059190004
2014-12-18,28.29,-2.1099999999999994,-2.0949610591899996
2014-12-19,28.43,0.14000000000000057,0.15503894081000058
2014-12-22,28.3,-0.129999999999999,-0.11496105918999901
2014-12-23,27.61,-0.6900000000000013,-0.6749610591900013
2014-12-24,27.76,0.15000000000000213,0.16503894081000214
2014-12-26,28.87,1.1099999999999994,1.1250389408099994
2014-12-29,29.78,0.9100000000000001,0.9250389408100002
2014-12-30,30.08,0.29999999999999716,0.31503894080999717
2014-12-31,31.87,1.7900000000000027,1.8050389408100027
2015-01-02,34.1,2.2300000000000004,2.24503894081
2015-01-05,37.81,3.710000000000001,3.7250389408100006
2015-01-06,38.25,0.4399999999999977,0.45503894080999774
2015-01-07,36.84,-1.4099999999999966,-1.3949610591899966
2015-01-08,35.05,-1.7900000000000063,-1.7749610591900062
2015-01-09,35.73,0.6799999999999997,0.6950389408099997
2015-01-12,40.75,5.020000000000003,5.035038940810003
2015-01-13,39.98,-0.7700000000000031,-0.7549610591900031
2015-01-14,41.53,1.5500000000000043,1.5650389408100043
2015-01-15,44.44,2.9099999999999966,2.9250389408099964
2015-01-16,41.81,-2.6299999999999955,-2.6149610591899957
2015-01-20,38.01,-3.8000000000000043,-3.7849610591900045
2015-01-21,38.07,0.060000000000002274,0.07503894081000227
2015-01-22,35.67,-2.3999999999999986,-2.384961059189999
2015-01-23,35.91,0.23999999999999488,0.2550389408099949
2015-01-26,39.98,4.07,4.0850389408100005
2015-01-27,42.25,2.270000000000003,2.285038940810003
2015-01-28,30.83,-11.420000000000002,-11.404961059190002
2015-01-29,29.26,-1.5699999999999967,-1.5549610591899967
2015-01-30,31.57,2.3099999999999987,2.3250389408099985
2015-02-02,29.13,-2.4400000000000013,-2.4249610591900015
2015-02-03,27.59,-1.5399999999999991,-1.5249610591899991
2015-02-04,28.41,0.8200000000000003,0.8350389408100003
2015-02-05,27.36,-1.0500000000000007,-1.0349610591900007
2015-02-06,28.73,1.370000000000001,1.385038940810001
2015-02-09,27.58,-1.1500000000000021,-1.1349610591900021
2015-02-10,25.91,-1.6699999999999982,-1.6549610591899981
2015-02-11,26.16,0.25,0.26503894081
2015-02-12,26.05,-0.10999999999999943,-0.09496105918999943
2015-02-13,25.87,-0.17999999999999972,-0.1649610591899997
2015-02-17,26.78,0.9100000000000001,0.9250389408100002
2015-02-18,25.21,-1.5700000000000003,-1.5549610591900003
2015-02-19,25.11,-0.10000000000000142,-0.08496105919000142
2015-02-20,25.14,0.030000000000001137,0.045038940810001135
2015-02-23,26.76,1.620000000000001,1.635038940810001
2015-02-24,26.27,-0.490000000000002,-0.474961059190002
2015-02-25,28.04,1.7699999999999996,1.7850389408099996
2015-02-26,28.7,0.6600000000000001,0.6750389408100002
2015-02-27,29.32,0.620000000000001,0.635038940810001
2015-03-02,28.3,-1.0199999999999996,-1.0049610591899996
2015-03-03,27.86,-0.4400000000000013,-0.42496105919000127
2015-03-04,28.0,0.14000000000000057,0.15503894081000058
2015-03-05,28.77,0.7699999999999996,0.7850389408099996
2015-03-06,29.8,1.0300000000000011,1.0450389408100011
2015-03-09,27.02,-2.780000000000001,-2.7649610591900013
2015-03-10,28.1,1.0800000000000018,1.0950389408100019
2015-03-11,28.79,0.6899999999999977,0.7050389408099977
2015-03-12,27.08,-1.7100000000000009,-1.6949610591900008
2015-03-13,27.7,0.620000000000001,0.635038940810001
2015-03-16,25.72,-1.9800000000000004,-1.9649610591900004
2015-03-17,26.11,0.39000000000000057,0.4050389408100006
2015-03-18,24.67,-1.4399999999999977,-1.4249610591899977
2015-03-19,25.26,0.5899999999999999,0.6050389408099999
2015-03-20,24.94,-0.3200000000000003,-0.30496105919000027
2015-03-23,26.38,1.4399999999999977,1.4550389408099977
2015-03-24,26.63,0.25,0.26503894081
2015-03-25,30.43,3.8000000000000007,3.8150389408100005
2015-03-26,30.46,0.030000000000001137,0.045038940810001135
2015-03-27,32.17,1.7100000000000009,1.7250389408100009
2015-03-30,29.95,-2.2200000000000024,-2.2049610591900026
2015-03-31,31.23,1.2800000000000011,1.2950389408100011
2015-04-01,31.95,0.7199999999999989,0.7350389408099989
2015-04-02,30.88,-1.0700000000000003,-1.0549610591900003
2015-04-06,31.59,0.7100000000000009,0.7250389408100009
2015-04-07,32.59,1.0000000000000036,1.0150389408100036
2015-04-08,33.42,0.8299999999999983,0.8450389408099983
2015-04-09,33.54,0.11999999999999744,0.13503894080999745
2015-04-10,33.75,0.21000000000000085,0.22503894081000086
2015-04-13,35.82,2.0700000000000003,2.08503894081
2015-04-14,35.58,-0.240000000000002,-0.22496105919000198
2015-04-15,34.91,-0.6700000000000017,-0.6549610591900017
2015-04-16,34.34,-0.5699999999999932,-0.5549610591899932
2015-04-17,36.65,2.309999999999995,2.325038940809995
2015-04-20,32.47,-4.18,-4.1649610591899995
2015-04-21,33.06,0.5900000000000034,0.6050389408100034
2015-04-22,32.35,-0.7100000000000009,-0.6949610591900008
2015-04-23,32.17,-0.17999999999999972,-0.1649610591899997
2015-04-24,34.27,2.1000000000000014,2.115038940810001
2015-04-27,34.34,0.07000000000000028,0.08503894081000028
2015-04-28,27.63,-6.710000000000004,-6.694961059190004
2015-04-29,27.74,0.10999999999999943,0.12503894080999944
2015-04-30,30.32,2.580000000000002,2.5950389408100016
2015-05-01,28.06,-2.2600000000000016,-2.2449610591900018
2015-05-04,25.87,-2.1899999999999977,-2.174961059189998
2015-05-05,27.44,1.5700000000000003,1.5850389408100003
2015-05-06,29.43,1.9899999999999984,2.0050389408099982
2015-05-07,27.16,-2.2699999999999996,-2.25496105919
2015-05-08,24.8,-2.3599999999999994,-2.3449610591899996
2015-05-11,25.18,0.379999999999999,0.395038940809999
2015-05-12,25.24,0.05999999999999872,0.07503894080999872
2015-05-13,24.77,-0.46999999999999886,-0.45496105918999885
2015-05-14,23.96,-0.8099999999999987,-0.7949610591899987
2015-05-15,23.2,-0.7600000000000016,-0.7449610591900016
2015-05-18,21.24,-1.9600000000000009,-1.9449610591900008
2015-05-19,21.0,-0.23999999999999844,-0.22496105918999842
2015-05-20,20.48,-0.5199999999999996,-0.5049610591899996
2015-05-21,19.76,-0.7199999999999989,-0.7049610591899989
2015-05-22,19.52,-0.240000000000002,-0.22496105919000198
2015-05-26,22.76,3.240000000000002,3.255038940810002
2015-05-27,21.31,-1.4500000000000028,-1.4349610591900028
2015-05-28,21.0,-0.3099999999999987,-0.2949610591899987
2015-05-29,21.22,0.21999999999999886,0.23503894080999888
2015-06-01,21.03,-0.18999999999999773,-0.17496105918999771
2015-06-02,21.1,0.07000000000000028,0.08503894081000028
2015-06-03,21.07,-0.030000000000001137,-0.014961059190001137
2015-06-04,22.24,1.1699999999999982,1.1850389408099982
2015-06-05,22.18,-0.05999999999999872,-0.04496105918999872
2015-06-08,22.89,0.7100000000000009,0.7250389408100009
2015-06-09,22.7,-0.19000000000000128,-0.17496105919000127
2015-06-10,20.95,-1.75,-1.73496105919
2015-06-11,21.19,0.240000000000002,0.255038940810002
2015-06-12,21.48,0.28999999999999915,0.30503894080999916
2015-06-15,21.5,0.019999999999999574,0.03503894080999957
2015-06-16,21.32,-0.17999999999999972,-0.1649610591899997
2015-06-17,21.38,0.05999999999999872,0.07503894080999872
2015-06-18,20.84,-0.5399999999999991,-0.5249610591899991
2015-06-19,21.27,0.4299999999999997,0.44503894080999973
2015-06-22,20.17,-1.0999999999999979,-1.0849610591899979
2015-06-23,20.45,0.2799999999999976,0.2950389408099976
2015-06-24,21.3,0.8500000000000014,0.8650389408100014
2015-06-25,21.62,0.3200000000000003,0.3350389408100003
2015-06-26,22.59,0.9699999999999989,0.9850389408099989
2015-06-29,26.77,4.18,4.19503894081
2015-06-30,24.93,-1.8399999999999999,-1.8249610591899998
2015-07-01,23.57,-1.3599999999999994,-1.3449610591899994
2015-07-02,23.72,0.14999999999999858,0.1650389408099986
2015-07-06,24.75,1.0300000000000011,1.0450389408100011
2015-07-07,25.66,0.9100000000000001,0.9250389408100002
