Date,Values,Delta Calculations,Delta - Mean(-0.0128971962617)
2010-06-01,51.18, , 
2010-06-02,46.68,-4.5,-4.4871028037383
2010-06-03,45.58,-1.1000000000000014,-1.0871028037383015
2010-06-04,51.06,5.480000000000004,5.492897196261704
2010-06-07,53.08,2.019999999999996,2.032897196261696
2010-06-08,53.75,0.6700000000000017,0.6828971962617018
2010-06-09,53.42,-0.3299999999999983,-0.3171028037382983
2010-06-10,49.71,-3.710000000000001,-3.697102803738301
2010-06-11,47.96,-1.75,-1.7371028037383
2010-06-14,47.65,-0.3100000000000023,-0.2971028037383023
2010-06-15,45.09,-2.559999999999995,-2.5471028037382952
2010-06-16,43.06,-2.030000000000001,-2.017102803738301
2010-06-17,41.99,-1.0700000000000003,-1.0571028037383003
2010-06-18,39.65,-2.3400000000000034,-2.3271028037383035
2010-06-21,41.7,2.0500000000000043,2.062897196261704
2010-06-22,43.05,1.3499999999999943,1.3628971962616943
2010-06-23,43.91,0.8599999999999994,0.8728971962616995
2010-06-24,47.19,3.280000000000001,3.292897196261701
2010-06-25,46.76,-0.4299999999999997,-0.4171028037382997
2010-06-28,48.39,1.6300000000000026,1.6428971962617025
2010-06-29,57.27,8.880000000000003,8.892897196261703
2010-06-30,56.74,-0.5300000000000011,-0.5171028037383011
2010-07-01,56.55,-0.19000000000000483,-0.17710280373830484
2010-07-02,54.65,-1.8999999999999986,-1.8871028037382986
2010-07-06,55.85,1.2000000000000028,1.2128971962617028
2010-07-07,52.85,-3.0,-2.9871028037383
2010-07-08,52.76,-0.09000000000000341,-0.07710280373830342
2010-07-09,51.71,-1.0499999999999972,-1.0371028037382972
2010-07-12,52.34,0.6300000000000026,0.6428971962617026
2010-07-13,51.65,-0.6900000000000048,-0.6771028037383048
2010-07-14,51.81,0.1600000000000037,0.1728971962617037
2010-07-15,50.19,-1.6200000000000045,-1.6071028037383046
2010-07-16,50.13,-0.05999999999999517,-0.04710280373829517
2010-07-19,48.67,-1.4600000000000009,-1.447102803738301
2010-07-20,46.88,-1.7899999999999991,-1.7771028037382992
2010-07-21,48.7,1.8200000000000003,1.8328971962617002
2010-07-22,48.44,-0.2600000000000051,-0.24710280373830512
2010-07-23,40.4,-8.04,-8.027102803738298
2010-07-26,41.3,0.8999999999999986,0.9128971962616986
2010-07-27,40.22,-1.0799999999999983,-1.0671028037382984
2010-07-28,39.68,-0.5399999999999991,-0.5271028037382991
2010-07-29,38.71,-0.9699999999999989,-0.9571028037382988
2010-07-30,37.58,-1.1300000000000026,-1.1171028037383026
2010-08-02,37.75,0.1700000000000017,0.1828971962617017
2010-08-03,36.42,-1.3299999999999983,-1.3171028037382984
2010-08-04,38.92,2.5,2.5128971962617
2010-08-05,37.99,-0.9299999999999997,-0.9171028037382997
2010-08-06,37.67,-0.3200000000000003,-0.3071028037383003
2010-08-09,36.78,-0.8900000000000006,-0.8771028037383005
2010-08-10,37.3,0.519999999999996,0.5328971962616961
2010-08-11,39.62,2.3200000000000003,2.3328971962617002
2010-08-12,40.07,0.45000000000000284,0.46289719626170284
2010-08-13,41.34,1.2700000000000031,1.282897196261703
2010-08-16,39.28,-2.0600000000000023,-2.0471028037383023
2010-08-17,37.76,-1.5200000000000031,-1.5071028037383032
2010-08-18,38.34,0.5800000000000054,0.5928971962617055
2010-08-19,38.48,0.13999999999999346,0.15289719626169346
2010-08-20,38.48,0.0,0.0128971962617
2010-08-23,39.88,1.4000000000000057,1.4128971962617056
2010-08-24,40.31,0.4299999999999997,0.4428971962616997
2010-08-25,40.69,0.37999999999999545,0.39289719626169545
2010-08-26,41.28,0.5900000000000034,0.6028971962617035
2010-08-27,40.04,-1.240000000000002,-1.227102803738302
2010-08-30,42.33,2.289999999999999,2.302897196261699
2010-08-31,43.25,0.9200000000000017,0.9328971962617018
2010-09-01,41.4,-1.8500000000000014,-1.8371028037383015
2010-09-02,40.45,-0.9499999999999957,-0.9371028037382957
2010-09-03,38.78,-1.6700000000000017,-1.6571028037383018
2010-09-07,41.46,2.6799999999999997,2.6928971962616997
2010-09-08,42.01,0.5499999999999972,0.5628971962616972
2010-09-09,42.03,0.020000000000003126,0.03289719626170313
2010-09-10,40.57,-1.4600000000000009,-1.447102803738301
2010-09-13,39.99,-0.5799999999999983,-0.5671028037382982
2010-09-14,40.09,0.10000000000000142,0.11289719626170142
2010-09-15,39.16,-0.9300000000000068,-0.9171028037383068
2010-09-16,40.09,0.9300000000000068,0.9428971962617069
2010-09-17,38.48,-1.6100000000000065,-1.5971028037383066
2010-09-20,40.86,2.3800000000000026,2.3928971962617025
2010-09-21,41.96,1.1000000000000014,1.1128971962617014
2010-09-22,42.72,0.759999999999998,0.7728971962616981
2010-09-23,43.86,1.1400000000000006,1.1528971962617005
2010-09-24,45.85,1.990000000000002,2.002897196261702
2010-09-27,47.73,1.8799999999999955,1.8928971962616954
2010-09-28,48.83,1.1000000000000014,1.1128971962617014
2010-09-29,47.8,-1.0300000000000011,-1.0171028037383012
2010-09-30,47.86,0.060000000000002274,0.07289719626170227
2010-10-01,47.08,-0.7800000000000011,-0.7671028037383011
2010-10-04,48.22,1.1400000000000006,1.1528971962617005
2010-10-05,48.51,0.28999999999999915,0.30289719626169914
2010-10-06,48.28,-0.22999999999999687,-0.21710280373829688
2010-10-07,48.44,0.1599999999999966,0.17289719626169658
2010-10-08,46.59,-1.8499999999999943,-1.8371028037382944
2010-10-11,48.86,2.269999999999996,2.282897196261696
2010-10-12,48.03,-0.8299999999999983,-0.8171028037382982
2010-10-13,47.92,-0.10999999999999943,-0.09710280373829944
2010-10-14,49.17,1.25,1.2628971962617
2010-10-15,50.76,1.5899999999999963,1.6028971962616962
2010-10-18,49.78,-0.9799999999999969,-0.9671028037382968
2010-10-19,49.41,-0.37000000000000455,-0.35710280373830455
2010-10-20,49.27,-0.13999999999999346,-0.12710280373829347
2010-10-21,50.17,0.8999999999999986,0.9128971962616986
2010-10-22,38.54,-11.630000000000003,-11.617102803738302
2010-10-25,37.89,-0.6499999999999986,-0.6371028037382985
2010-10-26,37.91,0.01999999999999602,0.03289719626169602
2010-10-27,37.34,-0.5699999999999932,-0.5571028037382931
2010-10-28,37.03,-0.3100000000000023,-0.2971028037383023
2010-10-29,37.14,0.10999999999999943,0.12289719626169943
2010-11-01,38.54,1.3999999999999986,1.4128971962616985
2010-11-02,37.66,-0.8800000000000026,-0.8671028037383025
2010-11-03,37.33,-0.3299999999999983,-0.3171028037382983
2010-11-04,37.14,-0.18999999999999773,-0.17710280373829773
2010-11-05,37.7,0.5600000000000023,0.5728971962617023
2010-11-08,37.38,-0.3200000000000003,-0.3071028037383003
2010-11-09,36.46,-0.9200000000000017,-0.9071028037383017
2010-11-10,35.43,-1.0300000000000011,-1.0171028037383012
2010-11-11,36.41,0.9799999999999969,0.9928971962616969
2010-11-12,39.12,2.710000000000001,2.722897196261701
2010-11-15,39.23,0.10999999999999943,0.12289719626169943
2010-11-16,39.89,0.6600000000000037,0.6728971962617037
2010-11-17,38.51,-1.3800000000000026,-1.3671028037383026
2010-11-18,35.54,-2.969999999999999,-2.957102803738299
2010-11-19,34.9,-0.6400000000000006,-0.6271028037383005
2010-11-22,34.82,-0.0799999999999983,-0.0671028037382983
2010-11-23,37.27,2.450000000000003,2.462897196261703
2010-11-24,38.4,1.1299999999999955,1.1428971962616954
2010-11-26,40.37,1.9699999999999989,1.9828971962616988
2010-11-29,40.3,-0.07000000000000028,-0.05710280373830028
2010-11-30,41.57,1.2700000000000031,1.282897196261703
2010-12-01,39.45,-2.1199999999999974,-2.1071028037382975
2010-12-02,38.09,-1.3599999999999994,-1.3471028037382995
2010-12-03,36.47,-1.6200000000000045,-1.6071028037383046
2010-12-06,36.7,0.23000000000000398,0.24289719626170397
2010-12-07,36.47,-0.23000000000000398,-0.21710280373830398
2010-12-08,35.42,-1.0499999999999972,-1.0371028037382972
2010-12-09,35.04,-0.38000000000000256,-0.36710280373830256
2010-12-10,34.68,-0.35999999999999943,-0.34710280373829944
2010-12-13,32.81,-1.8699999999999974,-1.8571028037382975
2010-12-14,33.08,0.269999999999996,0.282897196261696
2010-12-15,33.15,0.07000000000000028,0.08289719626170028
2010-12-16,31.7,-1.4499999999999993,-1.4371028037382994
2010-12-17,30.65,-1.0500000000000007,-1.0371028037383008
2010-12-20,30.14,-0.509999999999998,-0.497102803738298
2010-12-21,30.34,0.1999999999999993,0.21289719626169928
2010-12-22,29.9,-0.4400000000000013,-0.4271028037383013
2010-12-23,30.26,0.360000000000003,0.372897196261703
2010-12-27,34.44,4.179999999999996,4.192897196261696
2010-12-28,34.43,-0.00999999999999801,0.0028971962617019894
2010-12-29,34.77,0.3400000000000034,0.3528971962617034
2010-12-30,35.73,0.9599999999999937,0.9728971962616938
2010-12-31,36.71,0.980000000000004,0.992897196261704
2011-01-03,37.87,1.1599999999999966,1.1728971962616965
2011-01-04,37.66,-0.21000000000000085,-0.19710280373830086
2011-01-05,38.03,0.37000000000000455,0.38289719626170454
2011-01-06,38.41,0.37999999999999545,0.39289719626169545
2011-01-07,37.29,-1.1199999999999974,-1.1071028037382975
2011-01-10,38.45,1.1600000000000037,1.1728971962617036
2011-01-11,37.56,-0.8900000000000006,-0.8771028037383005
2011-01-12,36.95,-0.6099999999999994,-0.5971028037382994
2011-01-13,36.81,-0.14000000000000057,-0.12710280373830057
2011-01-14,36.18,-0.6300000000000026,-0.6171028037383025
2011-01-18,37.77,1.5900000000000034,1.6028971962617033
2011-01-19,38.83,1.0599999999999952,1.072897196261695
2011-01-20,39.44,0.6099999999999994,0.6228971962616995
2011-01-21,41.23,1.7899999999999991,1.802897196261699
2011-01-24,42.98,1.75,1.7628971962617
2011-01-25,43.67,0.6900000000000048,0.7028971962617049
2011-01-26,43.41,-0.2600000000000051,-0.24710280373830512
2011-01-27,42.47,-0.9399999999999977,-0.9271028037382977
2011-01-28,34.2,-8.269999999999996,-8.257102803738295
2011-01-31,34.06,-0.14000000000000057,-0.12710280373830057
2011-02-01,31.66,-2.400000000000002,-2.387102803738302
2011-02-02,30.6,-1.0599999999999987,-1.0471028037382988
2011-02-03,30.97,0.36999999999999744,0.38289719626169744
2011-02-04,30.39,-0.5799999999999983,-0.5671028037382982
2011-02-07,30.37,-0.019999999999999574,-0.007102803738299574
2011-02-08,30.14,-0.23000000000000043,-0.21710280373830043
2011-02-09,29.97,-0.1700000000000017,-0.1571028037383017
2011-02-10,30.74,0.7699999999999996,0.7828971962616996
2011-02-11,31.5,0.7600000000000016,0.7728971962617016
2011-02-14,32.69,1.1899999999999977,1.2028971962616977
2011-02-15,32.38,-0.30999999999999517,-0.2971028037382952
2011-02-16,32.68,0.29999999999999716,0.31289719626169715
2011-02-17,32.94,0.259999999999998,0.272897196261698
2011-02-18,31.35,-1.5899999999999963,-1.5771028037382964
2011-02-22,34.98,3.6299999999999955,3.6428971962616954
2011-02-23,35.79,0.8100000000000023,0.8228971962617023
2011-02-24,35.51,-0.28000000000000114,-0.26710280373830114
2011-02-25,34.03,-1.4799999999999969,-1.467102803738297
2011-02-28,35.13,1.1000000000000014,1.1128971962617014
2011-03-01,36.53,1.3999999999999986,1.4128971962616985
2011-03-02,35.82,-0.7100000000000009,-0.6971028037383008
2011-03-03,33.91,-1.9100000000000037,-1.8971028037383038
2011-03-04,34.28,0.37000000000000455,0.38289719626170454
2011-03-07,36.38,2.1000000000000014,2.1128971962617014
2011-03-08,36.16,-0.22000000000000597,-0.20710280373830597
2011-03-09,36.93,0.7700000000000031,0.7828971962617032
2011-03-10,37.67,0.740000000000002,0.752897196261702
2011-03-11,36.67,-1.0,-0.9871028037383
2011-03-14,36.59,-0.0799999999999983,-0.0671028037382983
2011-03-15,37.1,0.509999999999998,0.5228971962616981
2011-03-16,41.28,4.18,4.1928971962617
2011-03-17,39.16,-2.1200000000000045,-2.1071028037383046
2011-03-18,36.1,-3.059999999999995,-3.0471028037382952
2011-03-21,34.07,-2.030000000000001,-2.017102803738301
2011-03-22,33.47,-0.6000000000000014,-0.5871028037383014
2011-03-23,32.78,-0.6899999999999977,-0.6771028037382977
2011-03-24,33.15,0.36999999999999744,0.38289719626169744
2011-03-25,32.51,-0.6400000000000006,-0.6271028037383005
2011-03-28,34.24,1.730000000000004,1.742897196261704
2011-03-29,34.42,0.17999999999999972,0.1928971962616997
2011-03-30,35.02,0.6000000000000014,0.6128971962617015
2011-03-31,35.5,0.4799999999999969,0.49289719626169687
2011-04-01,35.2,-0.29999999999999716,-0.28710280373829716
2011-04-04,35.88,0.6799999999999997,0.6928971962616998
2011-04-05,35.68,-0.20000000000000284,-0.18710280373830285
2011-04-06,36.43,0.75,0.7628971962617
2011-04-07,35.53,-0.8999999999999986,-0.8871028037382985
2011-04-08,35.17,-0.35999999999999943,-0.34710280373829944
2011-04-11,37.55,2.3799999999999955,2.3928971962616954
2011-04-12,38.13,0.5800000000000054,0.5928971962617055
2011-04-13,38.13,0.0,0.0128971962617
2011-04-14,36.67,-1.4600000000000009,-1.447102803738301
2011-04-15,35.65,-1.0200000000000031,-1.0071028037383032
2011-04-18,36.93,1.2800000000000011,1.292897196261701
2011-04-19,36.63,-0.29999999999999716,-0.28710280373829716
2011-04-20,36.38,-0.25,-0.2371028037383
2011-04-21,35.92,-0.46000000000000085,-0.44710280373830086
2011-04-25,38.23,2.309999999999995,2.322897196261695
2011-04-26,37.71,-0.519999999999996,-0.507102803738296
2011-04-27,32.06,-5.649999999999999,-5.637102803738299
2011-04-28,31.12,-0.9400000000000013,-0.9271028037383012
2011-04-29,30.05,-1.0700000000000003,-1.0571028037383003
2011-05-02,32.01,1.9599999999999973,1.9728971962616972
2011-05-03,31.68,-0.3299999999999983,-0.3171028037382983
2011-05-04,32.28,0.6000000000000014,0.6128971962617015
2011-05-05,32.15,-0.13000000000000256,-0.11710280373830256
2011-05-06,31.28,-0.8699999999999974,-0.8571028037382974
2011-05-09,32.14,0.8599999999999994,0.8728971962616995
2011-05-10,30.26,-1.879999999999999,-1.867102803738299
2011-05-11,30.35,0.08999999999999986,0.10289719626169985
2011-05-12,31.24,0.889999999999997,0.9028971962616971
2011-05-13,30.64,-0.5999999999999979,-0.5871028037382978
2011-05-16,34.31,3.6700000000000017,3.6828971962617016
2011-05-17,33.29,-1.0200000000000031,-1.0071028037383032
2011-05-18,31.41,-1.879999999999999,-1.867102803738299
2011-05-19,30.66,-0.75,-0.7371028037383
2011-05-20,30.24,-0.4200000000000017,-0.4071028037383017
2011-05-23,32.46,2.2200000000000024,2.2328971962617024
2011-05-24,31.34,-1.120000000000001,-1.107102803738301
2011-05-25,30.38,-0.9600000000000009,-0.9471028037383008
2011-05-26,29.92,-0.4599999999999973,-0.4471028037382973
2011-05-27,29.2,-0.7200000000000024,-0.7071028037383024
2011-05-31,29.88,0.6799999999999997,0.6928971962616998
2011-06-01,31.09,1.2100000000000009,1.2228971962617008
2011-06-02,30.86,-0.23000000000000043,-0.21710280373830043
2011-06-03,31.98,1.120000000000001,1.132897196261701
2011-06-06,32.88,0.9000000000000021,0.9128971962617022
2011-06-07,32.51,-0.37000000000000455,-0.35710280373830455
2011-06-08,32.51,0.0,0.0128971962617
2011-06-09,31.96,-0.5499999999999972,-0.5371028037382971
2011-06-10,32.45,0.490000000000002,0.502897196261702
2011-06-13,31.33,-1.1200000000000045,-1.1071028037383046
2011-06-14,30.57,-0.759999999999998,-0.747102803738298
2011-06-15,33.32,2.75,2.7628971962617
2011-06-16,35.71,2.3900000000000006,2.4028971962617005
2011-06-17,35.0,-0.7100000000000009,-0.6971028037383008
2011-06-20,35.01,0.00999999999999801,0.022897196261698012
2011-06-21,33.49,-1.519999999999996,-1.507102803738296
2011-06-22,33.11,-0.38000000000000256,-0.36710280373830256
2011-06-23,33.47,0.35999999999999943,0.3728971962616994
2011-06-24,33.91,0.4399999999999977,0.4528971962616977
2011-06-27,36.65,2.740000000000002,2.752897196261702
2011-06-28,35.62,-1.0300000000000011,-1.0171028037383012
2011-06-29,35.07,-0.5499999999999972,-0.5371028037382971
2011-06-30,34.34,-0.7299999999999969,-0.7171028037382968
2011-07-01,33.17,-1.1700000000000017,-1.1571028037383018
2011-07-05,35.89,2.719999999999999,2.732897196261699
2011-07-06,36.07,0.17999999999999972,0.1928971962616997
2011-07-07,35.47,-0.6000000000000014,-0.5871028037383014
2011-07-08,35.97,0.5,0.5128971962617
2011-07-11,38.52,2.5500000000000043,2.562897196261704
2011-07-12,38.6,0.0799999999999983,0.09289719626169829
2011-07-13,38.85,0.25,0.2628971962617
2011-07-14,38.42,-0.4299999999999997,-0.4171028037382997
2011-07-15,38.44,0.01999999999999602,0.03289719626169602
2011-07-18,39.99,1.5500000000000043,1.5628971962617042
2011-07-19,38.67,-1.3200000000000003,-1.3071028037383003
2011-07-20,39.51,0.8399999999999963,0.8528971962616964
2011-07-21,39.99,0.480000000000004,0.492897196261704
2011-07-22,40.82,0.8299999999999983,0.8428971962616983
2011-07-25,43.01,2.1899999999999977,2.2028971962616977
2011-07-26,43.64,0.6300000000000026,0.6428971962617026
2011-07-27,35.2,-8.439999999999998,-8.427102803738297
2011-07-28,34.93,-0.2700000000000031,-0.25710280373830313
2011-07-29,35.91,0.9799999999999969,0.9928971962616969
2011-08-01,35.38,-0.529999999999994,-0.517102803738294
2011-08-02,37.12,1.7399999999999949,1.7528971962616948
2011-08-03,37.34,0.22000000000000597,0.23289719626170596
2011-08-04,44.84,7.5,7.5128971962617
2011-08-05,47.37,2.529999999999994,2.542897196261694
2011-08-08,59.21,11.840000000000003,11.852897196261704
2011-08-09,49.17,-10.04,-10.027102803738298
2011-08-10,58.72,9.549999999999997,9.562897196261698
2011-08-11,54.16,-4.560000000000002,-4.547102803738302
2011-08-12,49.59,-4.569999999999993,-4.557102803738293
2011-08-15,46.7,-2.8900000000000006,-2.8771028037383006
2011-08-16,45.74,-0.9600000000000009,-0.9471028037383008
2011-08-17,44.65,-1.0900000000000034,-1.0771028037383035
2011-08-18,56.05,11.399999999999999,11.4128971962617
2011-08-19,59.49,3.440000000000005,3.4528971962617048
2011-08-22,60.53,1.0399999999999991,1.052897196261699
2011-08-23,53.59,-6.939999999999998,-6.927102803738298
2011-08-24,53.43,-0.1600000000000037,-0.1471028037383037
2011-08-25,56.16,2.729999999999997,2.742897196261697
2011-08-26,50.78,-5.3799999999999955,-5.3671028037382955
2011-08-29,48.84,-1.9399999999999977,-1.9271028037382978
2011-08-30,48.35,-0.490000000000002,-0.477102803738302
2011-08-31,47.65,-0.7000000000000028,-0.6871028037383028
2011-09-01,46.6,-1.0499999999999972,-1.0371028037382972
2011-09-02,48.86,2.259999999999998,2.272897196261698
2011-09-06,51.99,3.1300000000000026,3.1428971962617025
2011-09-07,48.84,-3.1499999999999986,-3.1371028037382986
2011-09-08,49.18,0.3399999999999963,0.3528971962616963
2011-09-09,52.86,3.6799999999999997,3.6928971962616997
2011-09-12,52.89,0.030000000000001137,0.04289719626170114
2011-09-13,48.9,-3.990000000000002,-3.977102803738302
2011-09-14,46.37,-2.530000000000001,-2.517102803738301
2011-09-15,44.9,-1.4699999999999989,-1.457102803738299
2011-09-16,44.6,-0.29999999999999716,-0.28710280373829716
2011-09-19,48.91,4.309999999999995,4.322897196261695
2011-09-20,48.43,-0.4799999999999969,-0.4671028037382969
2011-09-21,50.81,2.3800000000000026,2.3928971962617025
2011-09-22,57.68,6.869999999999997,6.882897196261697
2011-09-23,57.81,0.13000000000000256,0.14289719626170255
2011-09-26,57.6,-0.21000000000000085,-0.19710280373830086
2011-09-27,57.98,0.37999999999999545,0.39289719626169545
2011-09-28,58.21,0.23000000000000398,0.24289719626170397
2011-09-29,60.14,1.9299999999999997,1.9428971962616997
2011-09-30,61.89,1.75,1.7628971962617
2011-10-03,66.06,4.170000000000002,4.182897196261702
2011-10-04,63.02,-3.039999999999999,-3.027102803738299
2011-10-05,58.74,-4.280000000000001,-4.267102803738301
2011-10-06,57.77,-0.9699999999999989,-0.9571028037382988
2011-10-07,55.03,-2.740000000000002,-2.727102803738302
2011-10-10,53.86,-1.1700000000000017,-1.1571028037383018
2011-10-11,53.09,-0.769999999999996,-0.757102803738296
2011-10-12,52.6,-0.490000000000002,-0.477102803738302
2011-10-13,52.26,-0.3400000000000034,-0.3271028037383034
2011-10-14,51.36,-0.8999999999999986,-0.8871028037382985
2011-10-17,55.39,4.030000000000001,4.042897196261701
2011-10-18,52.66,-2.730000000000004,-2.717102803738304
2011-10-19,54.28,1.6200000000000045,1.6328971962617045
2011-10-20,54.49,0.21000000000000085,0.22289719626170085
2011-10-21,52.33,-2.1600000000000037,-2.1471028037383038
2011-10-24,50.37,-1.9600000000000009,-1.947102803738301
2011-10-25,58.69,8.32,8.332897196261701
2011-10-26,47.22,-11.469999999999999,-11.457102803738298
2011-10-27,42.0,-5.219999999999999,-5.207102803738299
2011-10-28,40.43,-1.5700000000000003,-1.5571028037383003
2011-10-31,42.74,2.3100000000000023,2.322897196261702
2011-11-01,47.61,4.869999999999997,4.882897196261697
2011-11-02,45.22,-2.3900000000000006,-2.3771028037383006
2011-11-03,42.7,-2.519999999999996,-2.507102803738296
2011-11-04,42.33,-0.37000000000000455,-0.35710280373830455
2011-11-07,42.72,0.39000000000000057,0.40289719626170056
2011-11-08,40.36,-2.3599999999999994,-2.3471028037382995
2011-11-09,47.52,7.160000000000004,7.172897196261704
2011-11-10,44.82,-2.700000000000003,-2.687102803738303
2011-11-11,41.62,-3.200000000000003,-3.187102803738303
2011-11-14,41.94,0.3200000000000003,0.3328971962617003
2011-11-15,41.52,-0.4199999999999946,-0.4071028037382946
2011-11-16,43.61,2.0899999999999963,2.1028971962616962
2011-11-17,48.79,5.18,5.1928971962617
2011-11-18,48.85,0.060000000000002274,0.07289719626170227
2011-11-21,50.92,2.0700000000000003,2.0828971962617002
2011-11-22,49.19,-1.730000000000004,-1.717102803738304
2011-11-23,51.41,2.219999999999999,2.232897196261699
2011-11-25,50.37,-1.0399999999999991,-1.0271028037382992
2011-11-28,50.54,0.1700000000000017,0.1828971962617017
2011-11-29,50.03,-0.509999999999998,-0.497102803738298
2011-11-30,47.46,-2.5700000000000003,-2.5571028037383003
2011-12-01,46.36,-1.1000000000000014,-1.0871028037383015
2011-12-02,44.33,-2.030000000000001,-2.017102803738301
2011-12-05,44.6,0.2700000000000031,0.2828971962617031
2011-12-06,44.56,-0.03999999999999915,-0.027102803738299146
2011-12-07,46.13,1.5700000000000003,1.5828971962617002
2011-12-08,46.57,0.4399999999999977,0.4528971962616977
2011-12-09,42.64,-3.9299999999999997,-3.9171028037382998
2011-12-12,42.0,-0.6400000000000006,-0.6271028037383005
2011-12-13,44.89,2.8900000000000006,2.9028971962617005
2011-12-14,46.74,1.8500000000000014,1.8628971962617014
2011-12-15,45.88,-0.8599999999999994,-0.8471028037382994
2011-12-16,41.92,-3.960000000000001,-3.947102803738301
2011-12-19,41.7,-0.21999999999999886,-0.20710280373829887
2011-12-20,39.26,-2.440000000000005,-2.427102803738305
2011-12-21,41.12,1.8599999999999994,1.8728971962616994
2011-12-22,39.0,-2.1199999999999974,-2.1071028037382975
2011-12-23,39.43,0.4299999999999997,0.4428971962616997
2011-12-27,42.84,3.4100000000000037,3.4228971962617036
2011-12-28,44.31,1.4699999999999989,1.4828971962616988
2011-12-29,45.17,0.8599999999999994,0.8728971962616995
2011-12-30,45.12,-0.05000000000000426,-0.03710280373830426
2012-01-03,46.12,1.0,1.0128971962617
2012-01-04,45.94,-0.17999999999999972,-0.16710280373829972
2012-01-05,44.7,-1.2399999999999949,-1.227102803738295
2012-01-06,44.6,-0.10000000000000142,-0.08710280373830143
2012-01-09,46.4,1.7999999999999972,1.812897196261697
2012-01-10,45.5,-0.8999999999999986,-0.8871028037382985
2012-01-11,45.86,0.35999999999999943,0.3728971962616994
2012-01-12,46.05,0.18999999999999773,0.20289719626169772
2012-01-13,46.91,0.8599999999999994,0.8728971962616995
2012-01-17,48.46,1.5500000000000043,1.5628971962617042
2012-01-18,47.61,-0.8500000000000014,-0.8371028037383014
2012-01-19,45.6,-2.009999999999998,-1.997102803738298
2012-01-20,43.67,-1.9299999999999997,-1.9171028037382998
2012-01-23,43.27,-0.3999999999999986,-0.3871028037382986
2012-01-24,43.09,-0.17999999999999972,-0.16710280373829972
2012-01-25,42.72,-0.37000000000000455,-0.35710280373830455
2012-01-26,43.56,0.8400000000000034,0.8528971962617035
2012-01-27,45.1,1.5399999999999991,1.552897196261699
2012-01-30,50.75,5.649999999999999,5.6628971962616985
2012-01-31,54.47,3.719999999999999,3.732897196261699
2012-02-01,34.86,-19.61,-19.5971028037383
2012-02-02,34.26,-0.6000000000000014,-0.5871028037383014
2012-02-03,32.71,-1.5499999999999972,-1.5371028037382972
2012-02-06,33.35,0.6400000000000006,0.6528971962617006
2012-02-07,32.65,-0.7000000000000028,-0.6871028037383028
2012-02-08,32.31,-0.3399999999999963,-0.3271028037382963
2012-02-09,33.52,1.2100000000000009,1.2228971962617008
2012-02-10,34.93,1.4099999999999966,1.4228971962616965
2012-02-13,34.17,-0.759999999999998,-0.747102803738298
2012-02-14,33.98,-0.19000000000000483,-0.17710280373830484
2012-02-15,36.93,2.950000000000003,2.962897196261703
2012-02-16,37.92,0.990000000000002,1.002897196261702
2012-02-17,35.71,-2.210000000000001,-2.197102803738301
2012-02-21,35.41,-0.30000000000000426,-0.28710280373830427
2012-02-22,34.08,-1.3299999999999983,-1.3171028037382984
2012-02-23,34.26,0.17999999999999972,0.1928971962616997
2012-02-24,32.4,-1.8599999999999994,-1.8471028037382995
2012-02-27,33.45,1.0500000000000043,1.0628971962617042
2012-02-28,33.82,0.36999999999999744,0.38289719626169744
2012-02-29,34.06,0.240000000000002,0.252897196261702
2012-03-01,33.96,-0.10000000000000142,-0.08710280373830143
2012-03-02,33.86,-0.10000000000000142,-0.08710280373830143
2012-03-05,35.01,1.1499999999999986,1.1628971962616985
2012-03-06,36.92,1.9100000000000037,1.9228971962617036
2012-03-07,34.79,-2.1300000000000026,-2.1171028037383026
2012-03-08,33.88,-0.9099999999999966,-0.8971028037382965
2012-03-09,32.28,-1.6000000000000014,-1.5871028037383015
2012-03-12,27.85,-4.43,-4.4171028037383
2012-03-13,27.12,-0.7300000000000004,-0.7171028037383004
2012-03-14,27.58,0.4599999999999973,0.4728971962616973
2012-03-15,30.34,2.7600000000000016,2.7728971962617015
2012-03-16,28.46,-1.879999999999999,-1.867102803738299
2012-03-19,28.27,-0.19000000000000128,-0.17710280373830128
2012-03-20,30.77,2.5,2.5128971962617
2012-03-21,30.66,-0.10999999999999943,-0.09710280373829944
2012-03-22,32.08,1.4199999999999982,1.432897196261698
2012-03-23,32.59,0.5100000000000051,0.5228971962617052
2012-03-26,34.74,2.1499999999999986,2.1628971962616985
2012-03-27,36.44,1.6999999999999957,1.7128971962616957
2012-03-28,37.57,1.1300000000000026,1.1428971962617025
2012-03-29,38.92,1.3500000000000014,1.3628971962617014
2012-03-30,37.8,-1.1200000000000045,-1.1071028037383046
2012-04-02,38.47,0.6700000000000017,0.6828971962617018
2012-04-03,38.63,0.1600000000000037,0.1728971962617037
2012-04-04,39.16,0.529999999999994,0.5428971962616941
2012-04-05,38.19,-0.9699999999999989,-0.9571028037382988
2012-04-09,41.57,3.3800000000000026,3.3928971962617025
2012-04-10,44.33,2.759999999999998,2.772897196261698
2012-04-11,42.84,-1.4899999999999949,-1.477102803738295
2012-04-12,42.93,0.0899999999999963,0.1028971962616963
2012-04-13,42.73,-0.20000000000000284,-0.18710280373830285
2012-04-16,44.6,1.8700000000000045,1.8828971962617045
2012-04-17,44.07,-0.5300000000000011,-0.5171028037383011
2012-04-18,44.08,0.00999999999999801,0.022897196261698012
2012-04-19,43.75,-0.3299999999999983,-0.3171028037382983
2012-04-20,42.49,-1.259999999999998,-1.247102803738298
2012-04-23,44.52,2.030000000000001,2.042897196261701
2012-04-24,42.62,-1.9000000000000057,-1.8871028037383057
2012-04-25,43.27,0.6500000000000057,0.6628971962617057
2012-04-26,46.93,3.6599999999999966,3.6728971962616965
2012-04-27,34.28,-12.649999999999999,-12.637102803738298
2012-04-30,36.42,2.1400000000000006,2.1528971962617005
2012-05-01,35.19,-1.230000000000004,-1.217102803738304
2012-05-02,34.96,-0.22999999999999687,-0.21710280373829688
2012-05-03,34.72,-0.240000000000002,-0.227102803738302
2012-05-04,34.79,0.07000000000000028,0.08289719626170028
2012-05-07,35.76,0.9699999999999989,0.9828971962616989
2012-05-08,36.38,0.6200000000000045,0.6328971962617046
2012-05-09,37.73,1.3499999999999943,1.3628971962616943
2012-05-10,36.85,-0.8799999999999955,-0.8671028037382954
2012-05-11,36.36,-0.490000000000002,-0.477102803738302
2012-05-14,38.78,2.4200000000000017,2.4328971962617016
2012-05-15,38.73,-0.05000000000000426,-0.03710280373830426
2012-05-16,40.87,2.1400000000000006,2.1528971962617005
2012-05-17,43.82,2.950000000000003,2.962897196261703
2012-05-18,45.01,1.1899999999999977,1.2028971962616977
2012-05-21,40.42,-4.589999999999996,-4.577102803738296
2012-05-22,41.13,0.7100000000000009,0.7228971962617009
2012-05-23,40.15,-0.980000000000004,-0.9671028037383039
2012-05-24,40.54,0.39000000000000057,0.40289719626170056
2012-05-25,38.82,-1.7199999999999989,-1.707102803738299
2012-05-29,39.19,0.36999999999999744,0.38289719626169744
2012-05-30,40.89,1.7000000000000028,1.7128971962617028
2012-05-31,40.5,-0.39000000000000057,-0.3771028037383006
2012-06-01,43.32,2.8200000000000003,2.8328971962617002
2012-06-04,42.91,-0.4100000000000037,-0.3971028037383037
2012-06-05,40.83,-2.0799999999999983,-2.0671028037382984
2012-06-06,38.28,-2.549999999999997,-2.537102803738297
2012-06-07,37.06,-1.2199999999999989,-1.207102803738299
2012-06-08,35.99,-1.0700000000000003,-1.0571028037383003
2012-06-11,35.77,-0.21999999999999886,-0.20710280373829887
2012-06-12,35.16,-0.6100000000000065,-0.5971028037383065
2012-06-13,35.83,0.6700000000000017,0.6828971962617018
2012-06-14,35.06,-0.769999999999996,-0.757102803738296
2012-06-15,34.51,-0.5500000000000043,-0.5371028037383042
2012-06-18,31.05,-3.4599999999999973,-3.4471028037382974
2012-06-19,30.57,-0.4800000000000004,-0.46710280373830043
2012-06-20,30.64,0.07000000000000028,0.08289719626170028
2012-06-21,31.53,0.8900000000000006,0.9028971962617006
2012-06-22,30.71,-0.8200000000000003,-0.8071028037383002
2012-06-25,34.13,3.4200000000000017,3.4328971962617016
2012-06-26,35.95,1.8200000000000003,1.8328971962617002
2012-06-27,36.66,0.7099999999999937,0.7228971962616938
2012-06-28,36.95,0.29000000000000625,0.30289719626170625
2012-06-29,36.29,-0.6600000000000037,-0.6471028037383036
2012-07-02,37.54,1.25,1.2628971962617
2012-07-03,33.04,-4.5,-4.4871028037383
2012-07-05,38.02,4.980000000000004,4.992897196261704
2012-07-06,37.92,-0.10000000000000142,-0.08710280373830143
2012-07-09,39.92,2.0,2.0128971962617
2012-07-10,42.19,2.269999999999996,2.282897196261696
2012-07-11,42.11,-0.0799999999999983,-0.0671028037382983
2012-07-12,42.2,0.09000000000000341,0.1028971962617034
2012-07-13,41.26,-0.9400000000000048,-0.9271028037383048
2012-07-16,43.07,1.8100000000000023,1.8228971962617022
2012-07-17,42.21,-0.8599999999999994,-0.8471028037382994
2012-07-18,41.81,-0.3999999999999986,-0.3871028037382986
2012-07-19,44.19,2.3799999999999955,2.3928971962616954
2012-07-20,46.73,2.539999999999999,2.552897196261699
2012-07-23,47.07,0.3400000000000034,0.3528971962617034
2012-07-24,47.4,0.3299999999999983,0.3428971962616983
2012-07-25,48.45,1.0500000000000043,1.0628971962617042
2012-07-26,51.19,2.739999999999995,2.752897196261695
2012-07-27,35.16,-16.03,-16.0171028037383
2012-07-30,33.84,-1.3199999999999932,-1.3071028037382932
2012-07-31,34.43,0.5899999999999963,0.6028971962616964
2012-08-01,33.51,-0.9200000000000017,-0.9071028037383017
2012-08-02,32.5,-1.009999999999998,-0.997102803738298
2012-08-03,30.78,-1.7199999999999989,-1.707102803738299
2012-08-06,31.26,0.4800000000000004,0.4928971962617004
2012-08-07,30.49,-0.7700000000000031,-0.7571028037383031
2012-08-08,30.05,-0.4399999999999977,-0.42710280373829773
2012-08-09,29.37,-0.6799999999999997,-0.6671028037382997
2012-08-10,27.28,-2.09,-2.0771028037383
2012-08-13,26.15,-1.1300000000000026,-1.1171028037383026
2012-08-14,26.57,0.4200000000000017,0.4328971962617017
2012-08-15,26.73,0.16000000000000014,0.17289719626170014
2012-08-16,28.56,1.8299999999999983,1.8428971962616982
2012-08-17,26.24,-2.3200000000000003,-2.3071028037383003
2012-08-20,26.27,0.030000000000001137,0.04289719626170114
2012-08-21,28.33,2.0599999999999987,2.0728971962616987
2012-08-22,29.57,1.240000000000002,1.252897196261702
2012-08-23,29.77,0.1999999999999993,0.21289719626169928
2012-08-24,29.96,0.19000000000000128,0.20289719626170127
2012-08-27,30.82,0.8599999999999994,0.8728971962616995
2012-08-28,30.51,-0.3099999999999987,-0.2971028037382987
2012-08-29,30.2,-0.3100000000000023,-0.2971028037383023
2012-08-30,31.74,1.5399999999999991,1.552897196261699
2012-08-31,31.03,-0.7099999999999973,-0.6971028037382972
2012-09-04,33.38,2.3500000000000014,2.3628971962617014
2012-09-05,32.53,-0.8500000000000014,-0.8371028037383014
2012-09-06,32.15,-0.38000000000000256,-0.36710280373830256
2012-09-07,30.88,-1.2699999999999996,-1.2571028037382996
2012-09-10,31.2,0.3200000000000003,0.3328971962617003
2012-09-11,31.52,0.3200000000000003,0.3328971962617003
2012-09-12,31.18,-0.33999999999999986,-0.32710280373829986
2012-09-13,29.34,-1.8399999999999999,-1.8271028037383
2012-09-14,29.54,0.1999999999999993,0.21289719626169928
2012-09-17,29.18,-0.35999999999999943,-0.34710280373829944
2012-09-18,28.56,-0.620000000000001,-0.607102803738301
2012-09-19,28.01,-0.5499999999999972,-0.5371028037382971
2012-09-20,28.18,0.16999999999999815,0.18289719626169815
2012-09-21,27.05,-1.129999999999999,-1.117102803738299
2012-09-24,30.74,3.6899999999999977,3.7028971962616977
2012-09-25,32.17,1.4300000000000033,1.4428971962617032
2012-09-26,33.29,1.1199999999999974,1.1328971962616974
2012-09-27,33.44,0.14999999999999858,0.16289719626169857
2012-09-28,33.91,0.46999999999999886,0.48289719626169886
2012-10-01,35.52,1.6100000000000065,1.6228971962617065
2012-10-02,35.51,-0.010000000000005116,0.002897196261694884
2012-10-03,35.74,0.23000000000000398,0.24289719626170397
2012-10-04,36.02,0.28000000000000114,0.29289719626170113
2012-10-05,35.86,-0.1600000000000037,-0.1471028037383037
2012-10-08,38.05,2.1899999999999977,2.2028971962616977
2012-10-09,40.72,2.6700000000000017,2.6828971962617016
2012-10-10,41.42,0.7000000000000028,0.7128971962617029
2012-10-11,41.52,0.10000000000000142,0.11289719626170142
2012-10-12,41.78,0.259999999999998,0.272897196261698
2012-10-15,43.37,1.5899999999999963,1.6028971962616962
2012-10-16,42.79,-0.5799999999999983,-0.5671028037382982
2012-10-17,42.9,0.10999999999999943,0.12289719626169943
2012-10-18,44.62,1.7199999999999989,1.7328971962616988
2012-10-19,45.7,1.0800000000000054,1.0928971962617053
2012-10-22,47.56,1.8599999999999994,1.8728971962616994
2012-10-23,49.01,1.4499999999999957,1.4628971962616957
2012-10-24,48.88,-0.12999999999999545,-0.11710280373829546
2012-10-25,52.42,3.539999999999999,3.552897196261699
2012-10-26,33.52,-18.9,-18.887102803738298
2012-10-31,33.27,-0.25,-0.2371028037383
2012-11-01,31.3,-1.9700000000000024,-1.9571028037383025
2012-11-02,31.93,0.629999999999999,0.642897196261699
2012-11-05,32.85,0.9200000000000017,0.9328971962617018
2012-11-06,31.98,-0.870000000000001,-0.857102803738301
2012-11-07,33.08,1.0999999999999979,1.1128971962616978
2012-11-08,33.83,0.75,0.7628971962617
2012-11-09,33.59,-0.23999999999999488,-0.2271028037382949
2012-11-12,32.28,-1.3100000000000023,-1.2971028037383023
2012-11-13,31.74,-0.5400000000000027,-0.5271028037383026
2012-11-14,32.31,0.5700000000000038,0.5828971962617039
2012-11-15,32.66,0.3499999999999943,0.3628971962616943
2012-11-16,32.51,-0.14999999999999858,-0.13710280373829858
2012-11-19,30.52,-1.9899999999999984,-1.9771028037382985
2012-11-20,30.04,-0.4800000000000004,-0.46710280373830043
2012-11-21,31.07,1.0300000000000011,1.042897196261701
2012-11-23,27.55,-3.5199999999999996,-3.5071028037382996
2012-11-26,31.87,4.32,4.3328971962617
2012-11-27,30.69,-1.1799999999999997,-1.1671028037382998
2012-11-28,30.37,-0.3200000000000003,-0.3071028037383003
2012-11-29,29.92,-0.4499999999999993,-0.4371028037382993
2012-11-30,29.9,-0.020000000000003126,-0.0071028037383031265
2012-12-03,30.94,1.0400000000000027,1.0528971962617026
2012-12-04,31.19,0.25,0.2628971962617
2012-12-05,31.42,0.23000000000000043,0.24289719626170042
2012-12-06,31.45,0.029999999999997584,0.042897196261697586
2012-12-07,30.3,-1.1499999999999986,-1.1371028037382986
2012-12-10,31.96,1.6600000000000001,1.6728971962617
2012-12-11,31.27,-0.6900000000000013,-0.6771028037383012
2012-12-12,30.84,-0.4299999999999997,-0.4171028037382997
2012-12-13,31.38,0.5399999999999991,0.5528971962616992
2012-12-14,31.46,0.08000000000000185,0.09289719626170184
2012-12-17,31.05,-0.41000000000000014,-0.39710280373830015
2012-12-18,30.65,-0.40000000000000213,-0.38710280373830214
2012-12-19,31.03,0.38000000000000256,0.39289719626170255
2012-12-20,32.19,1.1599999999999966,1.1728971962616965
2012-12-21,31.65,-0.5399999999999991,-0.5271028037382991
2012-12-24,28.69,-2.9599999999999973,-2.9471028037382974
2012-12-26,37.87,9.179999999999996,9.192897196261697
2012-12-27,38.21,0.3400000000000034,0.3528971962617034
2012-12-28,39.09,0.8800000000000026,0.8928971962617026
2012-12-31,40.45,1.3599999999999994,1.3728971962616994
2013-01-02,38.56,-1.8900000000000006,-1.8771028037383006
2013-01-03,38.6,0.03999999999999915,0.05289719626169915
2013-01-04,37.57,-1.0300000000000011,-1.0171028037383012
2013-01-07,39.33,1.759999999999998,1.772897196261698
2013-01-08,39.62,0.28999999999999915,0.30289719626169914
2013-01-09,39.99,0.37000000000000455,0.38289719626170454
2013-01-10,39.7,-0.28999999999999915,-0.27710280373829915
2013-01-11,40.28,0.5799999999999983,0.5928971962616983
2013-01-14,41.18,0.8999999999999986,0.9128971962616986
2013-01-15,40.31,-0.8699999999999974,-0.8571028037382974
2013-01-16,39.57,-0.740000000000002,-0.7271028037383019
2013-01-17,39.9,0.3299999999999983,0.3428971962616983
2013-01-18,37.77,-2.1299999999999955,-2.1171028037382955
2013-01-22,37.95,0.17999999999999972,0.1928971962616997
2013-01-23,38.29,0.3399999999999963,0.3528971962616963
2013-01-24,40.24,1.9500000000000028,1.9628971962617028
2013-01-25,42.32,2.0799999999999983,2.0928971962616982
2013-01-28,44.64,2.3200000000000003,2.3328971962617002
2013-01-29,49.93,5.289999999999999,5.302897196261699
2013-01-30,31.23,-18.7,-18.6871028037383
2013-01-31,32.1,0.870000000000001,0.882897196261701
2013-02-01,30.16,-1.9400000000000013,-1.9271028037383013
2013-02-04,30.93,0.7699999999999996,0.7828971962616996
2013-02-05,31.17,0.240000000000002,0.252897196261702
2013-02-06,30.74,-0.43000000000000327,-0.4171028037383033
2013-02-07,30.29,-0.4499999999999993,-0.4371028037382993
2013-02-08,30.12,-0.16999999999999815,-0.15710280373829816
2013-02-11,30.78,0.6600000000000001,0.6728971962617002
2013-02-12,29.73,-1.0500000000000007,-1.0371028037383008
2013-02-13,30.15,0.41999999999999815,0.43289719626169815
2013-02-14,29.64,-0.509999999999998,-0.497102803738298
2013-02-15,28.72,-0.9200000000000017,-0.9071028037383017
2013-02-19,29.3,0.5800000000000018,0.5928971962617019
2013-02-20,30.92,1.620000000000001,1.632897196261701
2013-02-21,30.94,0.019999999999999574,0.032897196261699575
2013-02-22,30.34,-0.6000000000000014,-0.5871028037383014
2013-02-25,34.25,3.91,3.9228971962617
2013-02-26,33.27,-0.9799999999999969,-0.9671028037382968
2013-02-27,31.88,-1.3900000000000041,-1.3771028037383042
2013-02-28,31.1,-0.7799999999999976,-0.7671028037382975
2013-03-01,30.57,-0.5300000000000011,-0.5171028037383011
2013-03-04,30.25,-0.3200000000000003,-0.3071028037383003
2013-03-05,30.06,-0.19000000000000128,-0.17710280373830128
2013-03-06,29.36,-0.6999999999999993,-0.6871028037382992
2013-03-07,28.89,-0.46999999999999886,-0.45710280373829887
2013-03-08,27.84,-1.0500000000000007,-1.0371028037383008
2013-03-11,21.4,-6.440000000000001,-6.427102803738301
2013-03-12,23.03,1.6300000000000026,1.6428971962617025
2013-03-13,22.16,-0.870000000000001,-0.857102803738301
2013-03-14,23.07,0.9100000000000001,0.9228971962617002
2013-03-15,21.57,-1.5,-1.4871028037383
2013-03-18,25.76,4.190000000000001,4.202897196261701
2013-03-19,27.95,2.1899999999999977,2.2028971962616977
2013-03-20,27.93,-0.019999999999999574,-0.007102803738299574
2013-03-21,28.07,0.14000000000000057,0.15289719626170056
2013-03-22,28.65,0.5799999999999983,0.5928971962616983
2013-03-25,29.74,1.0899999999999999,1.1028971962616998
2013-03-26,29.26,-0.4799999999999969,-0.4671028037382969
2013-03-27,29.76,0.5,0.5128971962617
2013-03-28,30.19,0.4299999999999997,0.4428971962616997
2013-04-01,32.59,2.400000000000002,2.412897196261702
2013-04-02,32.69,0.09999999999999432,0.11289719626169431
2013-04-03,33.03,0.3400000000000034,0.3528971962617034
2013-04-04,33.71,0.6799999999999997,0.6928971962616998
2013-04-05,34.32,0.6099999999999994,0.6228971962616995
2013-04-08,35.41,1.0899999999999963,1.1028971962616962
2013-04-09,35.4,-0.00999999999999801,0.0028971962617019894
2013-04-10,36.18,0.7800000000000011,0.7928971962617012
2013-04-11,36.46,0.28000000000000114,0.29289719626170113
2013-04-12,37.35,0.8900000000000006,0.9028971962617006
2013-04-15,40.8,3.4499999999999957,3.4628971962616957
2013-04-16,39.33,-1.4699999999999989,-1.457102803738299
2013-04-17,40.98,1.6499999999999986,1.6628971962616985
2013-04-18,43.36,2.3800000000000026,2.3928971962617025
2013-04-19,41.48,-1.8800000000000026,-1.8671028037383026
2013-04-22,43.22,1.740000000000002,1.752897196261702
2013-04-23,42.94,-0.28000000000000114,-0.26710280373830114
2013-04-24,43.0,0.060000000000002274,0.07289719626170227
2013-04-25,40.05,-2.950000000000003,-2.937102803738303
2013-04-26,29.15,-10.899999999999999,-10.887102803738298
2013-04-29,30.98,1.8300000000000018,1.8428971962617018
2013-04-30,29.91,-1.0700000000000003,-1.0571028037383003
2013-05-01,30.78,0.870000000000001,0.882897196261701
2013-05-02,29.72,-1.0600000000000023,-1.0471028037383023
2013-05-03,27.94,-1.7799999999999976,-1.7671028037382976
2013-05-06,28.86,0.9199999999999982,0.9328971962616982
2013-05-07,27.81,-1.0500000000000007,-1.0371028037383008
2013-05-08,27.34,-0.46999999999999886,-0.45710280373829887
2013-05-09,26.7,-0.6400000000000006,-0.6271028037383005
2013-05-10,26.62,-0.0799999999999983,-0.0671028037382983
2013-05-13,26.48,-0.14000000000000057,-0.12710280373830057
2013-05-14,25.43,-1.0500000000000007,-1.0371028037383008
2013-05-15,27.27,1.8399999999999999,1.8528971962616998
2013-05-16,27.23,-0.03999999999999915,-0.027102803738299146
2013-05-17,26.58,-0.6500000000000021,-0.6371028037383021
2013-05-20,27.27,0.6900000000000013,0.7028971962617013
2013-05-21,26.96,-0.3099999999999987,-0.2971028037382987
2013-05-22,26.76,-0.1999999999999993,-0.1871028037382993
2013-05-23,27.04,0.2799999999999976,0.2928971962616976
2013-05-24,26.64,-0.3999999999999986,-0.3871028037382986
2013-05-28,27.85,1.2100000000000009,1.2228971962617008
2013-05-29,28.05,0.1999999999999993,0.21289719626169928
2013-05-30,27.56,-0.490000000000002,-0.477102803738302
2013-05-31,27.98,0.4200000000000017,0.4328971962617017
2013-06-03,28.96,0.9800000000000004,0.9928971962617005
2013-06-04,28.92,-0.03999999999999915,-0.027102803738299146
2013-06-05,29.8,0.879999999999999,0.892897196261699
2013-06-06,29.83,0.029999999999997584,0.042897196261697586
2013-06-07,29.45,-0.379999999999999,-0.367102803738299
2013-06-10,29.47,0.019999999999999574,0.032897196261699575
2013-06-11,28.66,-0.8099999999999987,-0.7971028037382987
2013-06-12,29.08,0.41999999999999815,0.43289719626169815
2013-06-13,28.58,-0.5,-0.4871028037383
2013-06-14,28.92,0.3400000000000034,0.3528971962617034
2013-06-17,28.25,-0.6700000000000017,-0.6571028037383017
2013-06-18,27.61,-0.6400000000000006,-0.6271028037383005
2013-06-19,27.62,0.010000000000001563,0.022897196261701565
2013-06-20,31.01,3.3900000000000006,3.4028971962617005
2013-06-21,30.43,-0.5800000000000018,-0.5671028037383018
2013-06-24,32.09,1.6600000000000037,1.6728971962617036
2013-06-25,31.19,-0.9000000000000021,-0.8871028037383021
2013-06-26,30.66,-0.5300000000000011,-0.5171028037383011
2013-06-27,30.99,0.3299999999999983,0.3428971962616983
2013-06-28,30.63,-0.35999999999999943,-0.34710280373829944
2013-07-01,33.54,2.91,2.9228971962617
2013-07-02,33.48,-0.060000000000002274,-0.04710280373830227
2013-07-03,33.54,0.060000000000002274,0.07289719626170227
2013-07-05,33.98,0.4399999999999977,0.4528971962616977
2013-07-08,35.53,1.5500000000000043,1.5628971962617042
2013-07-09,34.97,-0.5600000000000023,-0.5471028037383022
2013-07-10,35.3,0.3299999999999983,0.3428971962616983
2013-07-11,36.58,1.2800000000000011,1.292897196261701
2013-07-12,36.86,0.28000000000000114,0.29289719626170113
2013-07-15,39.06,2.200000000000003,2.212897196261703
2013-07-16,38.06,-1.0,-0.9871028037383
2013-07-17,37.23,-0.8300000000000054,-0.8171028037383053
2013-07-18,37.35,0.12000000000000455,0.13289719626170454
2013-07-19,37.21,-0.14000000000000057,-0.12710280373830057
2013-07-22,37.08,-0.13000000000000256,-0.11710280373830256
2013-07-23,35.59,-1.4899999999999949,-1.477102803738295
2013-07-24,36.1,0.509999999999998,0.5228971962616981
2013-07-25,37.58,1.4799999999999969,1.4928971962616968
2013-07-26,26.15,-11.43,-11.417102803738299
2013-07-29,26.5,0.3500000000000014,0.3628971962617014
2013-07-30,25.97,-0.5300000000000011,-0.5171028037383011
2013-07-31,26.39,0.4200000000000017,0.4328971962617017
2013-08-01,26.33,-0.060000000000002274,-0.04710280373830227
2013-08-02,24.79,-1.5399999999999991,-1.5271028037382992
2013-08-05,25.33,0.5399999999999991,0.5528971962616992
2013-08-06,25.64,0.3100000000000023,0.32289719626170227
2013-08-07,25.75,0.10999999999999943,0.12289719626169943
2013-08-08,25.34,-0.41000000000000014,-0.39710280373830015
2013-08-09,24.93,-0.41000000000000014,-0.39710280373830015
2013-08-12,24.01,-0.9199999999999982,-0.9071028037382981
2013-08-13,23.75,-0.26000000000000156,-0.24710280373830157
2013-08-14,24.07,0.3200000000000003,0.3328971962617003
2013-08-15,26.43,2.3599999999999994,2.3728971962616994
2013-08-16,25.79,-0.6400000000000006,-0.6271028037383005
2013-08-19,25.63,-0.16000000000000014,-0.14710280373830015
2013-08-20,24.98,-0.6499999999999986,-0.6371028037382985
2013-08-21,25.87,0.8900000000000006,0.9028971962617006
2013-08-22,25.96,0.08999999999999986,0.10289719626169985
2013-08-23,25.25,-0.7100000000000009,-0.6971028037383008
2013-08-26,26.32,1.0700000000000003,1.0828971962617002
2013-08-27,27.94,1.620000000000001,1.632897196261701
2013-08-28,27.46,-0.4800000000000004,-0.46710280373830043
2013-08-29,27.11,-0.3500000000000014,-0.3371028037383014
2013-08-30,27.45,0.33999999999999986,0.35289719626169985
2013-09-03,27.72,0.2699999999999996,0.28289719626169957
2013-09-04,26.96,-0.759999999999998,-0.747102803738298
2013-09-05,26.75,-0.21000000000000085,-0.19710280373830086
2013-09-06,26.91,0.16000000000000014,0.17289719626170014
2013-09-09,26.75,-0.16000000000000014,-0.14710280373830015
2013-09-10,25.23,-1.5199999999999996,-1.5071028037382996
2013-09-11,24.72,-0.5100000000000016,-0.49710280373830157
2013-09-12,24.93,0.21000000000000085,0.22289719626170085
2013-09-13,24.4,-0.5300000000000011,-0.5171028037383011
2013-09-16,23.57,-0.8299999999999983,-0.8171028037382982
2013-09-17,24.55,0.9800000000000004,0.9928971962617005
2013-09-18,25.13,0.5799999999999983,0.5928971962616983
2013-09-19,25.14,0.010000000000001563,0.022897196261701565
2013-09-20,26.39,1.25,1.2628971962617
2013-09-23,28.6,2.210000000000001,2.222897196261701
2013-09-24,29.05,0.4499999999999993,0.4628971962616993
2013-09-25,29.63,0.5799999999999983,0.5928971962616983
2013-09-26,30.4,0.7699999999999996,0.7828971962616996
2013-09-27,30.56,0.16000000000000014,0.17289719626170014
2013-09-30,32.63,2.070000000000004,2.0828971962617038
2013-10-01,32.76,0.12999999999999545,0.14289719626169545
2013-10-02,33.67,0.9100000000000037,0.9228971962617037
2013-10-03,34.65,0.9799999999999969,0.9928971962616969
2013-10-04,34.29,-0.35999999999999943,-0.34710280373829944
2013-10-07,37.02,2.730000000000004,2.742897196261704
2013-10-08,40.02,3.0,3.0128971962617
2013-10-09,40.76,0.7399999999999949,0.7528971962616949
2013-10-10,38.55,-2.210000000000001,-2.197102803738301
2013-10-11,37.62,-0.9299999999999997,-0.9171028037382997
2013-10-14,39.36,1.740000000000002,1.752897196261702
2013-10-15,39.36,0.0,0.0128971962617
2013-10-16,37.45,-1.9099999999999966,-1.8971028037382967
2013-10-17,35.9,-1.5500000000000043,-1.5371028037383043
2013-10-18,37.83,1.9299999999999997,1.9428971962616997
2013-10-21,39.01,1.1799999999999997,1.1928971962616997
2013-10-22,39.74,0.730000000000004,0.742897196261704
2013-10-23,42.07,2.3299999999999983,2.3428971962616982
2013-10-24,43.43,1.3599999999999994,1.3728971962616994
2013-10-25,30.87,-12.559999999999999,-12.547102803738298
2013-10-28,30.0,-0.870000000000001,-0.857102803738301
2013-10-29,29.61,-0.39000000000000057,-0.3771028037383006
2013-10-30,28.77,-0.8399999999999999,-0.8271028037382998
2013-10-31,29.13,0.35999999999999943,0.3728971962616994
2013-11-01,28.14,-0.9899999999999984,-0.9771028037382984
2013-11-04,28.46,0.3200000000000003,0.3328971962617003
2013-11-05,28.78,0.3200000000000003,0.3328971962617003
2013-11-06,28.84,0.05999999999999872,0.07289719626169872
2013-11-07,30.43,1.5899999999999999,1.6028971962616998
2013-11-08,28.01,-2.419999999999998,-2.407102803738298
2013-11-11,28.38,0.36999999999999744,0.38289719626169744
2013-11-12,28.25,-0.129999999999999,-0.11710280373829901
2013-11-13,27.29,-0.9600000000000009,-0.9471028037383008
2013-11-14,27.78,0.490000000000002,0.502897196261702
2013-11-15,28.19,0.41000000000000014,0.42289719626170014
2013-11-18,28.05,-0.14000000000000057,-0.12710280373830057
2013-11-19,28.8,0.75,0.7628971962617
2013-11-20,28.31,-0.490000000000002,-0.477102803738302
2013-11-21,27.75,-0.5599999999999987,-0.5471028037382987
2013-11-22,27.72,-0.030000000000001137,-0.017102803738301135
2013-11-25,28.75,1.0300000000000011,1.042897196261701
2013-11-26,28.03,-0.7199999999999989,-0.7071028037382988
2013-11-27,27.98,-0.05000000000000071,-0.03710280373830071
2013-11-29,28.63,0.6499999999999986,0.6628971962616986
2013-12-02,30.58,1.9499999999999993,1.9628971962616992
2013-12-03,30.01,-0.5699999999999967,-0.5571028037382967
2013-12-04,29.94,-0.07000000000000028,-0.05710280373830028
2013-12-05,29.81,-0.13000000000000256,-0.11710280373830256
2013-12-06,28.37,-1.4399999999999977,-1.4271028037382978
2013-12-09,27.82,-0.5500000000000007,-0.5371028037383007
2013-12-10,28.05,0.23000000000000043,0.24289719626170042
2013-12-11,29.47,1.4199999999999982,1.432897196261698
2013-12-12,29.21,-0.259999999999998,-0.24710280373829802
2013-12-13,29.61,0.3999999999999986,0.4128971962616986
2013-12-16,30.25,0.6400000000000006,0.6528971962617006
2013-12-17,31.52,1.2699999999999996,1.2828971962616995
2013-12-18,31.21,-0.3099999999999987,-0.2971028037382987
2013-12-19,31.64,0.4299999999999997,0.4428971962616997
2013-12-20,31.51,-0.129999999999999,-0.11710280373829901
2013-12-23,32.17,0.6600000000000001,0.6728971962617002
2013-12-24,32.52,0.3500000000000014,0.3628971962617014
2013-12-26,33.35,0.8299999999999983,0.8428971962616983
2013-12-27,34.02,0.6700000000000017,0.6828971962617018
2013-12-30,35.01,0.9899999999999949,1.0028971962616948
2013-12-31,34.87,-0.14000000000000057,-0.12710280373830057
2014-01-02,35.38,0.5100000000000051,0.5228971962617052
2014-01-03,35.58,0.19999999999999574,0.21289719626169573
2014-01-06,35.95,0.37000000000000455,0.38289719626170454
2014-01-07,34.29,-1.6600000000000037,-1.6471028037383038
2014-01-08,34.86,0.5700000000000003,0.5828971962617003
2014-01-09,35.29,0.4299999999999997,0.4428971962616997
2014-01-10,34.56,-0.7299999999999969,-0.7171028037382968
2014-01-13,38.71,4.149999999999999,4.1628971962616985
2014-01-14,37.55,-1.1600000000000037,-1.1471028037383038
2014-01-15,36.45,-1.0999999999999943,-1.0871028037382944
2014-01-16,38.65,2.1999999999999957,2.2128971962616957
2014-01-17,37.46,-1.1899999999999977,-1.1771028037382978
2014-01-21,37.62,0.1599999999999966,0.17289719626169658
2014-01-22,36.3,-1.3200000000000003,-1.3071028037383003
2014-01-23,36.92,0.6200000000000045,0.6328971962617046
2014-01-24,38.91,1.9899999999999949,2.002897196261695
2014-01-27,40.2,1.2900000000000063,1.3028971962617062
2014-01-28,39.82,-0.38000000000000256,-0.36710280373830256
2014-01-29,42.63,2.8100000000000023,2.822897196261702
2014-01-30,47.0,4.369999999999997,4.382897196261697
2014-01-31,32.17,-14.829999999999998,-14.817102803738297
2014-02-03,35.88,3.710000000000001,3.722897196261701
2014-02-04,32.27,-3.6099999999999994,-3.5971028037382995
2014-02-05,33.52,1.25,1.2628971962617
2014-02-06,31.61,-1.9100000000000037,-1.8971028037383038
2014-02-07,30.32,-1.2899999999999991,-1.2771028037382992
2014-02-10,29.61,-0.7100000000000009,-0.6971028037383008
2014-02-11,29.56,-0.05000000000000071,-0.03710280373830071
2014-02-12,32.02,2.4600000000000044,2.4728971962617043
2014-02-13,29.18,-2.8400000000000034,-2.8271028037383035
2014-02-14,28.41,-0.7699999999999996,-0.7571028037382995
2014-02-18,28.17,-0.23999999999999844,-0.22710280373829844
2014-02-19,29.48,1.3099999999999987,1.3228971962616987
2014-02-20,28.47,-1.0100000000000016,-0.9971028037383015
2014-02-21,27.49,-0.9800000000000004,-0.9671028037383004
2014-02-24,25.97,-1.5199999999999996,-1.5071028037382996
2014-02-25,27.74,1.7699999999999996,1.7828971962616995
2014-02-26,28.02,0.28000000000000114,0.29289719626170113
2014-02-27,27.71,-0.3099999999999987,-0.2971028037382987
2014-02-28,27.93,0.21999999999999886,0.23289719626169886
2014-03-03,29.28,1.3500000000000014,1.3628971962617014
2014-03-04,26.87,-2.41,-2.3971028037383
2014-03-05,26.83,-0.0400000000000027,-0.0271028037383027
2014-03-06,26.67,-0.1599999999999966,-0.1471028037382966
2014-03-07,25.82,-0.8500000000000014,-0.8371028037383014
2014-03-10,26.23,0.41000000000000014,0.42289719626170014
2014-03-11,26.35,0.120000000000001,0.132897196261701
2014-03-12,26.14,-0.21000000000000085,-0.19710280373830086
2014-03-13,28.02,1.879999999999999,1.892897196261699
2014-03-14,27.52,-0.5,-0.4871028037383
2014-03-17,24.93,-2.59,-2.5771028037383
2014-03-18,25.02,0.08999999999999986,0.10289719626169985
2014-03-19,26.29,1.2699999999999996,1.2828971962616995
2014-03-20,27.1,0.8100000000000023,0.8228971962617023
2014-03-21,28.69,1.5899999999999999,1.6028971962616998
2014-03-24,31.87,3.1799999999999997,3.1928971962616997
2014-03-25,31.8,-0.07000000000000028,-0.05710280373830028
2014-03-26,33.6,1.8000000000000007,1.8128971962617006
2014-03-27,36.82,3.219999999999999,3.232897196261699
2014-03-28,35.73,-1.0900000000000034,-1.0771028037383035
2014-03-31,37.02,1.2900000000000063,1.3028971962617062
2014-04-01,37.6,0.5799999999999983,0.5928971962616983
2014-04-02,37.7,0.10000000000000142,0.11289719626170142
2014-04-03,39.81,2.1099999999999994,2.1228971962616994
2014-04-04,42.33,2.519999999999996,2.532897196261696
2014-04-07,45.3,2.969999999999999,2.982897196261699
2014-04-08,43.06,-2.239999999999995,-2.227102803738295
2014-04-09,43.47,0.4099999999999966,0.4228971962616966
2014-04-10,49.09,5.6200000000000045,5.6328971962617045
2014-04-11,49.24,0.14999999999999858,0.16289719626169857
2014-04-14,49.4,0.1599999999999966,0.17289719626169658
2014-04-15,48.52,-0.8799999999999955,-0.8671028037382954
2014-04-16,46.47,-2.0500000000000043,-2.0371028037383043
2014-04-17,43.39,-3.0799999999999983,-3.0671028037382984
2014-04-21,42.97,-0.4200000000000017,-0.4071028037383017
2014-04-22,43.64,0.6700000000000017,0.6828971962617018
2014-04-23,43.24,-0.3999999999999986,-0.3871028037382986
2014-04-24,41.45,-1.7899999999999991,-1.7771028037382992
2014-04-25,34.17,-7.280000000000001,-7.267102803738301
2014-04-28,37.0,2.8299999999999983,2.8428971962616982
2014-04-29,34.75,-2.25,-2.2371028037383
2014-04-30,32.62,-2.1300000000000026,-2.1171028037383026
2014-05-01,31.4,-1.2199999999999989,-1.207102803738299
2014-05-02,30.41,-0.9899999999999984,-0.9771028037382984
2014-05-05,30.01,-0.3999999999999986,-0.3871028037382986
2014-05-06,31.78,1.7699999999999996,1.7828971962616995
2014-05-07,33.34,1.5600000000000023,1.5728971962617022
2014-05-08,33.93,0.5899999999999963,0.6028971962616964
2014-05-09,32.07,-1.8599999999999994,-1.8471028037382995
2014-05-12,29.72,-2.3500000000000014,-2.3371028037383015
2014-05-13,28.63,-1.0899999999999999,-1.0771028037383
2014-05-14,29.27,0.6400000000000006,0.6528971962617006
2014-05-15,29.55,0.28000000000000114,0.29289719626170113
2014-05-16,28.87,-0.6799999999999997,-0.6671028037382997
2014-05-19,28.82,-0.05000000000000071,-0.03710280373830071
2014-05-20,28.34,-0.4800000000000004,-0.46710280373830043
2014-05-21,27.66,-0.6799999999999997,-0.6671028037382997
2014-05-22,27.44,-0.21999999999999886,-0.20710280373829887
2014-05-23,25.98,-1.4600000000000009,-1.447102803738301
2014-05-27,26.9,0.9199999999999982,0.9328971962616982
2014-05-28,27.12,0.22000000000000242,0.2328971962617024
2014-05-29,26.49,-0.6300000000000026,-0.6171028037383025
2014-05-30,26.81,0.3200000000000003,0.3328971962617003
2014-06-02,27.06,0.25,0.2628971962617
2014-06-03,27.05,-0.00999999999999801,0.0028971962617019894
2014-06-04,27.07,0.019999999999999574,0.032897196261699575
2014-06-05,31.06,3.9899999999999984,4.002897196261698
2014-06-06,30.64,-0.41999999999999815,-0.40710280373829816
2014-06-09,30.34,-0.3000000000000007,-0.2871028037383007
2014-06-10,28.77,-1.5700000000000003,-1.5571028037383003
2014-06-11,30.27,1.5,1.5128971962617
2014-06-12,30.27,0.0,0.0128971962617
2014-06-13,29.31,-0.9600000000000009,-0.9471028037383008
2014-06-16,29.05,-0.259999999999998,-0.24710280373829802
2014-06-17,29.19,0.14000000000000057,0.15289719626170056
2014-06-18,28.66,-0.5300000000000011,-0.5171028037383011
2014-06-19,28.77,0.10999999999999943,0.12289719626169943
2014-06-20,28.91,0.14000000000000057,0.15289719626170056
2014-06-23,29.46,0.5500000000000007,0.5628971962617008
2014-06-24,30.64,1.1799999999999997,1.1928971962616997
2014-06-25,30.95,0.3099999999999987,0.3228971962616987
2014-06-26,31.39,0.4400000000000013,0.4528971962617013
2014-06-27,31.14,-0.25,-0.2371028037383
2014-06-30,33.06,1.9200000000000017,1.9328971962617016
2014-07-01,33.41,0.3499999999999943,0.3628971962616943
2014-07-02,33.25,-0.1599999999999966,-0.1471028037382966
2014-07-03,33.42,0.1700000000000017,0.1828971962617017
2014-07-07,34.72,1.2999999999999972,1.312897196261697
2014-07-08,35.73,1.009999999999998,1.022897196261698
2014-07-09,35.36,-0.36999999999999744,-0.35710280373829745
2014-07-10,35.93,0.5700000000000003,0.5828971962617003
2014-07-11,36.34,0.4100000000000037,0.4228971962617037
2014-07-14,38.21,1.8699999999999974,1.8828971962616974
2014-07-15,37.14,-1.0700000000000003,-1.0571028037383003
2014-07-16,36.48,-0.6600000000000037,-0.6471028037383036
2014-07-17,37.1,0.6200000000000045,0.6328971962617046
2014-07-18,37.32,0.21999999999999886,0.23289719626169886
2014-07-21,37.75,0.4299999999999997,0.4428971962616997
2014-07-22,37.24,-0.509999999999998,-0.497102803738298
2014-07-23,36.83,-0.4100000000000037,-0.3971028037383037
2014-07-24,37.3,0.46999999999999886,0.48289719626169886
2014-07-25,28.69,-8.609999999999996,-8.597102803738295
2014-07-28,28.06,-0.6300000000000026,-0.6171028037383025
2014-07-29,27.76,-0.29999999999999716,-0.28710280373829716
2014-07-30,27.3,-0.46000000000000085,-0.44710280373830086
2014-07-31,30.38,3.0799999999999983,3.0928971962616982
2014-08-01,30.86,0.4800000000000004,0.4928971962617004
2014-08-04,29.31,-1.5500000000000007,-1.5371028037383008
2014-08-05,30.34,1.0300000000000011,1.042897196261701
2014-08-06,30.22,-0.120000000000001,-0.107102803738301
2014-08-07,30.22,0.0,0.0128971962617
2014-08-08,27.96,-2.259999999999998,-2.247102803738298
2014-08-11,25.79,-2.1700000000000017,-2.1571028037383018
2014-08-12,25.43,-0.35999999999999943,-0.34710280373829944
2014-08-13,25.17,-0.259999999999998,-0.24710280373829802
2014-08-14,24.5,-0.6700000000000017,-0.6571028037383017
2014-08-15,25.79,1.2899999999999991,1.302897196261699
2014-08-18,24.18,-1.6099999999999994,-1.5971028037382995
2014-08-19,23.56,-0.620000000000001,-0.607102803738301
2014-08-20,23.61,0.05000000000000071,0.0628971962617007
2014-08-21,23.4,-0.21000000000000085,-0.19710280373830086
2014-08-22,22.97,-0.4299999999999997,-0.4171028037382997
2014-08-25,23.51,0.5400000000000027,0.5528971962617028
2014-08-26,23.75,0.23999999999999844,0.25289719626169843
2014-08-27,24.08,0.3299999999999983,0.3428971962616983
2014-08-28,23.93,-0.14999999999999858,-0.13710280373829858
2014-08-29,22.52,-1.4100000000000001,-1.3971028037383002
2014-09-02,24.24,1.7199999999999989,1.7328971962616988
2014-09-03,24.61,0.370000000000001,0.382897196261701
2014-09-04,25.07,0.46000000000000085,0.47289719626170085
2014-09-05,24.74,-0.33000000000000185,-0.31710280373830185
2014-09-08,25.87,1.1300000000000026,1.1428971962617025
2014-09-09,27.87,2.0,2.0128971962617
2014-09-10,28.09,0.21999999999999886,0.23289719626169886
2014-09-11,28.1,0.010000000000001563,0.022897196261701565
2014-09-12,27.33,-0.7700000000000031,-0.7571028037383031
2014-09-15,29.65,2.3200000000000003,2.3328971962617002
2014-09-16,27.72,-1.9299999999999997,-1.9171028037382998
2014-09-17,27.39,-0.3299999999999983,-0.3171028037382983
2014-09-18,27.28,-0.10999999999999943,-0.09710280373829944
2014-09-19,26.68,-0.6000000000000014,-0.5871028037383014
2014-09-22,30.33,3.6499999999999986,3.6628971962616985
2014-09-23,30.69,0.360000000000003,0.372897196261703
2014-09-24,29.3,-1.3900000000000006,-1.3771028037383006
2014-09-25,30.89,1.5899999999999999,1.6028971962616998
2014-09-26,30.56,-0.33000000000000185,-0.31710280373830185
2014-09-29,32.47,1.9100000000000001,1.9228971962617
2014-09-30,33.12,0.6499999999999986,0.6628971962616986
2014-10-01,34.43,1.3100000000000023,1.3228971962617022
2014-10-02,34.32,-0.10999999999999943,-0.09710280373829944
2014-10-03,33.14,-1.1799999999999997,-1.1671028037382998
2014-10-06,34.25,1.1099999999999994,1.1228971962616994
2014-10-07,35.66,1.4099999999999966,1.4228971962616965
2014-10-08,35.98,0.3200000000000003,0.3328971962617003
2014-10-09,37.5,1.5200000000000031,1.532897196261703
2014-10-10,39.27,1.7700000000000031,1.782897196261703
2014-10-13,47.63,8.36,8.3728971962617
2014-10-14,45.55,-2.0800000000000054,-2.0671028037383055
2014-10-15,48.87,3.3200000000000003,3.3328971962617002
2014-10-16,49.58,0.7100000000000009,0.7228971962617009
2014-10-17,46.01,-3.5700000000000003,-3.5571028037383003
2014-10-20,44.65,-1.3599999999999994,-1.3471028037382995
2014-10-21,44.51,-0.14000000000000057,-0.12710280373830057
2014-10-22,44.76,0.25,0.2628971962617
2014-10-23,44.25,-0.509999999999998,-0.497102803738298
2014-10-24,30.35,-13.899999999999999,-13.887102803738298
2014-10-27,28.64,-1.7100000000000009,-1.697102803738301
2014-10-28,26.98,-1.6600000000000001,-1.6471028037383002
2014-10-29,27.08,0.09999999999999787,0.11289719626169786
2014-10-30,27.18,0.10000000000000142,0.11289719626170142
2014-10-31,25.88,-1.3000000000000007,-1.2871028037383008
2014-11-03,26.64,0.7600000000000016,0.7728971962617016
2014-11-04,26.95,0.3099999999999987,0.3228971962616987
2014-11-05,28.73,1.7800000000000011,1.792897196261701
2014-11-06,28.34,-0.39000000000000057,-0.3771028037383006
2014-11-07,27.54,-0.8000000000000007,-0.7871028037383007
2014-11-10,27.01,-0.5299999999999976,-0.5171028037382975
2014-11-11,26.73,-0.28000000000000114,-0.26710280373830114
2014-11-12,27.19,0.46000000000000085,0.47289719626170085
2014-11-13,28.36,1.1699999999999982,1.182897196261698
2014-11-14,30.31,1.9499999999999993,1.9628971962616992
2014-11-17,30.63,0.3200000000000003,0.3328971962617003
2014-11-18,30.47,-0.16000000000000014,-0.14710280373830015
2014-11-19,31.24,0.7699999999999996,0.7828971962616996
2014-11-20,31.58,0.33999999999999986,0.35289719626169985
2014-11-21,29.83,-1.75,-1.7371028037383
2014-11-24,28.57,-1.259999999999998,-1.247102803738298
2014-11-25,28.09,-0.4800000000000004,-0.46710280373830043
2014-11-26,27.61,-0.4800000000000004,-0.46710280373830043
2014-11-28,28.6,0.990000000000002,1.002897196261702
2014-12-01,30.96,2.3599999999999994,2.3728971962616994
2014-12-02,30.34,-0.620000000000001,-0.607102803738301
2014-12-03,32.47,2.129999999999999,2.142897196261699
2014-12-04,32.64,0.1700000000000017,0.1828971962617017
2014-12-05,32.21,-0.4299999999999997,-0.4171028037382997
2014-12-08,34.01,1.7999999999999972,1.812897196261697
2014-12-09,34.64,0.6300000000000026,0.6428971962617026
2014-12-10,36.59,1.9500000000000028,1.9628971962617028
2014-12-11,36.01,-0.5800000000000054,-0.5671028037383053
2014-12-12,38.36,2.3500000000000014,2.3628971962617014
2014-12-15,38.71,0.3500000000000014,0.3628971962617014
2014-12-16,41.2,2.490000000000002,2.502897196261702
2014-12-17,39.07,-2.1300000000000026,-2.1171028037383026
2014-12-18,37.07,-2.0,-1.9871028037383
2014-12-19,35.95,-1.1199999999999974,-1.1071028037382975
2014-12-22,35.01,-0.9400000000000048,-0.9271028037383048
2014-12-23,33.93,-1.0799999999999983,-1.0671028037382984
2014-12-24,34.67,0.740000000000002,0.752897196261702
2014-12-26,35.81,1.1400000000000006,1.1528971962617005
2014-12-29,37.79,1.9799999999999969,1.9928971962616968
2014-12-30,38.01,0.21999999999999886,0.23289719626169886
2014-12-31,38.11,0.10000000000000142,0.11289719626170142
2015-01-02,39.4,1.2899999999999991,1.302897196261699
2015-01-05,42.7,3.3000000000000043,3.312897196261704
2015-01-06,43.35,0.6499999999999986,0.6628971962616986
2015-01-07,43.42,0.07000000000000028,0.08289719626170028
2015-01-08,41.77,-1.6499999999999986,-1.6371028037382986
2015-01-09,41.38,-0.39000000000000057,-0.3771028037383006
2015-01-12,46.82,5.439999999999998,5.452897196261698
2015-01-13,48.2,1.3800000000000026,1.3928971962617025
2015-01-14,48.2,0.0,0.0128971962617
2015-01-15,48.6,0.3999999999999986,0.4128971962616986
2015-01-16,45.56,-3.039999999999999,-3.027102803738299
2015-01-20,44.17,-1.3900000000000006,-1.3771028037383006
2015-01-21,45.63,1.4600000000000009,1.4728971962617008
2015-01-22,43.48,-2.1500000000000057,-2.1371028037383057
2015-01-23,43.82,0.3400000000000034,0.3528971962617034
2015-01-26,44.98,1.1599999999999966,1.1728971962616965
2015-01-27,45.51,0.5300000000000011,0.5428971962617012
2015-01-28,47.03,1.5200000000000031,1.532897196261703
2015-01-29,45.49,-1.5399999999999991,-1.5271028037382992
2015-01-30,31.77,-13.720000000000002,-13.707102803738302
2015-02-02,31.59,-0.17999999999999972,-0.16710280373829972
2015-02-03,29.39,-2.1999999999999993,-2.1871028037382994
2015-02-04,28.85,-0.5399999999999991,-0.5271028037382991
2015-02-05,28.59,-0.26000000000000156,-0.24710280373830157
2015-02-06,27.64,-0.9499999999999993,-0.9371028037382992
2015-02-09,28.29,0.6499999999999986,0.6628971962616986
2015-02-10,27.87,-0.41999999999999815,-0.40710280373829816
2015-02-11,27.9,0.029999999999997584,0.042897196261697586
2015-02-12,27.0,-0.8999999999999986,-0.8871028037382985
2015-02-13,26.02,-0.9800000000000004,-0.9671028037383004
2015-02-17,26.94,0.9200000000000017,0.9328971962617018
2015-02-18,26.2,-0.740000000000002,-0.7271028037383019
2015-02-19,26.06,-0.14000000000000057,-0.12710280373830057
2015-02-20,25.29,-0.7699999999999996,-0.7571028037382995
2015-02-23,25.57,0.28000000000000114,0.29289719626170113
2015-02-24,25.39,-0.17999999999999972,-0.16710280373829972
2015-02-25,26.23,0.8399999999999999,0.8528971962616999
2015-02-26,26.57,0.33999999999999986,0.35289719626169985
2015-02-27,25.6,-0.9699999999999989,-0.9571028037382988
2015-03-02,25.79,0.18999999999999773,0.20289719626169772
2015-03-03,25.54,-0.25,-0.2371028037383
2015-03-04,25.79,0.25,0.2628971962617
2015-03-05,25.87,0.08000000000000185,0.09289719626170184
2015-03-06,26.29,0.41999999999999815,0.43289719626169815
2015-03-09,26.73,0.4400000000000013,0.4528971962617013
2015-03-10,27.8,1.0700000000000003,1.0828971962617002
2015-03-11,27.76,-0.03999999999999915,-0.027102803738299146
2015-03-12,27.25,-0.5100000000000016,-0.49710280373830157
2015-03-13,27.37,0.120000000000001,0.132897196261701
2015-03-16,26.84,-0.5300000000000011,-0.5171028037383011
2015-03-17,27.22,0.379999999999999,0.392897196261699
2015-03-18,26.63,-0.5899999999999999,-0.5771028037382998
2015-03-19,26.33,-0.3000000000000007,-0.2871028037383007
2015-03-20,26.0,-0.3299999999999983,-0.3171028037382983
2015-03-23,27.39,1.3900000000000006,1.4028971962617005
2015-03-24,27.89,0.5,0.5128971962617
2015-03-25,29.07,1.1799999999999997,1.1928971962616997
2015-03-26,30.95,1.879999999999999,1.892897196261699
2015-03-27,30.99,0.03999999999999915,0.05289719626169915
2015-03-30,32.08,1.0899999999999999,1.1028971962616998
2015-03-31,32.66,0.5799999999999983,0.5928971962616983
2015-04-01,33.9,1.240000000000002,1.252897196261702
2015-04-02,33.74,-0.1599999999999966,-0.1471028037382966
2015-04-06,36.34,2.6000000000000014,2.6128971962617014
2015-04-07,36.37,0.02999999999999403,0.04289719626169403
2015-04-08,37.21,0.8400000000000034,0.8528971962617035
2015-04-09,38.09,0.8800000000000026,0.8928971962617026
2015-04-10,38.51,0.4199999999999946,0.4328971962616946
2015-04-13,40.76,2.25,2.2628971962617
2015-04-14,39.68,-1.0799999999999983,-1.0671028037382984
2015-04-15,39.09,-0.5899999999999963,-0.5771028037382963
2015-04-16,39.83,0.7399999999999949,0.7528971962616949
2015-04-17,41.29,1.4600000000000009,1.4728971962617008
2015-04-20,42.88,1.5900000000000034,1.6028971962617033
2015-04-21,43.17,0.28999999999999915,0.30289719626169914
2015-04-22,45.13,1.9600000000000009,1.9728971962617008
2015-04-23,41.55,-3.5800000000000054,-3.5671028037383055
2015-04-24,26.64,-14.909999999999997,-14.897102803738296
2015-04-27,24.91,-1.7300000000000004,-1.7171028037383005
2015-04-28,24.59,-0.3200000000000003,-0.3071028037383003
2015-04-29,24.48,-0.10999999999999943,-0.09710280373829944
2015-04-30,25.83,1.3499999999999979,1.3628971962616978
2015-05-01,25.02,-0.8099999999999987,-0.7971028037382987
2015-05-04,24.5,-0.5199999999999996,-0.5071028037382995
2015-05-05,25.38,0.879999999999999,0.892897196261699
2015-05-06,25.42,0.0400000000000027,0.0528971962617027
2015-05-07,25.3,-0.120000000000001,-0.107102803738301
2015-05-08,23.99,-1.3100000000000023,-1.2971028037383023
2015-05-11,24.31,0.3200000000000003,0.3328971962617003
2015-05-12,24.78,0.4700000000000024,0.4828971962617024
2015-05-13,24.05,-0.7300000000000004,-0.7171028037383004
2015-05-14,23.28,-0.7699999999999996,-0.7571028037382995
2015-05-15,22.82,-0.46000000000000085,-0.44710280373830086
2015-05-18,23.29,0.46999999999999886,0.48289719626169886
2015-05-19,23.51,0.22000000000000242,0.2328971962617024
2015-05-20,23.55,0.03999999999999915,0.05289719626169915
2015-05-21,23.2,-0.3500000000000014,-0.3371028037383014
2015-05-22,22.4,-0.8000000000000007,-0.7871028037383007
2015-05-26,23.65,1.25,1.2628971962617
2015-05-27,23.36,-0.28999999999999915,-0.27710280373829915
2015-05-28,23.33,-0.030000000000001137,-0.017102803738301135
2015-05-29,23.46,0.13000000000000256,0.14289719626170255
2015-06-01,23.37,-0.08999999999999986,-0.07710280373829986
2015-06-02,23.36,-0.010000000000001563,0.0028971962616984367
2015-06-03,23.54,0.17999999999999972,0.1928971962616997
2015-06-04,24.06,0.5199999999999996,0.5328971962616996
2015-06-05,23.44,-0.6199999999999974,-0.6071028037382974
2015-06-08,24.29,0.8499999999999979,0.8628971962616979
2015-06-09,24.5,0.21000000000000085,0.22289719626170085
2015-06-10,23.24,-1.2600000000000016,-1.2471028037383016
2015-06-11,22.98,-0.259999999999998,-0.24710280373829802
2015-06-12,22.58,-0.40000000000000213,-0.38710280373830214
2015-06-15,22.42,-0.1599999999999966,-0.1471028037382966
2015-06-16,21.8,-0.620000000000001,-0.607102803738301
2015-06-17,22.24,0.4399999999999977,0.4528971962616977
2015-06-18,22.88,0.6400000000000006,0.6528971962617006
2015-06-19,22.03,-0.8499999999999979,-0.8371028037382978
2015-06-22,23.25,1.2199999999999989,1.2328971962616988
2015-06-23,26.27,3.0199999999999996,3.0328971962616995
2015-06-24,26.31,0.03999999999999915,0.05289719626169915
2015-06-25,27.17,0.860000000000003,0.872897196261703
2015-06-26,27.82,0.6499999999999986,0.6628971962616986
2015-06-29,32.3,4.479999999999997,4.492897196261697
2015-06-30,32.12,-0.17999999999999972,-0.16710280373829972
2015-07-01,31.65,-0.46999999999999886,-0.45710280373829887
2015-07-02,31.75,0.10000000000000142,0.11289719626170142
2015-07-06,34.3,2.549999999999997,2.562897196261697
2015-07-07,34.62,0.3200000000000003,0.3328971962617003
