Date,Values,Delta Calculations,Delta - Mean(-0.000442804428044)
2011-03-16,32.16, , 
2011-03-17,30.93,-1.2299999999999969,-1.2295571955719529
2011-03-18,28.49,-2.4400000000000013,-2.4395571955719575
2011-03-21,26.77,-1.7199999999999989,-1.7195571955719549
2011-03-22,25.07,-1.6999999999999993,-1.6995571955719553
2011-03-23,24.46,-0.6099999999999994,-0.6095571955719554
2011-03-24,24.69,0.23000000000000043,0.23044280442804443
2011-03-25,24.67,-0.019999999999999574,-0.019557195571955573
2011-03-28,25.21,0.5399999999999991,0.5404428044280432
2011-03-29,24.8,-0.41000000000000014,-0.40955719557195613
2011-03-30,23.28,-1.5199999999999996,-1.5195571955719556
2011-03-31,23.75,0.46999999999999886,0.47044280442804287
2011-04-01,23.06,-0.6900000000000013,-0.6895571955719573
2011-04-04,23.67,0.610000000000003,0.610442804428047
2011-04-05,23.22,-0.45000000000000284,-0.44955719557195883
2011-04-06,24.52,1.3000000000000007,1.3004428044280447
2011-04-07,24.42,-0.09999999999999787,-0.09955719557195387
2011-04-08,24.17,-0.25,-0.249557195571956
2011-04-11,24.28,0.10999999999999943,0.11044280442804343
2011-04-12,25.28,1.0,1.000442804428044
2011-04-13,24.88,-0.40000000000000213,-0.3995571955719581
2011-04-14,24.1,-0.7799999999999976,-0.7795571955719536
2011-04-15,23.45,-0.6500000000000021,-0.6495571955719581
2011-04-18,25.44,1.990000000000002,1.990442804428046
2011-04-19,23.42,-2.0199999999999996,-2.019557195571956
2011-04-20,22.36,-1.0600000000000023,-1.0595571955719583
2011-04-21,22.25,-0.10999999999999943,-0.10955719557195544
2011-04-25,23.57,1.3200000000000003,1.3204428044280443
2011-04-26,23.15,-0.4200000000000017,-0.4195571955719577
2011-04-27,23.87,0.7200000000000024,0.7204428044280464
2011-04-28,24.52,0.6499999999999986,0.6504428044280426
2011-04-29,24.78,0.26000000000000156,0.26044280442804557
2011-05-02,25.42,0.6400000000000006,0.6404428044280446
2011-05-03,27.16,1.7399999999999984,1.7404428044280424
2011-05-04,28.28,1.120000000000001,1.120442804428045
2011-05-05,28.7,0.41999999999999815,0.42044280442804216
2011-05-06,27.43,-1.2699999999999996,-1.2695571955719556
2011-05-09,26.74,-0.6900000000000013,-0.6895571955719573
2011-05-10,25.3,-1.4399999999999977,-1.4395571955719537
2011-05-11,26.91,1.6099999999999994,1.6104428044280434
2011-05-12,25.97,-0.9400000000000013,-0.9395571955719573
2011-05-13,27.63,1.6600000000000001,1.6604428044280442
2011-05-16,28.39,0.7600000000000016,0.7604428044280456
2011-05-17,28.02,-0.370000000000001,-0.369557195571957
2011-05-18,27.22,-0.8000000000000007,-0.7995571955719567
2011-05-19,27.83,0.6099999999999994,0.6104428044280434
2011-05-20,27.05,-0.7799999999999976,-0.7795571955719536
2011-05-23,28.0,0.9499999999999993,0.9504428044280433
2011-05-24,26.68,-1.3200000000000003,-1.3195571955719563
2011-05-25,25.39,-1.2899999999999991,-1.2895571955719551
2011-05-26,23.98,-1.4100000000000001,-1.4095571955719561
2011-05-27,23.77,-0.21000000000000085,-0.20955719557195684
2011-05-31,24.38,0.6099999999999994,0.6104428044280434
2011-06-01,26.4,2.0199999999999996,2.0204428044280434
2011-06-02,26.17,-0.22999999999999687,-0.22955719557195287
2011-06-03,25.75,-0.4200000000000017,-0.4195571955719577
2011-06-06,28.81,3.0599999999999987,3.0604428044280425
2011-06-07,27.68,-1.129999999999999,-1.129557195571955
2011-06-08,28.03,0.3500000000000014,0.35044280442804543
2011-06-09,26.96,-1.0700000000000003,-1.0695571955719563
2011-06-10,27.96,1.0,1.000442804428044
2011-06-13,28.65,0.6899999999999977,0.6904428044280417
2011-06-14,26.81,-1.8399999999999999,-1.8395571955719558
2011-06-15,28.49,1.6799999999999997,1.6804428044280437
2011-06-16,31.45,2.960000000000001,2.9604428044280446
2011-06-17,32.1,0.6500000000000021,0.6504428044280461
2011-06-20,29.3,-2.8000000000000007,-2.799557195571957
2011-06-21,28.16,-1.1400000000000006,-1.1395571955719566
2011-06-22,26.7,-1.4600000000000009,-1.4595571955719568
2011-06-23,27.58,0.879999999999999,0.880442804428043
2011-06-24,28.11,0.5300000000000011,0.5304428044280451
2011-06-27,27.6,-0.509999999999998,-0.509557195571954
2011-06-28,25.68,-1.9200000000000017,-1.9195571955719577
2011-06-29,24.08,-1.6000000000000014,-1.5995571955719574
2011-06-30,23.16,-0.9199999999999982,-0.9195571955719541
2011-07-01,22.56,-0.6000000000000014,-0.5995571955719574
2011-07-05,22.6,0.0400000000000027,0.0404428044280467
2011-07-06,23.37,0.7699999999999996,0.7704428044280436
2011-07-07,23.46,0.08999999999999986,0.09044280442804385
2011-07-08,24.6,1.1400000000000006,1.1404428044280446
2011-07-11,25.46,0.8599999999999994,0.8604428044280434
2011-07-12,26.18,0.7199999999999989,0.7204428044280429
2011-07-13,25.45,-0.7300000000000004,-0.7295571955719564
2011-07-14,26.44,0.990000000000002,0.990442804428046
2011-07-15,25.26,-1.1799999999999997,-1.1795571955719557
2011-07-18,26.83,1.5699999999999967,1.5704428044280407
2011-07-19,25.6,-1.2299999999999969,-1.2295571955719529
2011-07-20,24.42,-1.1799999999999997,-1.1795571955719557
2011-07-21,24.11,-0.3100000000000023,-0.30955719557195827
2011-07-22,23.84,-0.2699999999999996,-0.26955719557195557
2011-07-25,25.0,1.1600000000000001,1.1604428044280442
2011-07-26,25.5,0.5,0.500442804428044
2011-07-27,28.81,3.3099999999999987,3.3104428044280425
2011-07-28,29.57,0.7600000000000016,0.7604428044280456
2011-07-29,29.64,0.07000000000000028,0.07044280442804428
2011-08-01,29.52,-0.120000000000001,-0.119557195571957
2011-08-02,30.79,1.2699999999999996,1.2704428044280436
2011-08-03,30.94,0.15000000000000213,0.15044280442804614
2011-08-04,41.14,10.2,10.200442804428043
2011-08-05,43.23,2.0899999999999963,2.09044280442804
2011-08-08,59.06,15.830000000000005,15.83044280442805
2011-08-09,53.19,-5.8700000000000045,-5.869557195571961
2011-08-10,61.66,8.469999999999999,8.470442804428043
2011-08-11,53.78,-7.8799999999999955,-7.879557195571952
2011-08-12,50.57,-3.210000000000001,-3.209557195571957
2011-08-15,43.57,-7.0,-6.999557195571956
2011-08-16,42.5,-1.0700000000000003,-1.0695571955719563
2011-08-17,38.21,-4.289999999999999,-4.289557195571955
2011-08-18,47.85,9.64,9.640442804428044
2011-08-19,49.12,1.269999999999996,1.27044280442804
2011-08-22,49.21,0.09000000000000341,0.0904428044280474
2011-08-23,42.48,-6.730000000000004,-6.72955719557196
2011-08-24,42.87,0.39000000000000057,0.3904428044280446
2011-08-25,47.28,4.410000000000004,4.4104428044280475
2011-08-26,41.82,-5.460000000000001,-5.459557195571957
2011-08-29,37.85,-3.969999999999999,-3.969557195571955
2011-08-30,36.79,-1.0600000000000023,-1.0595571955719583
2011-08-31,35.12,-1.6700000000000017,-1.6695571955719577
2011-09-01,37.01,1.8900000000000006,1.8904428044280446
2011-09-02,38.83,1.8200000000000003,1.8204428044280443
2011-09-06,44.42,5.590000000000003,5.590442804428047
2011-09-07,40.97,-3.450000000000003,-3.449557195571959
2011-09-08,42.51,1.5399999999999991,1.5404428044280432
2011-09-09,49.45,6.940000000000005,6.940442804428049
2011-09-12,51.24,1.7899999999999991,1.7904428044280432
2011-09-13,48.48,-2.760000000000005,-2.7595571955719613
2011-09-14,47.27,-1.2099999999999937,-1.2095571955719497
2011-09-15,43.21,-4.060000000000002,-4.0595571955719585
2011-09-16,38.39,-4.82,-4.8195571955719565
2011-09-19,42.83,4.439999999999998,4.4404428044280415
2011-09-20,43.2,0.37000000000000455,0.37044280442804856
2011-09-21,48.62,5.419999999999995,5.420442804428038
2011-09-22,57.8,9.18,9.180442804428044
2011-09-23,58.51,0.7100000000000009,0.7104428044280449
2011-09-26,55.82,-2.6899999999999977,-2.689557195571954
2011-09-27,53.1,-2.719999999999999,-2.719557195571955
2011-09-28,58.03,4.93,4.9304428044280435
2011-09-29,56.2,-1.8299999999999983,-1.8295571955719543
2011-09-30,60.46,4.259999999999998,4.260442804428042
2011-10-03,63.49,3.030000000000001,3.030442804428045
2011-10-04,59.0,-4.490000000000002,-4.489557195571958
2011-10-05,53.01,-5.990000000000002,-5.989557195571958
2011-10-06,50.16,-2.8500000000000014,-2.8495571955719576
2011-10-07,51.3,1.1400000000000006,1.1404428044280446
2011-10-10,47.45,-3.8499999999999943,-3.8495571955719505
2011-10-11,46.19,-1.2600000000000051,-1.259557195571961
2011-10-12,43.28,-2.9099999999999966,-2.909557195571953
2011-10-13,42.53,-0.75,-0.749557195571956
2011-10-14,40.59,-1.9399999999999977,-1.9395571955719537
2011-10-17,46.91,6.319999999999993,6.320442804428037
2011-10-18,43.48,-3.4299999999999997,-3.429557195571956
2011-10-19,45.66,2.1799999999999997,2.1804428044280435
2011-10-20,47.38,1.720000000000006,1.72044280442805
2011-10-21,44.34,-3.039999999999999,-3.0395571955719554
2011-10-24,40.16,-4.180000000000007,-4.179557195571963
2011-10-25,44.01,3.8500000000000014,3.850442804428045
2011-10-26,41.51,-2.5,-2.499557195571956
2011-10-27,36.87,-4.640000000000001,-4.639557195571957
2011-10-28,34.54,-2.3299999999999983,-2.3295571955719545
2011-10-31,39.35,4.810000000000002,4.810442804428046
2011-11-01,45.2,5.850000000000001,5.850442804428045
2011-11-02,42.28,-2.9200000000000017,-2.919557195571958
2011-11-03,41.51,-0.7700000000000031,-0.7695571955719591
2011-11-04,42.3,0.7899999999999991,0.7904428044280432
2011-11-07,41.47,-0.8299999999999983,-0.8295571955719543
2011-11-08,38.88,-2.5899999999999963,-2.5895571955719525
2011-11-09,46.68,7.799999999999997,7.800442804428041
2011-11-10,44.69,-1.990000000000002,-1.989557195571958
2011-11-11,41.22,-3.469999999999999,-3.469557195571955
2011-11-14,42.9,1.6799999999999997,1.6804428044280437
2011-11-15,42.37,-0.5300000000000011,-0.5295571955719571
2011-11-16,44.4,2.030000000000001,2.030442804428045
2011-11-17,47.74,3.3400000000000034,3.340442804428047
2011-11-18,44.53,-3.210000000000001,-3.209557195571957
2011-11-21,46.08,1.5499999999999972,1.5504428044280412
2011-11-22,44.75,-1.3299999999999983,-1.3295571955719543
2011-11-23,47.26,2.509999999999998,2.510442804428042
2011-11-25,49.16,1.8999999999999986,1.9004428044280426
2011-11-28,46.52,-2.6399999999999935,-2.6395571955719497
2011-11-29,44.55,-1.970000000000006,-1.969557195571962
2011-11-30,40.5,-4.049999999999997,-4.049557195571953
2011-12-01,40.38,-0.11999999999999744,-0.11955719557195345
2011-12-02,40.34,-0.03999999999999915,-0.039557195571955146
2011-12-05,40.17,-0.1700000000000017,-0.1695571955719577
2011-12-06,41.11,0.9399999999999977,0.9404428044280417
2011-12-07,41.77,0.6600000000000037,0.6604428044280477
2011-12-08,43.98,2.2099999999999937,2.2104428044280375
2011-12-09,39.66,-4.32,-4.3195571955719565
2011-12-12,40.82,1.1600000000000037,1.1604428044280477
2011-12-13,39.42,-1.3999999999999986,-1.3995571955719546
2011-12-14,39.7,0.28000000000000114,0.28044280442804514
2011-12-15,36.67,-3.030000000000001,-3.0295571955719574
2011-12-16,35.42,-1.25,-1.249557195571956
2011-12-19,38.6,3.1799999999999997,3.1804428044280435
2011-12-20,34.64,-3.960000000000001,-3.959557195571957
2011-12-21,33.8,-0.8400000000000034,-0.8395571955719594
2011-12-22,32.63,-1.1699999999999946,-1.1695571955719506
2011-12-23,31.51,-1.120000000000001,-1.119557195571957
2011-12-27,32.72,1.2099999999999973,1.2104428044280413
2011-12-28,35.55,2.8299999999999983,2.830442804428042
2011-12-29,33.97,-1.5799999999999983,-1.5795571955719543
2011-12-30,34.88,0.9100000000000037,0.9104428044280477
2012-01-03,33.76,-1.1200000000000045,-1.1195571955719605
2012-01-04,32.71,-1.0499999999999972,-1.0495571955719531
2012-01-05,32.77,0.060000000000002274,0.060442804428046275
2012-01-06,32.46,-0.3100000000000023,-0.30955719557195827
2012-01-09,31.27,-1.1900000000000013,-1.1895571955719573
2012-01-10,30.12,-1.1499999999999986,-1.1495571955719546
2012-01-11,30.18,0.05999999999999872,0.06044280442804272
2012-01-12,30.75,0.5700000000000003,0.5704428044280443
2012-01-13,32.7,1.9500000000000028,1.9504428044280469
2012-01-17,31.61,-1.0900000000000034,-1.0895571955719594
2012-01-18,30.47,-1.1400000000000006,-1.1395571955719566
2012-01-19,30.79,0.3200000000000003,0.3204428044280443
2012-01-20,29.31,-1.4800000000000004,-1.4795571955719564
2012-01-23,29.69,0.38000000000000256,0.38044280442804657
2012-01-24,29.36,-0.33000000000000185,-0.32955719557195784
2012-01-25,28.65,-0.7100000000000009,-0.7095571955719568
2012-01-26,30.52,1.870000000000001,1.870442804428045
2012-01-27,29.27,-1.25,-1.249557195571956
2012-01-30,30.2,0.9299999999999997,0.9304428044280437
2012-01-31,29.63,-0.5700000000000003,-0.5695571955719563
2012-02-01,28.11,-1.5199999999999996,-1.5195571955719556
2012-02-02,28.77,0.6600000000000001,0.6604428044280442
2012-02-03,28.4,-0.370000000000001,-0.369557195571957
2012-02-06,30.28,1.8800000000000026,1.8804428044280466
2012-02-07,29.38,-0.9000000000000021,-0.8995571955719581
2012-02-08,29.86,0.4800000000000004,0.48044280442804443
2012-02-09,29.11,-0.75,-0.749557195571956
2012-02-10,31.6,2.490000000000002,2.4904428044280458
2012-02-13,30.72,-0.8800000000000026,-0.8795571955719585
2012-02-14,32.11,1.3900000000000006,1.3904428044280446
2012-02-15,33.42,1.3100000000000023,1.3104428044280463
2012-02-16,32.02,-1.3999999999999986,-1.3995571955719546
2012-02-17,30.66,-1.360000000000003,-1.359557195571959
2012-02-21,28.64,-2.0199999999999996,-2.019557195571956
2012-02-22,27.79,-0.8500000000000014,-0.8495571955719574
2012-02-23,26.89,-0.8999999999999986,-0.8995571955719546
2012-02-24,26.02,-0.870000000000001,-0.869557195571957
2012-02-27,27.86,1.8399999999999999,1.8404428044280439
2012-02-28,27.28,-0.5799999999999983,-0.5795571955719543
2012-02-29,28.28,1.0,1.000442804428044
2012-03-01,26.97,-1.3100000000000023,-1.3095571955719583
2012-03-02,26.67,-0.29999999999999716,-0.29955719557195315
2012-03-05,28.03,1.3599999999999994,1.3604428044280434
2012-03-06,31.35,3.3200000000000003,3.320442804428044
2012-03-07,30.22,-1.1300000000000026,-1.1295571955719585
2012-03-08,28.29,-1.9299999999999997,-1.9295571955719557
2012-03-09,29.12,0.8300000000000018,0.8304428044280459
2012-03-12,28.55,-0.5700000000000003,-0.5695571955719563
2012-03-13,27.31,-1.240000000000002,-1.239557195571958
2012-03-14,29.09,1.7800000000000011,1.7804428044280451
2012-03-15,26.86,-2.2300000000000004,-2.2295571955719566
2012-03-16,25.98,-0.879999999999999,-0.879557195571955
2012-03-19,26.05,0.07000000000000028,0.07044280442804428
2012-03-20,27.1,1.0500000000000007,1.0504428044280447
2012-03-21,25.45,-1.6500000000000021,-1.6495571955719581
2012-03-22,26.69,1.240000000000002,1.240442804428046
2012-03-23,26.35,-0.33999999999999986,-0.33955719557195585
2012-03-26,25.73,-0.620000000000001,-0.619557195571957
2012-03-27,26.29,0.5599999999999987,0.5604428044280427
2012-03-28,26.98,0.6900000000000013,0.6904428044280453
2012-03-29,26.52,-0.46000000000000085,-0.45955719557195684
2012-03-30,26.5,-0.019999999999999574,-0.019557195571955573
2012-04-02,25.44,-1.0599999999999987,-1.0595571955719547
2012-04-03,25.82,0.379999999999999,0.380442804428043
2012-04-04,26.85,1.0300000000000011,1.0304428044280451
2012-04-05,26.62,-0.23000000000000043,-0.22955719557195642
2012-04-09,28.41,1.7899999999999991,1.7904428044280432
2012-04-10,30.25,1.8399999999999999,1.8404428044280439
2012-04-11,29.94,-0.3099999999999987,-0.3095571955719547
2012-04-12,28.14,-1.8000000000000007,-1.7995571955719567
2012-04-13,29.55,1.4100000000000001,1.4104428044280442
2012-04-16,29.84,0.28999999999999915,0.29044280442804316
2012-04-17,28.89,-0.9499999999999993,-0.9495571955719553
2012-04-18,28.15,-0.740000000000002,-0.739557195571958
2012-04-19,27.83,-0.3200000000000003,-0.3195571955719563
2012-04-20,26.66,-1.1699999999999982,-1.1695571955719541
2012-04-23,28.43,1.7699999999999996,1.7704428044280436
2012-04-24,27.21,-1.2199999999999989,-1.2195571955719549
2012-04-25,27.07,-0.14000000000000057,-0.13955719557195656
2012-04-26,26.19,-0.879999999999999,-0.879557195571955
2012-04-27,25.95,-0.240000000000002,-0.23955719557195798
2012-04-30,27.21,1.2600000000000016,1.2604428044280456
2012-05-01,26.31,-0.9000000000000021,-0.8995571955719581
2012-05-02,25.91,-0.3999999999999986,-0.39955719557195457
2012-05-03,26.34,0.4299999999999997,0.4304428044280437
2012-05-04,29.44,3.1000000000000014,3.100442804428045
2012-05-07,29.33,-0.11000000000000298,-0.10955719557195899
2012-05-08,30.49,1.1600000000000001,1.1604428044280442
2012-05-09,32.43,1.9400000000000013,1.9404428044280453
2012-05-10,31.96,-0.46999999999999886,-0.46955719557195486
2012-05-11,32.77,0.8100000000000023,0.8104428044280463
2012-05-14,37.36,4.589999999999996,4.59044280442804
2012-05-15,39.06,1.7000000000000028,1.7004428044280469
2012-05-16,39.43,0.36999999999999744,0.37044280442804145
2012-05-17,44.53,5.100000000000001,5.100442804428045
2012-05-18,43.63,-0.8999999999999986,-0.8995571955719546
2012-05-21,38.33,-5.300000000000004,-5.2995571955719605
2012-05-22,40.3,1.9699999999999989,1.9704428044280429
2012-05-23,39.23,-1.0700000000000003,-1.0695571955719563
2012-05-24,38.3,-0.9299999999999997,-0.9295571955719557
2012-05-25,38.03,-0.269999999999996,-0.269557195571952
2012-05-29,37.2,-0.8299999999999983,-0.8295571955719543
2012-05-30,39.31,2.1099999999999994,2.110442804428043
2012-05-31,37.69,-1.6200000000000045,-1.6195571955719605
2012-06-01,40.11,2.4200000000000017,2.4204428044280455
2012-06-04,40.14,0.030000000000001137,0.030442804428045138
2012-06-05,38.76,-1.3800000000000026,-1.3795571955719585
2012-06-06,37.18,-1.5799999999999983,-1.5795571955719543
2012-06-07,36.26,-0.9200000000000017,-0.9195571955719577
2012-06-08,36.39,0.13000000000000256,0.13044280442804657
2012-06-11,39.28,2.8900000000000006,2.8904428044280444
2012-06-12,37.85,-1.4299999999999997,-1.4295571955719557
2012-06-13,40.02,2.1700000000000017,2.1704428044280455
2012-06-14,39.8,-0.22000000000000597,-0.21955719557196196
2012-06-15,37.15,-2.6499999999999986,-2.649557195571955
2012-06-18,34.06,-3.0899999999999963,-3.0895571955719525
2012-06-19,31.87,-2.1900000000000013,-2.1895571955719575
2012-06-20,29.49,-2.3800000000000026,-2.3795571955719588
2012-06-21,32.26,2.7699999999999996,2.7704428044280434
2012-06-22,32.32,0.060000000000002274,0.060442804428046275
2012-06-25,34.24,1.9200000000000017,1.9204428044280457
2012-06-26,33.56,-0.6799999999999997,-0.6795571955719557
2012-06-27,32.79,-0.7700000000000031,-0.7695571955719591
2012-06-28,32.56,-0.22999999999999687,-0.22955719557195287
2012-06-29,29.75,-2.8100000000000023,-2.8095571955719585
2012-07-02,28.94,-0.8099999999999987,-0.8095571955719547
2012-07-03,28.89,-0.05000000000000071,-0.04955719557195671
2012-07-05,29.36,0.46999999999999886,0.47044280442804287
2012-07-06,29.97,0.6099999999999994,0.6104428044280434
2012-07-09,30.81,0.8399999999999999,0.8404428044280439
2012-07-10,31.22,0.41000000000000014,0.41044280442804415
2012-07-11,30.34,-0.879999999999999,-0.879557195571955
2012-07-12,30.01,-0.3299999999999983,-0.3295571955719543
2012-07-13,28.06,-1.9500000000000028,-1.9495571955719588
2012-07-16,29.26,1.2000000000000028,1.2004428044280469
2012-07-17,28.0,-1.2600000000000016,-1.2595571955719576
2012-07-18,27.1,-0.8999999999999986,-0.8995571955719546
2012-07-19,26.41,-0.6900000000000013,-0.6895571955719573
2012-07-20,28.12,1.7100000000000009,1.7104428044280449
2012-07-23,32.07,3.9499999999999993,3.950442804428043
2012-07-24,32.42,0.3500000000000014,0.35044280442804543
2012-07-25,32.02,-0.3999999999999986,-0.39955719557195457
2012-07-26,28.89,-3.1300000000000026,-3.1295571955719588
2012-07-27,28.83,-0.060000000000002274,-0.05955719557195827
2012-07-30,29.59,0.7600000000000016,0.7604428044280456
2012-07-31,31.31,1.7199999999999989,1.7204428044280429
2012-08-01,31.71,0.40000000000000213,0.40044280442804614
2012-08-02,31.76,0.05000000000000071,0.05044280442804471
2012-08-03,28.53,-3.2300000000000004,-3.2295571955719566
2012-08-06,29.33,0.7999999999999972,0.8004428044280412
2012-08-07,29.15,-0.17999999999999972,-0.1795571955719557
2012-08-08,27.85,-1.2999999999999972,-1.2995571955719531
2012-08-09,27.73,-0.120000000000001,-0.119557195571957
2012-08-10,27.0,-0.7300000000000004,-0.7295571955719564
2012-08-13,25.26,-1.7399999999999984,-1.7395571955719544
2012-08-14,26.81,1.5499999999999972,1.5504428044280412
2012-08-15,26.34,-0.46999999999999886,-0.46955719557195486
2012-08-16,25.66,-0.6799999999999997,-0.6795571955719557
2012-08-17,25.03,-0.629999999999999,-0.629557195571955
2012-08-20,26.98,1.9499999999999993,1.9504428044280433
2012-08-21,26.9,-0.08000000000000185,-0.07955719557195785
2012-08-22,27.64,0.740000000000002,0.740442804428046
2012-08-23,27.61,-0.030000000000001137,-0.029557195571957136
2012-08-24,28.0,0.39000000000000057,0.3904428044280446
2012-08-27,28.89,0.8900000000000006,0.8904428044280446
2012-08-28,29.24,0.34999999999999787,0.3504428044280419
2012-08-29,30.97,1.7300000000000004,1.7304428044280444
2012-08-30,31.27,0.3000000000000007,0.3004428044280447
2012-08-31,30.28,-0.9899999999999984,-0.9895571955719544
2012-09-04,31.86,1.5799999999999983,1.5804428044280423
2012-09-05,31.11,-0.75,-0.749557195571956
2012-09-06,28.52,-2.59,-2.589557195571956
2012-09-07,28.49,-0.030000000000001137,-0.029557195571957136
2012-09-10,29.15,0.6600000000000001,0.6604428044280442
2012-09-11,29.16,0.010000000000001563,0.010442804428045563
2012-09-12,29.46,0.3000000000000007,0.3004428044280447
2012-09-13,26.91,-2.5500000000000007,-2.549557195571957
2012-09-14,26.62,-0.28999999999999915,-0.28955719557195514
2012-09-17,27.27,0.6499999999999986,0.6504428044280426
2012-09-18,26.47,-0.8000000000000007,-0.7995571955719567
2012-09-19,26.05,-0.41999999999999815,-0.41955719557195414
2012-09-20,25.91,-0.14000000000000057,-0.13955719557195656
2012-09-21,25.16,-0.75,-0.749557195571956
2012-09-24,24.95,-0.21000000000000085,-0.20955719557195684
2012-09-25,26.89,1.9400000000000013,1.9404428044280453
2012-09-26,27.13,0.23999999999999844,0.24044280442804244
2012-09-27,26.07,-1.0599999999999987,-1.0595571955719547
2012-09-28,26.69,0.620000000000001,0.620442804428045
2012-10-01,26.59,-0.10000000000000142,-0.09955719557195743
2012-10-02,26.14,-0.4499999999999993,-0.4495571955719553
2012-10-03,25.82,-0.3200000000000003,-0.3195571955719563
2012-10-04,25.67,-0.14999999999999858,-0.14955719557195457
2012-10-05,24.93,-0.740000000000002,-0.739557195571958
2012-10-08,25.17,0.240000000000002,0.240442804428046
2012-10-09,25.39,0.21999999999999886,0.22044280442804287
2012-10-10,25.36,-0.030000000000001137,-0.029557195571957136
2012-10-11,24.41,-0.9499999999999993,-0.9495571955719553
2012-10-12,24.82,0.41000000000000014,0.41044280442804415
2012-10-15,23.54,-1.2800000000000011,-1.2795571955719571
2012-10-16,24.21,0.6700000000000017,0.6704428044280457
2012-10-17,23.76,-0.4499999999999993,-0.4495571955719553
2012-10-18,23.49,-0.2700000000000031,-0.2695571955719591
2012-10-19,23.8,0.3100000000000023,0.3104428044280463
2012-10-22,23.87,0.07000000000000028,0.07044280442804428
2012-10-23,26.33,2.4599999999999973,2.460442804428041
2012-10-24,26.68,0.3500000000000014,0.35044280442804543
2012-10-25,25.48,-1.1999999999999993,-1.1995571955719553
2012-10-26,25.1,-0.379999999999999,-0.379557195571955
2012-10-31,25.34,0.23999999999999844,0.24044280442804244
2012-11-01,23.88,-1.4600000000000009,-1.4595571955719568
2012-11-02,24.65,0.7699999999999996,0.7704428044280436
2012-11-05,25.2,0.5500000000000007,0.5504428044280447
2012-11-06,24.67,-0.5299999999999976,-0.5295571955719536
2012-11-07,24.53,-0.14000000000000057,-0.13955719557195656
2012-11-08,25.81,1.2799999999999976,1.2804428044280416
2012-11-09,26.28,0.4700000000000024,0.4704428044280464
2012-11-12,24.55,-1.7300000000000004,-1.7295571955719564
2012-11-13,26.19,1.6400000000000006,1.6404428044280446
2012-11-14,26.65,0.4599999999999973,0.4604428044280413
2012-11-15,26.81,0.16000000000000014,0.16044280442804415
2012-11-16,25.03,-1.7799999999999976,-1.7795571955719536
2012-11-19,23.42,-1.6099999999999994,-1.6095571955719554
2012-11-20,23.1,-0.3200000000000003,-0.3195571955719563
2012-11-21,22.67,-0.4299999999999997,-0.4295571955719557
2012-11-23,21.51,-1.1600000000000001,-1.1595571955719561
2012-11-26,22.24,0.7299999999999969,0.7304428044280409
2012-11-27,23.02,0.7800000000000011,0.7804428044280451
2012-11-28,23.46,0.4400000000000013,0.4404428044280453
2012-11-29,22.82,-0.6400000000000006,-0.6395571955719566
2012-11-30,23.29,0.46999999999999886,0.47044280442804287
2012-12-03,24.15,0.8599999999999994,0.8604428044280434
2012-12-04,24.12,-0.029999999999997584,-0.029557195571953583
2012-12-05,23.75,-0.370000000000001,-0.369557195571957
2012-12-06,22.95,-0.8000000000000007,-0.7995571955719567
2012-12-07,21.83,-1.120000000000001,-1.119557195571957
2012-12-10,22.04,0.21000000000000085,0.21044280442804486
2012-12-11,21.83,-0.21000000000000085,-0.20955719557195684
2012-12-12,22.36,0.5300000000000011,0.5304428044280451
2012-12-13,22.93,0.5700000000000003,0.5704428044280443
2012-12-14,22.94,0.010000000000001563,0.010442804428045563
2012-12-17,22.98,0.03999999999999915,0.04044280442804315
2012-12-18,22.09,-0.8900000000000006,-0.8895571955719566
2012-12-19,22.56,0.46999999999999886,0.47044280442804287
2012-12-20,22.48,-0.0799999999999983,-0.0795571955719543
2012-12-21,22.59,0.10999999999999943,0.11044280442804343
2012-12-24,22.59,0.0,0.000442804428044
2012-12-26,22.64,0.05000000000000071,0.05044280442804471
2012-12-27,22.98,0.33999999999999986,0.34044280442804387
2012-12-28,24.74,1.759999999999998,1.760442804428042
2012-12-31,23.67,-1.0699999999999967,-1.0695571955719527
2013-01-02,19.96,-3.710000000000001,-3.709557195571957
2013-01-03,19.92,-0.03999999999999915,-0.039557195571955146
2013-01-04,19.38,-0.5400000000000027,-0.5395571955719587
2013-01-07,19.73,0.3500000000000014,0.35044280442804543
2013-01-08,19.64,-0.08999999999999986,-0.08955719557195586
2013-01-09,19.11,-0.5300000000000011,-0.5295571955719571
2013-01-10,19.02,-0.08999999999999986,-0.08955719557195586
2013-01-11,19.32,0.3000000000000007,0.3004428044280447
2013-01-14,18.66,-0.6600000000000001,-0.6595571955719561
2013-01-15,18.43,-0.23000000000000043,-0.22955719557195642
2013-01-16,18.96,0.5300000000000011,0.5304428044280451
2013-01-17,18.62,-0.33999999999999986,-0.33955719557195585
2013-01-18,17.48,-1.1400000000000006,-1.1395571955719566
2013-01-22,17.73,0.25,0.250442804428044
2013-01-23,17.72,-0.010000000000001563,-0.009557195571957564
2013-01-24,18.39,0.6700000000000017,0.6704428044280457
2013-01-25,18.36,-0.030000000000001137,-0.029557195571957136
2013-01-28,19.62,1.2600000000000016,1.2604428044280456
2013-01-29,19.5,-0.120000000000001,-0.119557195571957
2013-01-30,20.1,0.6000000000000014,0.6004428044280454
2013-01-31,19.71,-0.39000000000000057,-0.38955719557195656
2013-02-01,18.86,-0.8500000000000014,-0.8495571955719574
2013-02-04,20.39,1.5300000000000011,1.5304428044280451
2013-02-05,19.65,-0.740000000000002,-0.739557195571958
2013-02-06,19.52,-0.129999999999999,-0.129557195571955
2013-02-07,19.67,0.15000000000000213,0.15044280442804614
2013-02-08,19.01,-0.6600000000000001,-0.6595571955719561
2013-02-11,18.3,-0.7100000000000009,-0.7095571955719568
2013-02-12,17.71,-0.5899999999999999,-0.5895571955719558
2013-02-13,17.46,-0.25,-0.249557195571956
2013-02-14,17.46,0.0,0.000442804428044
2013-02-15,16.91,-0.5500000000000007,-0.5495571955719567
2013-02-19,16.67,-0.23999999999999844,-0.23955719557195443
2013-02-20,18.14,1.4699999999999989,1.4704428044280429
2013-02-21,19.39,1.25,1.250442804428044
2013-02-22,19.31,-0.08000000000000185,-0.07955719557195785
2013-02-25,21.13,1.8200000000000003,1.8204428044280443
2013-02-26,20.36,-0.7699999999999996,-0.7695571955719556
2013-02-27,18.87,-1.4899999999999984,-1.4895571955719544
2013-02-28,18.71,-0.16000000000000014,-0.15955719557195613
2013-03-01,19.04,0.3299999999999983,0.3304428044280423
2013-03-04,19.27,0.23000000000000043,0.23044280442804443
2013-03-05,18.72,-0.5500000000000007,-0.5495571955719567
2013-03-06,18.29,-0.4299999999999997,-0.4295571955719557
2013-03-07,18.0,-0.28999999999999915,-0.28955719557195514
2013-03-08,17.45,-0.5500000000000007,-0.5495571955719567
2013-03-11,17.35,-0.09999999999999787,-0.09955719557195387
2013-03-12,17.31,-0.0400000000000027,-0.0395571955719587
2013-03-13,18.36,1.0500000000000007,1.0504428044280447
2013-03-14,18.37,0.010000000000001563,0.010442804428045563
2013-03-15,17.74,-0.6300000000000026,-0.6295571955719585
2013-03-18,19.29,1.5500000000000007,1.5504428044280447
2013-03-19,20.35,1.0600000000000023,1.0604428044280463
2013-03-20,20.14,-0.21000000000000085,-0.20955719557195684
2013-03-21,21.65,1.509999999999998,1.510442804428042
2013-03-22,21.76,0.11000000000000298,0.11044280442804698
2013-03-25,20.51,-1.25,-1.249557195571956
2013-03-26,19.28,-1.2300000000000004,-1.2295571955719564
2013-03-27,18.5,-0.7800000000000011,-0.7795571955719571
2013-03-28,18.01,-0.48999999999999844,-0.48955719557195443
2013-04-01,19.17,1.1600000000000001,1.1604428044280442
2013-04-02,19.07,-0.10000000000000142,-0.09955719557195743
2013-04-03,19.14,0.07000000000000028,0.07044280442804428
2013-04-04,19.51,0.370000000000001,0.370442804428045
2013-04-05,19.65,0.13999999999999702,0.14044280442804102
2013-04-08,19.6,-0.04999999999999716,-0.04955719557195316
2013-04-09,19.1,-0.5,-0.499557195571956
2013-04-10,19.42,0.3200000000000003,0.3204428044280443
2013-04-11,19.5,0.0799999999999983,0.08044280442804229
2013-04-12,19.73,0.23000000000000043,0.23044280442804443
2013-04-15,23.61,3.879999999999999,3.880442804428043
2013-04-16,21.54,-2.0700000000000003,-2.0695571955719565
2013-04-17,24.04,2.5,2.500442804428044
2013-04-18,24.16,0.120000000000001,0.12044280442804499
2013-04-19,22.28,-1.879999999999999,-1.879557195571955
2013-04-22,22.18,-0.10000000000000142,-0.09955719557195743
2013-04-23,21.35,-0.8299999999999983,-0.8295571955719543
2013-04-24,20.77,-0.5800000000000018,-0.5795571955719578
2013-04-25,20.37,-0.3999999999999986,-0.39955719557195457
2013-04-26,21.24,0.8699999999999974,0.8704428044280415
2013-04-29,20.41,-0.8299999999999983,-0.8295571955719543
2013-04-30,20.02,-0.39000000000000057,-0.38955719557195656
2013-05-01,20.98,0.9600000000000009,0.9604428044280449
2013-05-02,20.74,-0.240000000000002,-0.23955719557195798
2013-05-03,20.22,-0.5199999999999996,-0.5195571955719556
2013-05-06,20.09,-0.129999999999999,-0.129557195571955
2013-05-07,19.53,-0.5599999999999987,-0.5595571955719547
2013-05-08,19.6,0.07000000000000028,0.07044280442804428
2013-05-09,20.06,0.4599999999999973,0.4604428044280413
2013-05-10,20.59,0.5300000000000011,0.5304428044280451
2013-05-13,20.41,-0.17999999999999972,-0.1795571955719557
2013-05-14,20.21,-0.1999999999999993,-0.19955719557195528
2013-05-15,19.84,-0.370000000000001,-0.369557195571957
2013-05-16,19.29,-0.5500000000000007,-0.5495571955719567
2013-05-17,18.06,-1.2300000000000004,-1.2295571955719564
2013-05-20,18.42,0.360000000000003,0.360442804428047
2013-05-21,18.25,-0.1700000000000017,-0.1695571955719577
2013-05-22,19.85,1.6000000000000014,1.6004428044280454
2013-05-23,20.48,0.629999999999999,0.630442804428043
2013-05-24,20.66,0.17999999999999972,0.18044280442804372
2013-05-28,21.24,0.5799999999999983,0.5804428044280423
2013-05-29,23.77,2.530000000000001,2.530442804428045
2013-05-30,23.67,-0.09999999999999787,-0.09955719557195387
2013-05-31,26.78,3.1099999999999994,3.110442804428043
2013-06-03,26.03,-0.75,-0.749557195571956
2013-06-04,26.59,0.5599999999999987,0.5604428044280427
2013-06-05,27.95,1.3599999999999994,1.3604428044280434
2013-06-06,27.92,-0.029999999999997584,-0.029557195571953583
2013-06-07,28.48,0.5599999999999987,0.5604428044280427
2013-06-10,28.04,-0.4400000000000013,-0.43955719557195727
2013-06-11,30.75,2.710000000000001,2.7104428044280446
2013-06-12,32.59,1.8400000000000034,1.8404428044280474
2013-06-13,30.87,-1.7200000000000024,-1.7195571955719584
2013-06-14,31.35,0.4800000000000004,0.48044280442804443
2013-06-17,33.34,1.990000000000002,1.990442804428046
2013-06-18,32.67,-0.6700000000000017,-0.6695571955719577
2013-06-19,33.85,1.1799999999999997,1.1804428044280437
2013-06-20,40.35,6.5,6.500442804428044
2013-06-21,38.47,-1.8800000000000026,-1.8795571955719585
2013-06-24,40.02,1.5500000000000043,1.5504428044280483
2013-06-25,37.43,-2.5900000000000034,-2.5895571955719596
2013-06-26,35.14,-2.289999999999999,-2.2895571955719554
2013-06-27,32.9,-2.240000000000002,-2.239557195571958
2013-06-28,32.25,-0.6499999999999986,-0.6495571955719546
2013-07-01,31.52,-0.7300000000000004,-0.7295571955719564
2013-07-02,35.04,3.5199999999999996,3.5204428044280434
2013-07-03,35.36,0.3200000000000003,0.3204428044280443
2013-07-05,35.3,-0.060000000000002274,-0.05955719557195827
2013-07-08,34.69,-0.6099999999999994,-0.6095571955719554
2013-07-09,32.11,-2.5799999999999983,-2.5795571955719545
2013-07-10,32.06,-0.04999999999999716,-0.04955719557195316
2013-07-11,30.6,-1.4600000000000009,-1.4595571955719568
2013-07-12,31.43,0.8299999999999983,0.8304428044280423
2013-07-15,28.89,-2.539999999999999,-2.5395571955719554
2013-07-16,30.16,1.2699999999999996,1.2704428044280436
2013-07-17,29.79,-0.370000000000001,-0.369557195571957
2013-07-18,29.23,-0.5599999999999987,-0.5595571955719547
2013-07-19,28.91,-0.3200000000000003,-0.3195571955719563
2013-07-22,25.88,-3.030000000000001,-3.0295571955719574
2013-07-23,25.42,-0.4599999999999973,-0.4595571955719533
2013-07-24,27.42,2.0,2.000442804428044
2013-07-25,25.77,-1.6500000000000021,-1.6495571955719581
2013-07-26,26.12,0.3500000000000014,0.35044280442804543
2013-07-29,27.29,1.1699999999999982,1.1704428044280422
2013-07-30,27.58,0.28999999999999915,0.29044280442804316
2013-07-31,27.57,-0.00999999999999801,-0.009557195571954011
2013-08-01,26.54,-1.0300000000000011,-1.0295571955719571
2013-08-02,25.71,-0.8299999999999983,-0.8295571955719543
2013-08-05,26.53,0.8200000000000003,0.8204428044280443
2013-08-06,26.77,0.23999999999999844,0.24044280442804244
2013-08-07,26.95,0.17999999999999972,0.18044280442804372
2013-08-08,26.95,0.0,0.000442804428044
2013-08-09,26.27,-0.6799999999999997,-0.6795571955719557
2013-08-12,27.84,1.5700000000000003,1.5704428044280443
2013-08-13,27.6,-0.23999999999999844,-0.23955719557195443
2013-08-14,28.25,0.6499999999999986,0.6504428044280426
2013-08-15,28.74,0.48999999999999844,0.49044280442804244
2013-08-16,30.04,1.3000000000000007,1.3004428044280447
2013-08-19,31.76,1.7200000000000024,1.7204428044280464
2013-08-20,31.35,-0.41000000000000014,-0.40955719557195613
2013-08-21,31.64,0.28999999999999915,0.29044280442804316
2013-08-22,30.56,-1.0800000000000018,-1.0795571955719578
2013-08-23,29.01,-1.5499999999999972,-1.5495571955719531
2013-08-26,31.57,2.5599999999999987,2.5604428044280425
2013-08-27,32.72,1.1499999999999986,1.1504428044280426
2013-08-28,32.41,-0.3100000000000023,-0.30955719557195827
2013-08-29,32.61,0.20000000000000284,0.20044280442804685
2013-08-30,32.18,-0.4299999999999997,-0.4295571955719557
2013-09-03,31.97,-0.21000000000000085,-0.20955719557195684
2013-09-04,30.67,-1.2999999999999972,-1.2995571955719531
2013-09-05,29.26,-1.4100000000000001,-1.4095571955719561
2013-09-06,29.49,0.22999999999999687,0.23044280442804088
2013-09-09,29.53,0.0400000000000027,0.0404428044280467
2013-09-10,29.65,0.11999999999999744,0.12044280442804144
2013-09-11,28.42,-1.2299999999999969,-1.2295571955719529
2013-09-12,27.96,-0.46000000000000085,-0.45955719557195684
2013-09-13,27.57,-0.39000000000000057,-0.38955719557195656
2013-09-16,28.56,0.9899999999999984,0.9904428044280424
2013-09-17,29.47,0.9100000000000001,0.9104428044280442
2013-09-18,26.96,-2.509999999999998,-2.5095571955719542
2013-09-19,26.33,-0.6300000000000026,-0.6295571955719585
2013-09-20,27.55,1.2200000000000024,1.2204428044280464
2013-09-23,26.27,-1.2800000000000011,-1.2795571955719571
2013-09-24,25.37,-0.8999999999999986,-0.8995571955719546
2013-09-25,25.39,0.019999999999999574,0.020442804428043575
2013-09-26,25.17,-0.21999999999999886,-0.21955719557195486
2013-09-27,26.05,0.879999999999999,0.880442804428043
2013-09-30,27.66,1.6099999999999994,1.6104428044280434
2013-10-01,26.81,-0.8500000000000014,-0.8495571955719574
2013-10-02,26.46,-0.34999999999999787,-0.34955719557195386
2013-10-03,27.37,0.9100000000000001,0.9104428044280442
2013-10-04,26.92,-0.4499999999999993,-0.4495571955719553
2013-10-07,28.55,1.629999999999999,1.630442804428043
2013-10-08,29.25,0.6999999999999993,0.7004428044280433
2013-10-09,28.85,-0.3999999999999986,-0.39955719557195457
2013-10-10,27.1,-1.75,-1.749557195571956
2013-10-11,25.45,-1.6500000000000021,-1.6495571955719581
2013-10-14,25.69,0.240000000000002,0.240442804428046
2013-10-15,26.38,0.6899999999999977,0.6904428044280417
2013-10-16,24.92,-1.4599999999999973,-1.4595571955719533
2013-10-17,22.97,-1.9500000000000028,-1.9495571955719588
2013-10-18,22.09,-0.879999999999999,-0.879557195571955
2013-10-21,21.78,-0.3099999999999987,-0.3095571955719547
2013-10-22,21.45,-0.33000000000000185,-0.32955719557195784
2013-10-23,23.25,1.8000000000000007,1.8004428044280447
2013-10-24,23.98,0.7300000000000004,0.7304428044280444
2013-10-25,23.82,-0.16000000000000014,-0.15955719557195613
2013-10-28,24.03,0.21000000000000085,0.21044280442804486
2013-10-29,23.59,-0.4400000000000013,-0.43955719557195727
2013-10-30,23.65,0.05999999999999872,0.06044280442804272
2013-10-31,24.44,0.7900000000000027,0.7904428044280467
2013-11-01,25.42,0.9800000000000004,0.9804428044280444
2013-11-04,25.72,0.29999999999999716,0.30044280442804117
2013-11-05,27.59,1.870000000000001,1.870442804428045
2013-11-06,27.59,0.0,0.000442804428044
2013-11-07,28.85,1.2600000000000016,1.2604428044280456
2013-11-08,28.59,-0.26000000000000156,-0.25955719557195756
2013-11-11,28.51,-0.0799999999999983,-0.0795571955719543
2013-11-12,28.65,0.13999999999999702,0.14044280442804102
2013-11-13,27.75,-0.8999999999999986,-0.8995571955719546
2013-11-14,26.79,-0.9600000000000009,-0.9595571955719568
2013-11-15,26.78,-0.00999999999999801,-0.009557195571954011
2013-11-18,27.42,0.6400000000000006,0.6404428044280446
2013-11-19,28.01,0.5899999999999999,0.5904428044280439
2013-11-20,28.94,0.9299999999999997,0.9304428044280437
2013-11-21,29.05,0.10999999999999943,0.11044280442804343
2013-11-22,28.63,-0.4200000000000017,-0.4195571955719577
2013-11-25,29.09,0.46000000000000085,0.46044280442804486
2013-11-26,28.87,-0.21999999999999886,-0.21955719557195486
2013-11-27,28.97,0.09999999999999787,0.10044280442804186
2013-11-29,27.8,-1.1699999999999982,-1.1695571955719541
2013-12-02,28.91,1.1099999999999994,1.1104428044280434
2013-12-03,29.16,0.25,0.250442804428044
2013-12-04,28.82,-0.33999999999999986,-0.33955719557195585
2013-12-05,29.18,0.35999999999999943,0.36044280442804344
2013-12-06,27.55,-1.629999999999999,-1.629557195571955
2013-12-09,27.02,-0.5300000000000011,-0.5295571955719571
2013-12-10,26.56,-0.46000000000000085,-0.45955719557195684
2013-12-11,27.9,1.3399999999999999,1.3404428044280439
2013-12-12,27.9,0.0,0.000442804428044
2013-12-13,27.46,-0.4399999999999977,-0.4395571955719537
2013-12-16,27.24,-0.22000000000000242,-0.2195571955719584
2013-12-17,27.81,0.5700000000000003,0.5704428044280443
2013-12-18,26.06,-1.75,-1.749557195571956
2013-12-19,24.88,-1.1799999999999997,-1.1795571955719557
2013-12-20,24.59,-0.28999999999999915,-0.28955719557195514
2013-12-23,23.74,-0.8500000000000014,-0.8495571955719574
2013-12-24,23.13,-0.6099999999999994,-0.6095571955719554
2013-12-26,23.15,0.019999999999999574,0.020442804428043575
2013-12-27,22.67,-0.4799999999999969,-0.47955719557195287
2013-12-30,23.44,0.7699999999999996,0.7704428044280436
2013-12-31,23.39,-0.05000000000000071,-0.04955719557195671
2014-01-02,26.19,2.8000000000000007,2.8004428044280445
2014-01-03,25.2,-0.990000000000002,-0.989557195571958
2014-01-06,25.9,0.6999999999999993,0.7004428044280433
2014-01-07,24.48,-1.4199999999999982,-1.4195571955719541
2014-01-08,24.61,0.129999999999999,0.130442804428043
2014-01-09,25.67,1.0600000000000023,1.0604428044280463
2014-01-10,24.64,-1.0300000000000011,-1.0295571955719571
2014-01-13,24.3,-0.33999999999999986,-0.33955719557195585
2014-01-14,24.14,-0.16000000000000014,-0.15955719557195613
2014-01-15,23.78,-0.35999999999999943,-0.3595571955719554
2014-01-16,23.94,0.16000000000000014,0.16044280442804415
2014-01-17,23.0,-0.9400000000000013,-0.9395571955719573
2014-01-21,24.81,1.8099999999999987,1.8104428044280427
2014-01-22,23.86,-0.9499999999999993,-0.9495571955719553
2014-01-23,25.57,1.7100000000000009,1.7104428044280449
2014-01-24,28.28,2.710000000000001,2.7104428044280446
2014-01-27,29.68,1.3999999999999986,1.4004428044280426
2014-01-28,29.43,-0.25,-0.249557195571956
2014-01-29,30.1,0.6700000000000017,0.6704428044280457
2014-01-30,29.28,-0.8200000000000003,-0.8195571955719563
2014-01-31,30.0,0.7199999999999989,0.7204428044280429
2014-02-03,31.95,1.9499999999999993,1.9504428044280433
2014-02-04,31.29,-0.6600000000000001,-0.6595571955719561
2014-02-05,31.13,-0.16000000000000014,-0.15955719557195613
2014-02-06,30.49,-0.6400000000000006,-0.6395571955719566
2014-02-07,28.78,-1.7099999999999973,-1.7095571955719533
2014-02-10,29.76,0.9800000000000004,0.9804428044280444
2014-02-11,28.5,-1.2600000000000016,-1.2595571955719576
2014-02-12,29.8,1.3000000000000007,1.3004428044280447
2014-02-13,29.1,-0.6999999999999993,-0.6995571955719553
2014-02-14,29.53,0.4299999999999997,0.4304428044280437
2014-02-18,32.03,2.5,2.500442804428044
2014-02-19,31.66,-0.370000000000001,-0.369557195571957
2014-02-20,31.16,-0.5,-0.499557195571956
2014-02-21,30.29,-0.870000000000001,-0.869557195571957
2014-02-24,30.41,0.120000000000001,0.12044280442804499
2014-02-25,30.79,0.379999999999999,0.380442804428043
2014-02-26,30.56,-0.23000000000000043,-0.22955719557195642
2014-02-27,29.37,-1.1899999999999977,-1.1895571955719537
2014-02-28,30.25,0.879999999999999,0.880442804428043
2014-03-03,33.39,3.1400000000000006,3.1404428044280444
2014-03-04,32.1,-1.2899999999999991,-1.2895571955719551
2014-03-05,29.89,-2.210000000000001,-2.209557195571957
2014-03-06,30.05,0.16000000000000014,0.16044280442804415
2014-03-07,31.94,1.8900000000000006,1.8904428044280446
2014-03-10,33.66,1.7199999999999953,1.7204428044280393
2014-03-11,33.42,-0.23999999999999488,-0.23955719557195088
2014-03-12,31.9,-1.5200000000000031,-1.5195571955719591
2014-03-13,32.69,0.7899999999999991,0.7904428044280432
2014-03-14,33.63,0.9400000000000048,0.9404428044280488
2014-03-17,31.65,-1.980000000000004,-1.97955719557196
2014-03-18,29.67,-1.9799999999999969,-1.9795571955719529
2014-03-19,29.54,-0.13000000000000256,-0.12955719557195855
2014-03-20,28.79,-0.75,-0.749557195571956
2014-03-21,29.49,0.6999999999999993,0.7004428044280433
2014-03-24,30.1,0.610000000000003,0.610442804428047
2014-03-25,29.03,-1.0700000000000003,-1.0695571955719563
2014-03-26,28.58,-0.45000000000000284,-0.44955719557195883
2014-03-27,28.46,-0.11999999999999744,-0.11955719557195345
2014-03-28,28.16,-0.3000000000000007,-0.2995571955719567
2014-03-31,28.05,-0.10999999999999943,-0.10955719557195544
2014-04-01,26.77,-1.2800000000000011,-1.2795571955719571
2014-04-02,26.24,-0.5300000000000011,-0.5295571955719571
2014-04-03,27.09,0.8500000000000014,0.8504428044280454
2014-04-04,27.82,0.7300000000000004,0.7304428044280444
2014-04-07,28.94,1.120000000000001,1.120442804428045
2014-04-08,29.26,0.3200000000000003,0.3204428044280443
2014-04-09,29.4,0.13999999999999702,0.14044280442804102
2014-04-10,30.38,0.9800000000000004,0.9804428044280444
2014-04-11,30.35,-0.029999999999997584,-0.029557195571953583
2014-04-14,30.78,0.4299999999999997,0.4304428044280437
2014-04-15,32.19,1.4099999999999966,1.4104428044280406
2014-04-16,30.27,-1.9199999999999982,-1.9195571955719541
2014-04-17,30.43,0.16000000000000014,0.16044280442804415
2014-04-21,30.19,-0.23999999999999844,-0.23955719557195443
2014-04-22,30.1,-0.08999999999999986,-0.08955719557195586
2014-04-23,28.92,-1.1799999999999997,-1.1795571955719557
2014-04-24,27.67,-1.25,-1.249557195571956
2014-04-25,28.86,1.1899999999999977,1.1904428044280417
2014-04-28,29.25,0.39000000000000057,0.3904428044280446
2014-04-29,28.04,-1.2100000000000009,-1.2095571955719568
2014-04-30,27.17,-0.8699999999999974,-0.8695571955719534
2014-05-01,26.66,-0.5100000000000016,-0.5095571955719576
2014-05-02,25.51,-1.1499999999999986,-1.1495571955719546
2014-05-05,26.44,0.9299999999999997,0.9304428044280437
2014-05-06,26.04,-0.40000000000000213,-0.3995571955719581
2014-05-07,25.71,-0.3299999999999983,-0.3295571955719543
2014-05-08,25.35,-0.35999999999999943,-0.3595571955719554
2014-05-09,24.95,-0.40000000000000213,-0.3995571955719581
2014-05-12,23.15,-1.8000000000000007,-1.7995571955719567
2014-05-13,22.58,-0.5700000000000003,-0.5695571955719563
2014-05-14,22.73,0.15000000000000213,0.15044280442804614
2014-05-15,23.24,0.509999999999998,0.510442804428042
2014-05-16,22.82,-0.41999999999999815,-0.41955719557195414
2014-05-19,22.99,0.16999999999999815,0.17044280442804216
2014-05-20,24.64,1.6500000000000021,1.6504428044280461
2014-05-21,24.24,-0.40000000000000213,-0.3995571955719581
2014-05-22,23.47,-0.7699999999999996,-0.7695571955719556
2014-05-23,23.35,-0.11999999999999744,-0.11955719557195345
2014-05-27,24.98,1.629999999999999,1.630442804428043
2014-05-28,23.68,-1.3000000000000007,-1.2995571955719567
2014-05-29,23.65,-0.030000000000001137,-0.029557195571957136
2014-05-30,24.75,1.1000000000000014,1.1004428044280454
2014-06-02,25.81,1.0599999999999987,1.0604428044280427
2014-06-03,25.38,-0.4299999999999997,-0.4295571955719557
2014-06-04,25.41,0.030000000000001137,0.030442804428045138
2014-06-05,24.94,-0.46999999999999886,-0.46955719557195486
2014-06-06,24.26,-0.6799999999999997,-0.6795571955719557
2014-06-09,24.19,-0.07000000000000028,-0.06955719557195629
2014-06-10,24.48,0.28999999999999915,0.29044280442804316
2014-06-11,24.5,0.019999999999999574,0.020442804428043575
2014-06-12,24.9,0.3999999999999986,0.4004428044280426
2014-06-13,24.49,-0.41000000000000014,-0.40955719557195613
2014-06-16,24.83,0.33999999999999986,0.34044280442804387
2014-06-17,24.67,-0.1599999999999966,-0.15955719557195258
2014-06-18,24.87,0.1999999999999993,0.2004428044280433
2014-06-19,25.13,0.259999999999998,0.260442804428042
2014-06-20,25.04,-0.08999999999999986,-0.08955719557195586
2014-06-23,25.35,0.3100000000000023,0.3104428044280463
2014-06-24,24.35,-1.0,-0.999557195571956
2014-06-25,24.79,0.4399999999999977,0.44044280442804173
2014-06-26,24.81,0.019999999999999574,0.020442804428043575
2014-06-27,24.0,-0.8099999999999987,-0.8095571955719547
2014-06-30,24.92,0.9200000000000017,0.9204428044280457
2014-07-01,24.45,-0.4700000000000024,-0.4695571955719584
2014-07-02,24.69,0.240000000000002,0.240442804428046
2014-07-03,23.97,-0.7200000000000024,-0.7195571955719584
2014-07-07,24.52,0.5500000000000007,0.5504428044280447
2014-07-08,24.6,0.08000000000000185,0.08044280442804584
2014-07-09,24.77,0.16999999999999815,0.17044280442804216
2014-07-10,24.62,-0.14999999999999858,-0.14955719557195457
2014-07-11,23.85,-0.7699999999999996,-0.7695571955719556
2014-07-14,23.92,0.07000000000000028,0.07044280442804428
2014-07-15,23.86,-0.060000000000002274,-0.05955719557195827
2014-07-16,23.92,0.060000000000002274,0.060442804428046275
2014-07-17,25.57,1.6499999999999986,1.6504428044280426
2014-07-18,24.97,-0.6000000000000014,-0.5995571955719574
2014-07-21,25.86,0.8900000000000006,0.8904428044280446
2014-07-22,25.86,0.0,0.000442804428044
2014-07-23,25.15,-0.7100000000000009,-0.7095571955719568
2014-07-24,24.55,-0.5999999999999979,-0.5995571955719539
2014-07-25,24.62,0.07000000000000028,0.07044280442804428
2014-07-28,25.41,0.7899999999999991,0.7904428044280432
2014-07-29,25.88,0.46999999999999886,0.47044280442804287
2014-07-30,26.23,0.3500000000000014,0.35044280442804543
2014-07-31,28.17,1.9400000000000013,1.9404428044280453
2014-08-01,28.34,0.16999999999999815,0.17044280442804216
2014-08-04,28.42,0.08000000000000185,0.08044280442804584
2014-08-05,29.34,0.9199999999999982,0.9204428044280422
2014-08-06,29.1,-0.23999999999999844,-0.23955719557195443
2014-08-07,29.14,0.03999999999999915,0.04044280442804315
2014-08-08,27.51,-1.629999999999999,-1.629557195571955
2014-08-11,24.09,-3.4200000000000017,-3.419557195571958
2014-08-12,25.09,1.0,1.000442804428044
2014-08-13,26.15,1.0599999999999987,1.0604428044280427
2014-08-14,26.31,0.16000000000000014,0.16044280442804415
2014-08-15,26.85,0.5400000000000027,0.5404428044280467
2014-08-18,24.25,-2.6000000000000014,-2.5995571955719576
2014-08-19,23.41,-0.8399999999999999,-0.8395571955719558
2014-08-20,23.5,0.08999999999999986,0.09044280442804385
2014-08-21,24.29,0.7899999999999991,0.7904428044280432
2014-08-22,24.4,0.10999999999999943,0.11044280442804343
2014-08-25,25.51,1.110000000000003,1.110442804428047
2014-08-26,25.44,-0.07000000000000028,-0.06955719557195629
2014-08-27,25.05,-0.39000000000000057,-0.38955719557195656
2014-08-28,26.35,1.3000000000000007,1.3004428044280447
2014-08-29,26.68,0.3299999999999983,0.3304428044280423
2014-09-02,28.19,1.5100000000000016,1.5104428044280456
2014-09-03,28.39,0.1999999999999993,0.2004428044280433
2014-09-04,28.23,-0.16000000000000014,-0.15955719557195613
2014-09-05,28.15,-0.08000000000000185,-0.07955719557195785
2014-09-08,30.11,1.9600000000000009,1.9604428044280449
2014-09-09,32.18,2.0700000000000003,2.070442804428044
2014-09-10,32.47,0.28999999999999915,0.29044280442804316
2014-09-11,33.2,0.730000000000004,0.730442804428048
2014-09-12,34.76,1.5599999999999952,1.5604428044280392
2014-09-15,36.33,1.5700000000000003,1.5704428044280443
2014-09-16,36.15,-0.17999999999999972,-0.1795571955719557
2014-09-17,36.41,0.259999999999998,0.260442804428042
2014-09-18,36.74,0.3300000000000054,0.3304428044280494
2014-09-19,37.23,0.4899999999999949,0.4904428044280389
2014-09-22,39.24,2.010000000000005,2.010442804428049
2014-09-23,42.5,3.259999999999998,3.260442804428042
2014-09-24,40.27,-2.229999999999997,-2.229557195571953
2014-09-25,41.15,0.8799999999999955,0.8804428044280395
2014-09-26,39.71,-1.4399999999999977,-1.4395571955719537
2014-09-29,45.6,5.890000000000001,5.890442804428044
2014-09-30,44.24,-1.3599999999999994,-1.3595571955719554
2014-10-01,43.73,-0.5100000000000051,-0.5095571955719611
2014-10-02,43.49,-0.23999999999999488,-0.23955719557195088
2014-10-03,43.93,0.4399999999999977,0.44044280442804173
2014-10-06,51.03,7.100000000000001,7.100442804428045
2014-10-07,54.73,3.6999999999999957,3.7004428044280395
2014-10-08,57.61,2.8800000000000026,2.8804428044280463
2014-10-09,56.24,-1.3699999999999974,-1.3695571955719534
2014-10-10,54.42,-1.8200000000000003,-1.8195571955719563
2014-10-13,66.7,12.280000000000001,12.280442804428045
2014-10-14,66.56,-0.14000000000000057,-0.13955719557195656
2014-10-15,66.82,0.2599999999999909,0.2604428044280349
2014-10-16,68.51,1.690000000000012,1.690442804428056
2014-10-17,70.03,1.519999999999996,1.52044280442804
2014-10-20,72.83,2.799999999999997,2.800442804428041
2014-10-21,67.66,-5.170000000000002,-5.169557195571958
2014-10-22,61.17,-6.489999999999995,-6.489557195571951
2014-10-23,53.6,-7.57,-7.5695571955719565
2014-10-24,58.16,4.559999999999995,4.560442804428039
2014-10-27,31.3,-26.859999999999996,-26.859557195571952
2014-10-28,31.18,-0.120000000000001,-0.119557195571957
2014-10-29,33.2,2.020000000000003,2.020442804428047
2014-10-30,33.87,0.6699999999999946,0.6704428044280386
2014-10-31,34.22,0.3500000000000014,0.35044280442804543
2014-11-03,34.82,0.6000000000000014,0.6004428044280454
2014-11-04,35.33,0.509999999999998,0.510442804428042
2014-11-05,35.72,0.39000000000000057,0.3904428044280446
2014-11-06,36.72,1.0,1.000442804428044
2014-11-07,35.76,-0.9600000000000009,-0.9595571955719568
2014-11-10,35.07,-0.6899999999999977,-0.6895571955719537
2014-11-11,32.83,-2.240000000000002,-2.239557195571958
2014-11-12,32.95,0.12000000000000455,0.12044280442804854
2014-11-13,32.65,-0.30000000000000426,-0.29955719557196026
2014-11-14,33.88,1.230000000000004,1.230442804428048
2014-11-17,34.74,0.8599999999999994,0.8604428044280434
2014-11-18,34.41,-0.3300000000000054,-0.3295571955719614
2014-11-19,35.39,0.980000000000004,0.980442804428048
2014-11-20,35.81,0.4200000000000017,0.4204428044280457
2014-11-21,35.61,-0.20000000000000284,-0.19955719557195883
2014-11-24,36.47,0.8599999999999994,0.8604428044280434
2014-11-25,35.32,-1.1499999999999986,-1.1495571955719546
2014-11-26,35.11,-0.21000000000000085,-0.20955719557195684
2014-11-28,34.28,-0.8299999999999983,-0.8295571955719543
2014-12-01,36.11,1.8299999999999983,1.8304428044280423
2014-12-02,35.01,-1.1000000000000014,-1.0995571955719574
2014-12-03,32.45,-2.559999999999995,-2.5595571955719514
2014-12-04,32.43,-0.020000000000003126,-0.019557195571959125
2014-12-05,31.66,-0.7699999999999996,-0.7695571955719556
2014-12-08,33.26,1.5999999999999979,1.6004428044280419
2014-12-09,33.7,0.44000000000000483,0.44044280442804884
2014-12-10,34.01,0.30999999999999517,0.3104428044280392
2014-12-11,34.78,0.7700000000000031,0.7704428044280471
2014-12-12,35.38,0.6000000000000014,0.6004428044280454
2014-12-15,39.94,4.559999999999995,4.560442804428039
2014-12-16,41.27,1.3300000000000054,1.3304428044280494
2014-12-17,39.46,-1.8100000000000023,-1.8095571955719583
2014-12-18,37.34,-2.1199999999999974,-2.1195571955719537
2014-12-19,34.79,-2.5500000000000043,-2.5495571955719605
2014-12-22,33.9,-0.8900000000000006,-0.8895571955719566
2014-12-23,33.25,-0.6499999999999986,-0.6495571955719546
2014-12-24,32.7,-0.5499999999999972,-0.5495571955719531
2014-12-26,32.93,0.22999999999999687,0.23044280442804088
2014-12-29,34.27,1.3400000000000034,1.3404428044280474
2014-12-30,32.96,-1.3100000000000023,-1.3095571955719583
2014-12-31,34.21,1.25,1.250442804428044
2015-01-02,34.57,0.35999999999999943,0.36044280442804344
2015-01-05,37.12,2.549999999999997,2.550442804428041
2015-01-06,36.45,-0.6699999999999946,-0.6695571955719506
2015-01-07,35.0,-1.4500000000000028,-1.4495571955719588
2015-01-08,34.32,-0.6799999999999997,-0.6795571955719557
2015-01-09,33.85,-0.46999999999999886,-0.46955719557195486
2015-01-12,34.84,0.990000000000002,0.990442804428046
2015-01-13,33.99,-0.8500000000000014,-0.8495571955719574
2015-01-14,35.81,1.8200000000000003,1.8204428044280443
2015-01-15,35.1,-0.7100000000000009,-0.7095571955719568
2015-01-16,34.16,-0.9400000000000048,-0.9395571955719608
2015-01-20,34.94,0.7800000000000011,0.7804428044280451
2015-01-21,33.42,-1.519999999999996,-1.519557195571952
2015-01-22,32.04,-1.3800000000000026,-1.3795571955719585
2015-01-23,32.67,0.6300000000000026,0.6304428044280466
2015-01-26,33.0,0.3299999999999983,0.3304428044280423
2015-01-27,32.91,-0.09000000000000341,-0.08955719557195942
2015-01-28,34.68,1.7700000000000031,1.7704428044280471
2015-01-29,34.71,0.030000000000001137,0.030442804428045138
2015-01-30,37.75,3.039999999999999,3.040442804428043
2015-02-02,37.71,-0.03999999999999915,-0.039557195571955146
2015-02-03,35.74,-1.9699999999999989,-1.9695571955719549
2015-02-04,36.3,0.5599999999999952,0.5604428044280392
2015-02-05,35.61,-0.6899999999999977,-0.6895571955719537
2015-02-06,36.96,1.3500000000000014,1.3504428044280454
2015-02-09,38.05,1.0899999999999963,1.0904428044280403
2015-02-10,39.1,1.0500000000000043,1.0504428044280483
2015-02-11,40.44,1.3399999999999963,1.3404428044280403
2015-02-12,38.43,-2.009999999999998,-2.0095571955719542
2015-02-13,36.97,-1.4600000000000009,-1.4595571955719568
2015-02-17,37.44,0.46999999999999886,0.47044280442804287
2015-02-18,37.78,0.3400000000000034,0.3404428044280474
2015-02-19,36.02,-1.759999999999998,-1.759557195571954
2015-02-20,34.56,-1.4600000000000009,-1.4595571955719568
2015-02-23,34.54,-0.020000000000003126,-0.019557195571959125
2015-02-24,33.52,-1.019999999999996,-1.019557195571952
2015-02-25,33.69,0.1699999999999946,0.1704428044280386
2015-02-26,33.61,-0.0799999999999983,-0.0795571955719543
2015-02-27,32.7,-0.9099999999999966,-0.9095571955719526
2015-03-02,34.32,1.6199999999999974,1.6204428044280415
2015-03-03,34.15,-0.1700000000000017,-0.1695571955719577
2015-03-04,35.42,1.2700000000000031,1.2704428044280471
2015-03-05,35.04,-0.38000000000000256,-0.37955719557195855
2015-03-06,36.19,1.1499999999999986,1.1504428044280426
2015-03-09,38.13,1.9400000000000048,1.9404428044280488
2015-03-10,39.09,0.9600000000000009,0.9604428044280449
2015-03-11,38.28,-0.8100000000000023,-0.8095571955719583
2015-03-12,37.59,-0.6899999999999977,-0.6895571955719537
2015-03-13,40.17,2.5799999999999983,2.580442804428042
2015-03-16,40.3,0.12999999999999545,0.13044280442803946
2015-03-17,39.41,-0.8900000000000006,-0.8895571955719566
2015-03-18,38.89,-0.519999999999996,-0.519557195571952
2015-03-19,38.84,-0.04999999999999716,-0.04955719557195316
2015-03-20,37.08,-1.7600000000000051,-1.759557195571961
2015-03-23,37.1,0.020000000000003126,0.020442804428047127
2015-03-24,37.23,0.12999999999999545,0.13044280442803946
2015-03-25,38.51,1.2800000000000011,1.2804428044280451
2015-03-26,38.52,0.010000000000005116,0.010442804428049115
2015-03-27,36.93,-1.5900000000000034,-1.5895571955719594
2015-03-30,36.16,-0.7700000000000031,-0.7695571955719591
2015-03-31,35.0,-1.1599999999999966,-1.1595571955719526
2015-04-01,35.92,0.9200000000000017,0.9204428044280457
2015-04-02,35.79,-0.13000000000000256,-0.12955719557195855
2015-04-06,36.33,0.5399999999999991,0.5404428044280432
2015-04-07,35.59,-0.7399999999999949,-0.7395571955719509
2015-04-08,34.37,-1.220000000000006,-1.219557195571962
2015-04-09,34.58,0.21000000000000085,0.21044280442804486
2015-04-10,34.45,-0.12999999999999545,-0.12955719557195144
2015-04-13,34.85,0.3999999999999986,0.4004428044280426
2015-04-14,34.52,-0.3299999999999983,-0.3295571955719543
2015-04-15,33.85,-0.6700000000000017,-0.6695571955719577
2015-04-16,33.57,-0.28000000000000114,-0.27955719557195713
2015-04-17,34.02,0.45000000000000284,0.45044280442804685
2015-04-20,34.16,0.13999999999999346,0.14044280442803747
2015-04-21,33.8,-0.35999999999999943,-0.3595571955719554
2015-04-22,32.8,-1.0,-0.999557195571956
2015-04-23,31.76,-1.0399999999999956,-1.0395571955719516
2015-04-24,31.42,-0.33999999999999986,-0.33955719557195585
2015-04-27,32.17,0.75,0.750442804428044
2015-04-28,32.09,-0.0799999999999983,-0.0795571955719543
2015-04-29,32.63,0.5399999999999991,0.5404428044280432
2015-04-30,32.87,0.23999999999999488,0.2404428044280389
2015-05-01,32.24,-0.6299999999999955,-0.6295571955719514
2015-05-04,32.72,0.4799999999999969,0.4804428044280409
2015-05-05,32.53,-0.18999999999999773,-0.18955719557195372
2015-05-06,32.73,0.19999999999999574,0.20044280442803974
2015-05-07,32.67,-0.05999999999999517,-0.05955719557195117
2015-05-08,30.49,-2.1800000000000033,-2.1795571955719595
2015-05-11,30.61,0.120000000000001,0.12044280442804499
2015-05-12,30.76,0.15000000000000213,0.15044280442804614
2015-05-13,29.63,-1.1300000000000026,-1.1295571955719585
2015-05-14,29.5,-0.129999999999999,-0.129557195571955
2015-05-15,28.84,-0.6600000000000001,-0.6595571955719561
2015-05-18,29.41,0.5700000000000003,0.5704428044280443
2015-05-19,29.76,0.3500000000000014,0.35044280442804543
2015-05-20,29.37,-0.39000000000000057,-0.38955719557195656
2015-05-21,29.08,-0.2900000000000027,-0.2895571955719587
2015-05-22,28.99,-0.08999999999999986,-0.08955719557195586
2015-05-26,31.56,2.5700000000000003,2.570442804428044
2015-05-27,31.56,0.0,0.000442804428044
2015-05-28,31.94,0.38000000000000256,0.38044280442804657
2015-05-29,32.07,0.129999999999999,0.130442804428043
2015-06-01,32.52,0.45000000000000284,0.45044280442804685
2015-06-02,31.66,-0.860000000000003,-0.859557195571959
2015-06-03,31.32,-0.33999999999999986,-0.33955719557195585
2015-06-04,31.56,0.23999999999999844,0.24044280442804244
2015-06-05,31.62,0.060000000000002274,0.060442804428046275
2015-06-08,31.65,0.029999999999997584,0.030442804428041585
2015-06-09,31.34,-0.3099999999999987,-0.3095571955719547
2015-06-10,30.29,-1.0500000000000007,-1.0495571955719567
2015-06-11,30.63,0.33999999999999986,0.34044280442804387
2015-06-12,31.28,0.6500000000000021,0.6504428044280461
2015-06-15,32.01,0.7299999999999969,0.7304428044280409
2015-06-16,31.32,-0.6899999999999977,-0.6895571955719537
2015-06-17,30.33,-0.990000000000002,-0.989557195571958
2015-06-18,30.01,-0.31999999999999673,-0.3195571955719527
2015-06-19,29.77,-0.240000000000002,-0.23955719557195798
2015-06-22,29.17,-0.5999999999999979,-0.5995571955719539
2015-06-23,28.15,-1.0200000000000031,-1.0195571955719591
2015-06-24,27.63,-0.5199999999999996,-0.5195571955719556
2015-06-25,29.14,1.5100000000000016,1.5104428044280456
2015-06-26,29.22,0.0799999999999983,0.08044280442804229
2015-06-29,30.83,1.6099999999999994,1.6104428044280434
2015-06-30,30.3,-0.5299999999999976,-0.5295571955719536
2015-07-01,29.62,-0.6799999999999997,-0.6795571955719557
2015-07-02,29.35,-0.2699999999999996,-0.26955719557195557
2015-07-06,31.27,1.9199999999999982,1.9204428044280422
2015-07-07,31.68,0.41000000000000014,0.41044280442804415
