Date,Values,Delta Calculations,Delta - Mean(0.000359778597786)
2011-03-16,35.84, , 
2011-03-17,31.77,-4.070000000000004,-4.07035977859779
2011-03-18,29.31,-2.460000000000001,-2.4603597785977867
2011-03-21,25.95,-3.3599999999999994,-3.3603597785977852
2011-03-22,24.52,-1.4299999999999997,-1.4303597785977857
2011-03-23,24.03,-0.48999999999999844,-0.49035977859778446
2011-03-24,22.92,-1.1099999999999994,-1.1103597785977855
2011-03-25,22.99,0.06999999999999673,0.06964022140221073
2011-03-28,23.52,0.5300000000000011,0.5296402214022151
2011-03-29,23.8,0.28000000000000114,0.2796402214022151
2011-03-30,23.03,-0.7699999999999996,-0.7703597785977856
2011-03-31,23.04,0.00999999999999801,0.009640221402212011
2011-04-01,22.44,-0.5999999999999979,-0.6003597785977839
2011-04-04,22.4,-0.0400000000000027,-0.0403597785977887
2011-04-05,22.52,0.120000000000001,0.11964022140221499
2011-04-06,22.94,0.4200000000000017,0.4196402214022157
2011-04-07,23.2,0.259999999999998,0.259640221402212
2011-04-08,23.56,0.35999999999999943,0.3596402214022134
2011-04-11,21.29,-2.2699999999999996,-2.2703597785977854
2011-04-12,22.48,1.1900000000000013,1.1896402214022153
2011-04-13,21.71,-0.7699999999999996,-0.7703597785977856
2011-04-14,21.76,0.05000000000000071,0.04964022140221471
2011-04-15,20.09,-1.6700000000000017,-1.6703597785977877
2011-04-18,22.17,2.080000000000002,2.079640221402216
2011-04-19,20.97,-1.2000000000000028,-1.2003597785977889
2011-04-20,20.79,-0.17999999999999972,-0.1803597785977857
2011-04-21,20.58,-0.21000000000000085,-0.21035977859778685
2011-04-25,22.48,1.9000000000000021,1.8996402214022161
2011-04-26,22.2,-0.28000000000000114,-0.28035977859778716
2011-04-27,22.4,0.1999999999999993,0.1996402214022133
2011-04-28,22.14,-0.259999999999998,-0.26035977859778403
2011-04-29,22.05,-0.08999999999999986,-0.09035977859778586
2011-05-02,23.33,1.2799999999999976,1.2796402214022116
2011-05-03,24.95,1.620000000000001,1.619640221402215
2011-05-04,25.53,0.5800000000000018,0.5796402214022158
2011-05-05,23.67,-1.8599999999999994,-1.8603597785977855
2011-05-06,23.92,0.25,0.249640221402214
2011-05-09,22.98,-0.9400000000000013,-0.9403597785977873
2011-05-10,23.0,0.019999999999999574,0.019640221402213574
2011-05-11,23.05,0.05000000000000071,0.04964022140221471
2011-05-12,21.97,-1.0800000000000018,-1.0803597785977879
2011-05-13,23.2,1.2300000000000004,1.2296402214022144
2011-05-16,23.46,0.26000000000000156,0.25964022140221554
2011-05-17,23.02,-0.4400000000000013,-0.4403597785977873
2011-05-18,21.94,-1.0799999999999983,-1.0803597785977843
2011-05-19,21.76,-0.17999999999999972,-0.1803597785977857
2011-05-20,21.24,-0.5200000000000031,-0.5203597785977891
2011-05-23,23.53,2.2900000000000027,2.289640221402217
2011-05-24,22.92,-0.6099999999999994,-0.6103597785977855
2011-05-25,21.81,-1.110000000000003,-1.110359778597789
2011-05-26,20.96,-0.8499999999999979,-0.8503597785977839
2011-05-27,20.92,-0.03999999999999915,-0.04035977859778515
2011-05-31,21.79,0.8699999999999974,0.8696402214022114
2011-06-01,23.58,1.7899999999999991,1.7896402214022131
2011-06-02,23.84,0.26000000000000156,0.25964022140221554
2011-06-03,23.69,-0.14999999999999858,-0.15035977859778457
2011-06-06,24.64,0.9499999999999993,0.9496402214022133
2011-06-07,24.04,-0.6000000000000014,-0.6003597785977874
2011-06-08,24.94,0.9000000000000021,0.8996402214022161
2011-06-09,24.25,-0.6900000000000013,-0.6903597785977873
2011-06-10,25.87,1.620000000000001,1.619640221402215
2011-06-13,25.84,-0.030000000000001137,-0.030359778597787136
2011-06-14,24.97,-0.870000000000001,-0.870359778597787
2011-06-15,26.54,1.5700000000000003,1.5696402214022143
2011-06-16,28.44,1.9000000000000021,1.8996402214022161
2011-06-17,28.6,0.16000000000000014,0.15964022140221415
2011-06-20,26.89,-1.7100000000000009,-1.7103597785977869
2011-06-21,24.79,-2.1000000000000014,-2.100359778597787
2011-06-22,24.81,0.019999999999999574,0.019640221402213574
2011-06-23,24.64,-0.16999999999999815,-0.17035977859778415
2011-06-24,25.63,0.9899999999999984,0.9896402214022124
2011-06-27,26.1,0.4700000000000024,0.4696402214022164
2011-06-28,25.15,-0.9500000000000028,-0.9503597785977889
2011-06-29,23.69,-1.4599999999999973,-1.4603597785977833
2011-06-30,22.55,-1.1400000000000006,-1.1403597785977866
2011-07-01,22.12,-0.4299999999999997,-0.43035977859778574
2011-07-05,22.5,0.379999999999999,0.379640221402213
2011-07-06,23.02,0.5199999999999996,0.5196402214022136
2011-07-07,22.8,-0.21999999999999886,-0.22035977859778486
2011-07-08,24.25,1.4499999999999993,1.4496402214022133
2011-07-11,26.87,2.620000000000001,2.619640221402215
2011-07-12,26.87,0.0,-0.000359778597786
2011-07-13,25.99,-0.8800000000000026,-0.8803597785977886
2011-07-14,26.11,0.120000000000001,0.11964022140221499
2011-07-15,25.32,-0.7899999999999991,-0.7903597785977852
2011-07-18,25.92,0.6000000000000014,0.5996402214022154
2011-07-19,24.03,-1.8900000000000006,-1.8903597785977866
2011-07-20,23.76,-0.2699999999999996,-0.2703597785977856
2011-07-21,23.68,-0.08000000000000185,-0.08035977859778785
2011-07-22,22.8,-0.879999999999999,-0.880359778597785
2011-07-25,24.29,1.4899999999999984,1.4896402214022124
2011-07-26,24.15,-0.14000000000000057,-0.14035977859778656
2011-07-27,26.31,2.16,2.1596402214022143
2011-07-28,26.17,-0.13999999999999702,-0.140359778597783
2011-07-29,27.1,0.9299999999999997,0.9296402214022137
2011-08-01,26.41,-0.6900000000000013,-0.6903597785977873
2011-08-02,27.53,1.120000000000001,1.119640221402215
2011-08-03,27.2,-0.33000000000000185,-0.33035977859778787
2011-08-04,34.62,7.419999999999998,7.419640221402212
2011-08-05,39.88,5.260000000000005,5.259640221402219
2011-08-08,50.12,10.239999999999995,10.239640221402208
2011-08-09,45.38,-4.739999999999995,-4.740359778597781
2011-08-10,55.44,10.059999999999995,10.059640221402208
2011-08-11,46.07,-9.369999999999997,-9.370359778597784
2011-08-12,43.25,-2.8200000000000003,-2.820359778597786
2011-08-15,37.06,-6.189999999999998,-6.1903597785977835
2011-08-16,36.39,-0.6700000000000017,-0.6703597785977877
2011-08-17,33.54,-2.8500000000000014,-2.850359778597787
2011-08-18,42.28,8.740000000000002,8.739640221402215
2011-08-19,46.0,3.719999999999999,3.719640221402213
2011-08-22,44.42,-1.5799999999999983,-1.5803597785977843
2011-08-23,38.71,-5.710000000000001,-5.710359778597787
2011-08-24,40.08,1.3699999999999974,1.3696402214022114
2011-08-25,46.02,5.940000000000005,5.939640221402219
2011-08-26,41.92,-4.100000000000001,-4.100359778597787
2011-08-29,37.73,-4.190000000000005,-4.190359778597791
2011-08-30,37.89,0.1600000000000037,0.1596402214022177
2011-08-31,34.92,-2.969999999999999,-2.9703597785977847
2011-09-01,36.09,1.1700000000000017,1.1696402214022157
2011-09-02,38.0,1.9099999999999966,1.9096402214022106
2011-09-06,42.07,4.07,4.0696402214022145
2011-09-07,38.37,-3.700000000000003,-3.7003597785977886
2011-09-08,40.29,1.9200000000000017,1.9196402214022157
2011-09-09,45.07,4.780000000000001,4.779640221402215
2011-09-12,48.79,3.719999999999999,3.719640221402213
2011-09-13,44.48,-4.310000000000002,-4.310359778597788
2011-09-14,42.95,-1.529999999999994,-1.53035977859778
2011-09-15,39.61,-3.3400000000000034,-3.340359778597789
2011-09-16,37.06,-2.549999999999997,-2.550359778597783
2011-09-19,42.15,5.089999999999996,5.0896402214022105
2011-09-20,40.77,-1.3799999999999955,-1.3803597785977815
2011-09-21,45.34,4.57,4.5696402214022145
2011-09-22,56.57,11.229999999999997,11.22964022140221
2011-09-23,54.65,-1.9200000000000017,-1.9203597785977877
2011-09-26,53.21,-1.4399999999999977,-1.4403597785977837
2011-09-27,50.19,-3.020000000000003,-3.020359778597789
2011-09-28,55.1,4.910000000000004,4.909640221402218
2011-09-29,53.53,-1.5700000000000003,-1.5703597785977863
2011-09-30,60.25,6.719999999999999,6.719640221402213
2011-10-03,63.42,3.1700000000000017,3.169640221402216
2011-10-04,62.34,-1.0799999999999983,-1.0803597785977843
2011-10-05,56.25,-6.090000000000003,-6.090359778597789
2011-10-06,50.45,-5.799999999999997,-5.800359778597783
2011-10-07,52.1,1.6499999999999986,1.6496402214022126
2011-10-10,46.31,-5.789999999999999,-5.790359778597785
2011-10-11,46.12,-0.19000000000000483,-0.19035977859779082
2011-10-12,41.25,-4.869999999999997,-4.870359778597783
2011-10-13,40.39,-0.8599999999999994,-0.8603597785977855
2011-10-14,40.35,-0.03999999999999915,-0.04035977859778515
2011-10-17,43.66,3.309999999999995,3.3096402214022094
2011-10-18,42.02,-1.6399999999999935,-1.6403597785977795
2011-10-19,44.83,2.809999999999995,2.8096402214022094
2011-10-20,45.93,1.1000000000000014,1.0996402214022154
2011-10-21,43.68,-2.25,-2.250359778597786
2011-10-24,42.16,-1.5200000000000031,-1.5203597785977891
2011-10-25,45.56,3.4000000000000057,3.39964022140222
2011-10-26,45.17,-0.39000000000000057,-0.3903597785977866
2011-10-27,39.98,-5.190000000000005,-5.190359778597791
2011-10-28,38.39,-1.5899999999999963,-1.5903597785977823
2011-10-31,42.85,4.460000000000001,4.459640221402215
2011-11-01,47.97,5.119999999999997,5.119640221402212
2011-11-02,44.62,-3.3500000000000014,-3.350359778597787
2011-11-03,42.98,-1.6400000000000006,-1.6403597785977866
2011-11-04,43.29,0.3100000000000023,0.30964022140221625
2011-11-07,42.07,-1.2199999999999989,-1.2203597785977849
2011-11-08,40.01,-2.0600000000000023,-2.060359778597788
2011-11-09,47.34,7.330000000000005,7.32964022140222
2011-11-10,44.98,-2.3600000000000065,-2.3603597785977923
2011-11-11,42.8,-2.1799999999999997,-2.1803597785977855
2011-11-14,42.78,-0.01999999999999602,-0.02035977859778202
2011-11-15,42.06,-0.7199999999999989,-0.7203597785977849
2011-11-16,47.33,5.269999999999996,5.26964022140221
2011-11-17,48.99,1.6600000000000037,1.6596402214022177
2011-11-18,46.4,-2.5900000000000034,-2.590359778597789
2011-11-21,48.58,2.1799999999999997,2.179640221402214
2011-11-22,44.97,-3.6099999999999994,-3.6103597785977852
2011-11-23,49.7,4.730000000000004,4.729640221402218
2011-11-25,50.45,0.75,0.749640221402214
2011-11-28,45.59,-4.859999999999999,-4.860359778597785
2011-11-29,42.03,-3.5600000000000023,-3.560359778597788
2011-11-30,37.58,-4.450000000000003,-4.450359778597789
2011-12-01,37.61,0.030000000000001137,0.029640221402215138
2011-12-02,38.44,0.8299999999999983,0.8296402214022123
2011-12-05,38.26,-0.17999999999999972,-0.1803597785977857
2011-12-06,38.97,0.7100000000000009,0.7096402214022148
2011-12-07,38.65,-0.3200000000000003,-0.3203597785977863
2011-12-08,42.4,3.75,3.749640221402214
2011-12-09,39.18,-3.219999999999999,-3.2203597785977847
2011-12-12,39.02,-0.1599999999999966,-0.16035977859778258
2011-12-13,36.45,-2.5700000000000003,-2.570359778597786
2011-12-14,37.66,1.2099999999999937,1.2096402214022077
2011-12-15,35.69,-1.9699999999999989,-1.9703597785977849
2011-12-16,34.23,-1.4600000000000009,-1.4603597785977869
2011-12-19,36.53,2.3000000000000043,2.2996402214022185
2011-12-20,32.06,-4.469999999999999,-4.470359778597785
2011-12-21,31.54,-0.5200000000000031,-0.5203597785977891
2011-12-22,30.39,-1.1499999999999986,-1.1503597785977846
2011-12-23,30.18,-0.21000000000000085,-0.21035977859778685
2011-12-27,31.61,1.4299999999999997,1.4296402214022137
2011-12-28,33.05,1.4399999999999977,1.4396402214022117
2011-12-29,32.33,-0.7199999999999989,-0.7203597785977849
2011-12-30,33.23,0.8999999999999986,0.8996402214022126
2012-01-03,32.75,-0.4799999999999969,-0.4803597785977829
2012-01-04,32.03,-0.7199999999999989,-0.7203597785977849
2012-01-05,30.34,-1.6900000000000013,-1.6903597785977873
2012-01-06,30.85,0.5100000000000016,0.5096402214022155
2012-01-09,30.19,-0.6600000000000001,-0.6603597785977862
2012-01-10,28.89,-1.3000000000000007,-1.3003597785977867
2012-01-11,29.06,0.16999999999999815,0.16964022140221216
2012-01-12,28.46,-0.5999999999999979,-0.6003597785977839
2012-01-13,29.54,1.0799999999999983,1.0796402214022123
2012-01-17,28.67,-0.8699999999999974,-0.8703597785977835
2012-01-18,27.96,-0.7100000000000009,-0.7103597785977869
2012-01-19,28.88,0.9199999999999982,0.9196402214022121
2012-01-20,27.95,-0.9299999999999997,-0.9303597785977857
2012-01-23,27.68,-0.2699999999999996,-0.2703597785977856
2012-01-24,27.67,-0.00999999999999801,-0.01035977859778401
2012-01-25,27.35,-0.3200000000000003,-0.3203597785977863
2012-01-26,27.91,0.5599999999999987,0.5596402214022127
2012-01-27,27.39,-0.5199999999999996,-0.5203597785977856
2012-01-30,29.76,2.370000000000001,2.369640221402215
2012-01-31,28.8,-0.9600000000000009,-0.9603597785977869
2012-02-01,27.95,-0.8500000000000014,-0.8503597785977874
2012-02-02,27.86,-0.08999999999999986,-0.09035977859778586
2012-02-03,27.58,-0.28000000000000114,-0.28035977859778716
2012-02-06,29.38,1.8000000000000007,1.7996402214022147
2012-02-07,29.89,0.5100000000000016,0.5096402214022155
2012-02-08,29.46,-0.4299999999999997,-0.43035977859778574
2012-02-09,28.67,-0.7899999999999991,-0.7903597785977852
2012-02-10,31.73,3.0599999999999987,3.059640221402213
2012-02-13,30.47,-1.2600000000000016,-1.2603597785977876
2012-02-14,30.19,-0.2799999999999976,-0.2803597785977836
2012-02-15,30.51,0.3200000000000003,0.31964022140221426
2012-02-16,29.41,-1.1000000000000014,-1.1003597785977874
2012-02-17,28.59,-0.8200000000000003,-0.8203597785977863
2012-02-21,29.05,0.46000000000000085,0.45964022140221483
2012-02-22,27.23,-1.8200000000000003,-1.8203597785977863
2012-02-23,26.65,-0.5800000000000018,-0.5803597785977879
2012-02-24,25.63,-1.0199999999999996,-1.0203597785977856
2012-02-27,27.25,1.620000000000001,1.619640221402215
2012-02-28,26.59,-0.6600000000000001,-0.6603597785977862
2012-02-29,26.64,0.05000000000000071,0.04964022140221471
2012-03-01,26.41,-0.23000000000000043,-0.23035977859778642
2012-03-02,26.19,-0.21999999999999886,-0.22035977859778486
2012-03-05,27.98,1.7899999999999991,1.7896402214022131
2012-03-06,30.76,2.780000000000001,2.7796402214022153
2012-03-07,29.74,-1.0200000000000031,-1.0203597785977891
2012-03-08,28.38,-1.3599999999999994,-1.3603597785977855
2012-03-09,28.42,0.0400000000000027,0.0396402214022167
2012-03-12,27.12,-1.3000000000000007,-1.3003597785977867
2012-03-13,26.16,-0.9600000000000009,-0.9603597785977869
2012-03-14,28.6,2.4400000000000013,2.4396402214022155
2012-03-15,26.5,-2.1000000000000014,-2.100359778597787
2012-03-16,25.15,-1.3500000000000014,-1.3503597785977874
2012-03-19,26.18,1.0300000000000011,1.0296402214022151
2012-03-20,27.29,1.1099999999999994,1.1096402214022134
2012-03-21,26.53,-0.759999999999998,-0.760359778597784
2012-03-22,28.52,1.9899999999999984,1.9896402214022124
2012-03-23,27.42,-1.0999999999999979,-1.1003597785977839
2012-03-26,27.75,0.3299999999999983,0.3296402214022123
2012-03-27,27.46,-0.28999999999999915,-0.29035977859778517
2012-03-28,27.19,-0.2699999999999996,-0.2703597785977856
2012-03-29,27.91,0.7199999999999989,0.7196402214022128
2012-03-30,25.9,-2.0100000000000016,-2.0103597785977874
2012-04-02,25.42,-0.4799999999999969,-0.4803597785977829
2012-04-03,25.13,-0.2900000000000027,-0.2903597785977887
2012-04-04,26.25,1.120000000000001,1.119640221402215
2012-04-05,25.68,-0.5700000000000003,-0.5703597785977863
2012-04-09,28.13,2.4499999999999993,2.4496402214022135
2012-04-10,29.7,1.5700000000000003,1.5696402214022143
2012-04-11,28.85,-0.8499999999999979,-0.8503597785977839
2012-04-12,28.2,-0.6500000000000021,-0.6503597785977882
2012-04-13,29.07,0.870000000000001,0.869640221402215
2012-04-16,29.01,-0.05999999999999872,-0.06035977859778472
2012-04-17,27.38,-1.6300000000000026,-1.6303597785977886
2012-04-18,27.11,-0.2699999999999996,-0.2703597785977856
2012-04-19,26.69,-0.41999999999999815,-0.4203597785977842
2012-04-20,25.64,-1.0500000000000007,-1.0503597785977867
2012-04-23,27.55,1.9100000000000001,1.9096402214022141
2012-04-24,27.28,-0.2699999999999996,-0.2703597785977856
2012-04-25,25.67,-1.6099999999999994,-1.6103597785977855
2012-04-26,24.86,-0.8100000000000023,-0.8103597785977883
2012-04-27,24.4,-0.46000000000000085,-0.4603597785977869
2012-04-30,25.5,1.1000000000000014,1.0996402214022154
2012-05-01,25.81,0.3099999999999987,0.3096402214022127
2012-05-02,25.09,-0.7199999999999989,-0.7203597785977849
2012-05-03,25.22,0.129999999999999,0.129640221402213
2012-05-04,26.11,0.8900000000000006,0.8896402214022145
2012-05-07,26.71,0.6000000000000014,0.5996402214022154
2012-05-08,27.06,0.34999999999999787,0.34964022140221185
2012-05-09,28.8,1.740000000000002,1.739640221402216
2012-05-10,28.69,-0.10999999999999943,-0.11035977859778544
2012-05-11,29.23,0.5399999999999991,0.5396402214022131
2012-05-14,32.32,3.09,3.089640221402214
2012-05-15,33.31,0.990000000000002,0.989640221402216
2012-05-16,34.72,1.4099999999999966,1.4096402214022106
2012-05-17,36.61,1.8900000000000006,1.8896402214022145
2012-05-18,36.94,0.3299999999999983,0.3296402214022123
2012-05-21,34.28,-2.6599999999999966,-2.6603597785977824
2012-05-22,34.95,0.6700000000000017,0.6696402214022157
2012-05-23,34.68,-0.2700000000000031,-0.27035977859778915
2012-05-24,34.93,0.25,0.249640221402214
2012-05-25,34.58,-0.3500000000000014,-0.35035977859778744
2012-05-29,33.38,-1.1999999999999957,-1.2003597785977818
2012-05-30,34.76,1.3799999999999955,1.3796402214022094
2012-05-31,34.1,-0.6599999999999966,-0.6603597785977826
2012-06-01,37.4,3.299999999999997,3.2996402214022114
2012-06-04,38.57,1.1700000000000017,1.1696402214022157
2012-06-05,36.13,-2.4399999999999977,-2.4403597785977835
2012-06-06,34.33,-1.8000000000000043,-1.8003597785977903
2012-06-07,33.65,-0.6799999999999997,-0.6803597785977857
2012-06-08,34.15,0.5,0.499640221402214
2012-06-11,34.72,0.5700000000000003,0.5696402214022143
2012-06-12,33.18,-1.5399999999999991,-1.5403597785977852
2012-06-13,34.69,1.509999999999998,1.509640221402212
2012-06-14,35.4,0.7100000000000009,0.7096402214022148
2012-06-15,31.73,-3.669999999999998,-3.670359778597784
2012-06-18,30.8,-0.9299999999999997,-0.9303597785977857
2012-06-19,29.09,-1.7100000000000009,-1.7103597785977869
2012-06-20,27.42,-1.6699999999999982,-1.6703597785977842
2012-06-21,28.87,1.4499999999999993,1.4496402214022133
2012-06-22,27.72,-1.1500000000000021,-1.1503597785977882
2012-06-25,30.75,3.030000000000001,3.0296402214022153
2012-06-26,29.34,-1.4100000000000001,-1.4103597785977862
2012-06-27,28.49,-0.8500000000000014,-0.8503597785977874
2012-06-28,28.37,-0.11999999999999744,-0.12035977859778345
2012-06-29,26.22,-2.150000000000002,-2.150359778597788
2012-07-02,26.98,0.7600000000000016,0.7596402214022155
2012-07-03,26.1,-0.879999999999999,-0.880359778597785
2012-07-05,25.48,-0.620000000000001,-0.620359778597787
2012-07-06,26.09,0.6099999999999994,0.6096402214022134
2012-07-09,27.33,1.2399999999999984,1.2396402214022124
2012-07-10,28.88,1.5500000000000007,1.5496402214022147
2012-07-11,27.55,-1.3299999999999983,-1.3303597785977843
2012-07-12,29.23,1.6799999999999997,1.6796402214022137
2012-07-13,26.99,-2.240000000000002,-2.240359778597788
2012-07-16,26.73,-0.259999999999998,-0.26035977859778403
2012-07-17,25.76,-0.9699999999999989,-0.9703597785977849
2012-07-18,26.04,0.2799999999999976,0.27964022140221156
2012-07-19,25.93,-0.10999999999999943,-0.11035977859778544
2012-07-20,26.49,0.5599999999999987,0.5596402214022127
2012-07-23,29.57,3.080000000000002,3.079640221402216
2012-07-24,30.44,0.870000000000001,0.869640221402215
2012-07-25,29.71,-0.7300000000000004,-0.7303597785977864
2012-07-26,28.06,-1.6500000000000021,-1.6503597785977882
2012-07-27,26.75,-1.3099999999999987,-1.3103597785977847
2012-07-30,27.23,0.4800000000000004,0.4796402214022144
2012-07-31,27.5,0.2699999999999996,0.26964022140221355
2012-08-01,27.81,0.3099999999999987,0.3096402214022127
2012-08-02,27.68,-0.129999999999999,-0.130359778597785
2012-08-03,25.45,-2.2300000000000004,-2.2303597785977862
2012-08-06,25.19,-0.259999999999998,-0.26035977859778403
2012-08-07,24.69,-0.5,-0.500359778597786
2012-08-08,24.02,-0.6700000000000017,-0.6703597785977877
2012-08-09,24.05,0.030000000000001137,0.029640221402215138
2012-08-10,22.99,-1.0600000000000023,-1.0603597785977883
2012-08-13,21.97,-1.0199999999999996,-1.0203597785977856
2012-08-14,22.73,0.7600000000000016,0.7596402214022155
2012-08-15,22.25,-0.4800000000000004,-0.48035977859778645
2012-08-16,22.78,0.5300000000000011,0.5296402214022151
2012-08-17,20.92,-1.8599999999999994,-1.8603597785977855
2012-08-20,22.6,1.6799999999999997,1.6796402214022137
2012-08-21,23.25,0.6499999999999986,0.6496402214022126
2012-08-22,23.51,0.26000000000000156,0.25964022140221554
2012-08-23,23.33,-0.18000000000000327,-0.18035977859778926
2012-08-24,23.81,0.4800000000000004,0.4796402214022144
2012-08-27,25.39,1.5800000000000018,1.5796402214022158
2012-08-28,25.21,-0.17999999999999972,-0.1803597785977857
2012-08-29,25.74,0.5299999999999976,0.5296402214022116
2012-08-30,26.87,1.1300000000000026,1.1296402214022165
2012-08-31,25.93,-0.9400000000000013,-0.9403597785977873
2012-09-04,27.54,1.6099999999999994,1.6096402214022134
2012-09-05,27.11,-0.4299999999999997,-0.43035977859778574
2012-09-06,24.95,-2.16,-2.160359778597786
2012-09-07,23.47,-1.4800000000000004,-1.4803597785977864
2012-09-10,24.86,1.3900000000000006,1.3896402214022145
2012-09-11,24.81,-0.05000000000000071,-0.05035977859778671
2012-09-12,25.11,0.3000000000000007,0.2996402214022147
2012-09-13,24.62,-0.48999999999999844,-0.49035977859778446
2012-09-14,24.01,-0.6099999999999994,-0.6103597785977855
2012-09-17,23.8,-0.21000000000000085,-0.21035977859778685
2012-09-18,23.74,-0.060000000000002274,-0.06035977859778827
2012-09-19,22.58,-1.1600000000000001,-1.1603597785977862
2012-09-20,22.92,0.3400000000000034,0.3396402214022174
2012-09-21,21.62,-1.3000000000000007,-1.3003597785977867
2012-09-24,22.35,0.7300000000000004,0.7296402214022144
2012-09-25,23.57,1.2199999999999989,1.2196402214022128
2012-09-26,24.24,0.6699999999999982,0.6696402214022121
2012-09-27,23.31,-0.9299999999999997,-0.9303597785977857
2012-09-28,23.15,-0.16000000000000014,-0.16035977859778613
2012-10-01,24.2,1.0500000000000007,1.0496402214022147
2012-10-02,23.95,-0.25,-0.250359778597786
2012-10-03,23.94,-0.00999999999999801,-0.01035977859778401
2012-10-04,23.36,-0.5800000000000018,-0.5803597785977879
2012-10-05,22.74,-0.620000000000001,-0.620359778597787
2012-10-08,23.06,0.3200000000000003,0.31964022140221426
2012-10-09,24.44,1.3800000000000026,1.3796402214022165
2012-10-10,24.44,0.0,-0.000359778597786
2012-10-11,23.69,-0.75,-0.750359778597786
2012-10-12,23.38,-0.3100000000000023,-0.3103597785977883
2012-10-15,23.21,-0.16999999999999815,-0.17035977859778415
2012-10-16,23.58,0.36999999999999744,0.3696402214022114
2012-10-17,23.67,0.09000000000000341,0.0896402214022174
2012-10-18,22.54,-1.1300000000000026,-1.1303597785977886
2012-10-19,23.1,0.5600000000000023,0.5596402214022163
2012-10-22,22.93,-0.1700000000000017,-0.1703597785977877
2012-10-23,25.0,2.0700000000000003,2.0696402214022145
2012-10-24,24.51,-0.48999999999999844,-0.49035977859778446
2012-10-25,23.73,-0.7800000000000011,-0.7803597785977872
2012-10-26,24.29,0.5599999999999987,0.5596402214022127
2012-10-31,23.13,-1.1600000000000001,-1.1603597785977862
2012-11-01,22.99,-0.14000000000000057,-0.14035977859778656
2012-11-02,23.66,0.6700000000000017,0.6696402214022157
2012-11-05,24.53,0.870000000000001,0.869640221402215
2012-11-06,23.65,-0.8800000000000026,-0.8803597785977886
2012-11-07,24.32,0.6700000000000017,0.6696402214022157
2012-11-08,25.61,1.2899999999999991,1.2896402214022131
2012-11-09,25.21,-0.3999999999999986,-0.4003597785977846
2012-11-12,24.26,-0.9499999999999993,-0.9503597785977853
2012-11-13,24.3,0.03999999999999915,0.03964022140221315
2012-11-14,24.7,0.3999999999999986,0.39964022140221256
2012-11-15,24.97,0.2699999999999996,0.26964022140221355
2012-11-16,24.28,-0.6899999999999977,-0.6903597785977837
2012-11-19,22.5,-1.7800000000000011,-1.7803597785977872
2012-11-20,22.57,0.07000000000000028,0.06964022140221428
2012-11-21,22.32,-0.25,-0.250359778597786
2012-11-23,22.32,0.0,-0.000359778597786
2012-11-26,22.94,0.620000000000001,0.619640221402215
2012-11-27,23.22,0.2799999999999976,0.27964022140221156
2012-11-28,23.65,0.4299999999999997,0.4296402214022137
2012-11-29,22.81,-0.8399999999999999,-0.8403597785977859
2012-11-30,22.46,-0.34999999999999787,-0.3503597785977839
2012-12-03,23.4,0.9399999999999977,0.9396402214022117
2012-12-04,23.53,0.13000000000000256,0.12964022140221657
2012-12-05,24.31,0.7799999999999976,0.7796402214022116
2012-12-06,23.27,-1.0399999999999991,-1.0403597785977852
2012-12-07,22.36,-0.9100000000000001,-0.9103597785977862
2012-12-10,23.95,1.5899999999999999,1.5896402214022138
2012-12-11,23.04,-0.9100000000000001,-0.9103597785977862
2012-12-12,23.04,0.0,-0.000359778597786
2012-12-13,23.45,0.41000000000000014,0.4096402214022141
2012-12-14,23.81,0.35999999999999943,0.3596402214022134
2012-12-17,23.21,-0.5999999999999979,-0.6003597785977839
2012-12-18,22.9,-0.3100000000000023,-0.3103597785977883
2012-12-19,23.52,0.620000000000001,0.619640221402215
2012-12-20,23.04,-0.4800000000000004,-0.48035977859778645
2012-12-21,24.19,1.1500000000000021,1.1496402214022161
2012-12-24,24.19,0.0,-0.000359778597786
2012-12-26,23.98,-0.21000000000000085,-0.21035977859778685
2012-12-27,23.66,-0.3200000000000003,-0.3203597785977863
2012-12-28,25.42,1.7600000000000016,1.7596402214022155
2012-12-31,24.53,-0.8900000000000006,-0.8903597785977866
2013-01-02,22.1,-2.4299999999999997,-2.4303597785977855
2013-01-03,21.52,-0.5800000000000018,-0.5803597785977879
2013-01-04,20.41,-1.1099999999999994,-1.1103597785977855
2013-01-07,20.87,0.46000000000000085,0.45964022140221483
2013-01-08,21.06,0.18999999999999773,0.18964022140221173
2013-01-09,20.4,-0.6600000000000001,-0.6603597785977862
2013-01-10,20.29,-0.10999999999999943,-0.11035977859778544
2013-01-11,20.26,-0.029999999999997584,-0.030359778597783584
2013-01-14,19.39,-0.870000000000001,-0.870359778597787
2013-01-15,19.88,0.48999999999999844,0.4896402214022124
2013-01-16,20.66,0.7800000000000011,0.7796402214022151
2013-01-17,20.74,0.0799999999999983,0.07964022140221229
2013-01-18,19.16,-1.5799999999999983,-1.5803597785977843
2013-01-22,19.39,0.23000000000000043,0.22964022140221443
2013-01-23,18.56,-0.8300000000000018,-0.8303597785977879
2013-01-24,18.87,0.3100000000000023,0.30964022140221625
2013-01-25,18.93,0.05999999999999872,0.05964022140221272
2013-01-28,19.63,0.6999999999999993,0.6996402214022133
2013-01-29,19.72,0.08999999999999986,0.08964022140221385
2013-01-30,19.76,0.0400000000000027,0.0396402214022167
2013-01-31,20.19,0.4299999999999997,0.4296402214022137
2013-02-01,19.38,-0.8100000000000023,-0.8103597785977883
2013-02-04,20.69,1.3100000000000023,1.3096402214022163
2013-02-05,20.13,-0.5600000000000023,-0.5603597785977883
2013-02-06,19.74,-0.39000000000000057,-0.3903597785977866
2013-02-07,20.34,0.6000000000000014,0.5996402214022154
2013-02-08,19.41,-0.9299999999999997,-0.9303597785977857
2013-02-11,19.76,0.3500000000000014,0.3496402214022154
2013-02-12,18.81,-0.9500000000000028,-0.9503597785977889
2013-02-13,18.66,-0.14999999999999858,-0.15035977859778457
2013-02-14,18.78,0.120000000000001,0.11964022140221499
2013-02-15,18.49,-0.2900000000000027,-0.2903597785977887
2013-02-19,19.56,1.0700000000000003,1.0696402214022143
2013-02-20,20.44,0.8800000000000026,0.8796402214022165
2013-02-21,21.23,0.7899999999999991,0.7896402214022131
2013-02-22,21.04,-0.19000000000000128,-0.19035977859778727
2013-02-25,23.8,2.7600000000000016,2.7596402214022158
2013-02-26,23.4,-0.40000000000000213,-0.40035977859778815
2013-02-27,21.82,-1.5799999999999983,-1.5803597785977843
2013-02-28,21.21,-0.6099999999999994,-0.6103597785977855
2013-03-01,21.68,0.46999999999999886,0.46964022140221284
2013-03-04,22.77,1.0899999999999999,1.0896402214022138
2013-03-05,22.3,-0.46999999999999886,-0.4703597785977849
2013-03-06,21.59,-0.7100000000000009,-0.7103597785977869
2013-03-07,20.8,-0.7899999999999991,-0.7903597785977852
2013-03-08,20.53,-0.2699999999999996,-0.2703597785977856
2013-03-11,21.62,1.0899999999999999,1.0896402214022138
2013-03-12,21.02,-0.6000000000000014,-0.6003597785977874
2013-03-13,21.82,0.8000000000000007,0.7996402214022147
2013-03-14,21.08,-0.740000000000002,-0.740359778597788
2013-03-15,21.02,-0.05999999999999872,-0.06035977859778472
2013-03-18,22.39,1.370000000000001,1.369640221402215
2013-03-19,23.3,0.9100000000000001,0.9096402214022141
2013-03-20,22.95,-0.3500000000000014,-0.35035977859778744
2013-03-21,23.89,0.9400000000000013,0.9396402214022153
2013-03-22,23.22,-0.6700000000000017,-0.6703597785977877
2013-03-25,22.81,-0.41000000000000014,-0.41035977859778616
2013-03-26,21.8,-1.009999999999998,-1.010359778597784
2013-03-27,21.3,-0.5,-0.500359778597786
2013-03-28,21.49,0.18999999999999773,0.18964022140221173
2013-04-01,22.41,0.9200000000000017,0.9196402214022157
2013-04-02,22.03,-0.379999999999999,-0.380359778597785
2013-04-03,23.05,1.0199999999999996,1.0196402214022136
2013-04-04,22.84,-0.21000000000000085,-0.21035977859778685
2013-04-05,23.39,0.5500000000000007,0.5496402214022147
2013-04-08,23.74,0.34999999999999787,0.34964022140221185
2013-04-09,23.23,-0.509999999999998,-0.510359778597784
2013-04-10,22.84,-0.39000000000000057,-0.3903597785977866
2013-04-11,22.65,-0.19000000000000128,-0.19035977859778727
2013-04-12,22.79,0.14000000000000057,0.13964022140221458
2013-04-15,25.85,3.0600000000000023,3.0596402214022165
2013-04-16,24.44,-1.4100000000000001,-1.4103597785977862
2013-04-17,27.18,2.7399999999999984,2.7396402214022126
2013-04-18,26.29,-0.8900000000000006,-0.8903597785977866
2013-04-19,24.43,-1.8599999999999994,-1.8603597785977855
2013-04-22,24.39,-0.03999999999999915,-0.04035977859778515
2013-04-23,23.83,-0.5600000000000023,-0.5603597785977883
2013-04-24,23.24,-0.5899999999999999,-0.5903597785977859
2013-04-25,23.48,0.240000000000002,0.239640221402216
2013-04-26,23.24,-0.240000000000002,-0.24035977859778798
2013-04-29,22.7,-0.5399999999999991,-0.5403597785977852
2013-04-30,21.93,-0.7699999999999996,-0.7703597785977856
2013-05-01,23.28,1.3500000000000014,1.3496402214022154
2013-05-02,22.66,-0.620000000000001,-0.620359778597787
2013-05-03,21.61,-1.0500000000000007,-1.0503597785977867
2013-05-06,21.95,0.33999999999999986,0.33964022140221384
2013-05-07,20.88,-1.0700000000000003,-1.0703597785977863
2013-05-08,21.2,0.3200000000000003,0.31964022140221426
2013-05-09,21.62,0.4200000000000017,0.4196402214022157
2013-05-10,21.39,-0.23000000000000043,-0.23035977859778642
2013-05-13,21.35,-0.03999999999999915,-0.04035977859778515
2013-05-14,21.43,0.0799999999999983,0.07964022140221229
2013-05-15,20.77,-0.6600000000000001,-0.6603597785977862
2013-05-16,20.17,-0.5999999999999979,-0.6003597785977839
2013-05-17,19.66,-0.5100000000000016,-0.5103597785977876
2013-05-20,21.27,1.6099999999999994,1.6096402214022134
2013-05-21,20.98,-0.28999999999999915,-0.29035977859778517
2013-05-22,22.98,2.0,1.999640221402214
2013-05-23,23.3,0.3200000000000003,0.31964022140221426
2013-05-24,24.47,1.1699999999999982,1.1696402214022121
2013-05-28,23.69,-0.7799999999999976,-0.7803597785977836
2013-05-29,24.65,0.9599999999999973,0.9596402214022113
2013-05-30,24.2,-0.4499999999999993,-0.4503597785977853
2013-05-31,25.22,1.0199999999999996,1.0196402214022136
2013-06-03,24.69,-0.5299999999999976,-0.5303597785977836
2013-06-04,24.83,0.13999999999999702,0.13964022140221102
2013-06-05,25.45,0.620000000000001,0.619640221402215
2013-06-06,26.04,0.5899999999999999,0.5896402214022138
2013-06-07,25.74,-0.3000000000000007,-0.30035977859778673
2013-06-10,25.48,-0.259999999999998,-0.26035977859778403
2013-06-11,26.89,1.4100000000000001,1.4096402214022141
2013-06-12,27.97,1.0799999999999983,1.0796402214022123
2013-06-13,27.23,-0.7399999999999984,-0.7403597785977845
2013-06-14,28.48,1.25,1.249640221402214
2013-06-17,28.35,-0.129999999999999,-0.130359778597785
2013-06-18,28.24,-0.11000000000000298,-0.11035977859778899
2013-06-19,27.63,-0.6099999999999994,-0.6103597785977855
2013-06-20,35.18,7.550000000000001,7.549640221402215
2013-06-21,31.58,-3.6000000000000014,-3.600359778597787
2013-06-24,35.21,3.6300000000000026,3.6296402214022168
2013-06-25,34.31,-0.8999999999999986,-0.9003597785977846
2013-06-26,31.69,-2.620000000000001,-2.620359778597787
2013-06-27,30.61,-1.0800000000000018,-1.0803597785977879
2013-06-28,29.62,-0.9899999999999984,-0.9903597785977845
2013-07-01,28.63,-0.990000000000002,-0.990359778597788
2013-07-02,30.64,2.0100000000000016,2.0096402214022158
2013-07-03,31.93,1.2899999999999991,1.2896402214022131
2013-07-05,30.81,-1.120000000000001,-1.120359778597787
2013-07-08,30.41,-0.3999999999999986,-0.4003597785977846
2013-07-09,28.83,-1.5800000000000018,-1.5803597785977879
2013-07-10,28.29,-0.5399999999999991,-0.5403597785977852
2013-07-11,27.43,-0.8599999999999994,-0.8603597785977855
2013-07-12,28.6,1.1700000000000017,1.1696402214022157
2013-07-15,27.75,-0.8500000000000014,-0.8503597785977874
2013-07-16,28.35,0.6000000000000014,0.5996402214022154
2013-07-17,28.3,-0.05000000000000071,-0.05035977859778671
2013-07-18,27.22,-1.0800000000000018,-1.0803597785977879
2013-07-19,26.3,-0.9199999999999982,-0.9203597785977842
2013-07-22,25.35,-0.9499999999999993,-0.9503597785977853
2013-07-23,24.05,-1.3000000000000007,-1.3003597785977867
2013-07-24,24.48,0.4299999999999997,0.4296402214022137
2013-07-25,23.71,-0.7699999999999996,-0.7703597785977856
2013-07-26,23.24,-0.4700000000000024,-0.47035977859778844
2013-07-29,24.76,1.5200000000000031,1.519640221402217
2013-07-30,24.8,0.03999999999999915,0.03964022140221315
2013-07-31,24.59,-0.21000000000000085,-0.21035977859778685
2013-08-01,23.96,-0.629999999999999,-0.630359778597785
2013-08-02,23.53,-0.4299999999999997,-0.43035977859778574
2013-08-05,22.91,-0.620000000000001,-0.620359778597787
2013-08-06,23.25,0.33999999999999986,0.33964022140221384
2013-08-07,24.56,1.3099999999999987,1.3096402214022127
2013-08-08,24.91,0.3500000000000014,0.3496402214022154
2013-08-09,24.04,-0.870000000000001,-0.870359778597787
2013-08-12,22.92,-1.1199999999999974,-1.1203597785977835
2013-08-13,23.68,0.759999999999998,0.759640221402212
2013-08-14,23.57,-0.10999999999999943,-0.11035977859778544
2013-08-15,24.21,0.6400000000000006,0.6396402214022145
2013-08-16,24.61,0.3999999999999986,0.39964022140221256
2013-08-19,24.93,0.3200000000000003,0.31964022140221426
2013-08-20,25.37,0.4400000000000013,0.43964022140221526
2013-08-21,26.38,1.009999999999998,1.009640221402212
2013-08-22,25.31,-1.0700000000000003,-1.0703597785977863
2013-08-23,24.77,-0.5399999999999991,-0.5403597785977852
2013-08-26,25.29,0.5199999999999996,0.5196402214022136
2013-08-27,27.21,1.9200000000000017,1.9196402214022157
2013-08-28,27.93,0.7199999999999989,0.7196402214022128
2013-08-29,28.13,0.1999999999999993,0.1996402214022133
2013-08-30,27.47,-0.6600000000000001,-0.6603597785977862
2013-09-03,28.2,0.7300000000000004,0.7296402214022144
2013-09-04,27.44,-0.759999999999998,-0.760359778597784
2013-09-05,26.55,-0.8900000000000006,-0.8903597785977866
2013-09-06,26.38,-0.1700000000000017,-0.1703597785977877
2013-09-09,26.69,0.3100000000000023,0.30964022140221625
2013-09-10,25.69,-1.0,-1.000359778597786
2013-09-11,25.09,-0.6000000000000014,-0.6003597785977874
2013-09-12,24.98,-0.10999999999999943,-0.11035977859778544
2013-09-13,25.07,0.08999999999999986,0.08964022140221385
2013-09-16,25.55,0.4800000000000004,0.4796402214022144
2013-09-17,26.01,0.46000000000000085,0.45964022140221483
2013-09-18,25.03,-0.9800000000000004,-0.9803597785977864
2013-09-19,23.71,-1.3200000000000003,-1.3203597785977863
2013-09-20,24.8,1.0899999999999999,1.0896402214022138
2013-09-23,24.38,-0.4200000000000017,-0.4203597785977877
2013-09-24,24.21,-0.16999999999999815,-0.17035977859778415
2013-09-25,23.67,-0.5399999999999991,-0.5403597785977852
2013-09-26,22.9,-0.7700000000000031,-0.7703597785977891
2013-09-27,23.07,0.1700000000000017,0.1696402214022157
2013-09-30,25.51,2.4400000000000013,2.4396402214022155
2013-10-01,25.38,-0.13000000000000256,-0.13035977859778855
2013-10-02,24.87,-0.509999999999998,-0.510359778597784
2013-10-03,25.24,0.36999999999999744,0.3696402214022114
2013-10-04,24.83,-0.41000000000000014,-0.41035977859778616
2013-10-07,26.73,1.9000000000000021,1.8996402214022161
2013-10-08,27.59,0.8599999999999994,0.8596402214022134
2013-10-09,27.03,-0.5599999999999987,-0.5603597785977847
2013-10-10,25.38,-1.6500000000000021,-1.6503597785977882
2013-10-11,24.63,-0.75,-0.750359778597786
2013-10-14,24.88,0.25,0.249640221402214
2013-10-15,26.31,1.4299999999999997,1.4296402214022137
2013-10-16,24.46,-1.8499999999999979,-1.8503597785977839
2013-10-17,22.69,-1.7699999999999996,-1.7703597785977856
2013-10-18,21.46,-1.2300000000000004,-1.2303597785977864
2013-10-21,20.95,-0.5100000000000016,-0.5103597785977876
2013-10-22,21.65,0.6999999999999993,0.6996402214022133
2013-10-23,23.52,1.870000000000001,1.869640221402215
2013-10-24,24.4,0.879999999999999,0.879640221402213
2013-10-25,23.98,-0.41999999999999815,-0.4203597785977842
2013-10-28,23.86,-0.120000000000001,-0.120359778597787
2013-10-29,22.94,-0.9199999999999982,-0.9203597785977842
2013-10-30,23.15,0.2099999999999973,0.2096402214022113
2013-10-31,22.38,-0.7699999999999996,-0.7703597785977856
2013-11-01,23.15,0.7699999999999996,0.7696402214022136
2013-11-04,22.62,-0.5299999999999976,-0.5303597785977836
2013-11-05,24.27,1.6499999999999986,1.6496402214022126
2013-11-06,23.94,-0.3299999999999983,-0.3303597785977843
2013-11-07,24.63,0.6899999999999977,0.6896402214022117
2013-11-08,23.96,-0.6699999999999982,-0.6703597785977842
2013-11-11,23.84,-0.120000000000001,-0.120359778597787
2013-11-12,23.08,-0.7600000000000016,-0.7603597785977876
2013-11-13,24.04,0.9600000000000009,0.9596402214022148
2013-11-14,23.35,-0.6899999999999977,-0.6903597785977837
2013-11-15,24.93,1.5799999999999983,1.5796402214022123
2013-11-18,28.17,3.240000000000002,3.239640221402216
2013-11-19,27.11,-1.0600000000000023,-1.0603597785977883
2013-11-20,26.72,-0.39000000000000057,-0.3903597785977866
2013-11-21,26.43,-0.28999999999999915,-0.29035977859778517
2013-11-22,25.6,-0.8299999999999983,-0.8303597785977843
2013-11-25,25.46,-0.14000000000000057,-0.14035977859778656
2013-11-26,25.22,-0.240000000000002,-0.24035977859778798
2013-11-27,25.51,0.2900000000000027,0.2896402214022167
2013-11-29,24.53,-0.9800000000000004,-0.9803597785977864
2013-12-02,25.37,0.8399999999999999,0.8396402214022138
2013-12-03,26.08,0.7099999999999973,0.7096402214022113
2013-12-04,26.18,0.10000000000000142,0.09964022140221541
2013-12-05,26.04,-0.14000000000000057,-0.14035977859778656
2013-12-06,25.4,-0.6400000000000006,-0.6403597785977866
2013-12-09,25.97,0.5700000000000003,0.5696402214022143
2013-12-10,24.58,-1.3900000000000006,-1.3903597785977866
2013-12-11,25.37,0.7900000000000027,0.7896402214022167
2013-12-12,25.4,0.029999999999997584,0.029640221402211585
2013-12-13,24.31,-1.0899999999999999,-1.0903597785977859
2013-12-16,24.43,0.120000000000001,0.11964022140221499
2013-12-17,24.59,0.16000000000000014,0.15964022140221415
2013-12-18,22.56,-2.030000000000001,-2.030359778597787
2013-12-19,23.54,0.9800000000000004,0.9796402214022144
2013-12-20,22.31,-1.2300000000000004,-1.2303597785977864
2013-12-23,21.62,-0.6899999999999977,-0.6903597785977837
2013-12-24,21.62,0.0,-0.000359778597786
2013-12-26,21.85,0.23000000000000043,0.22964022140221443
2013-12-27,21.67,-0.17999999999999972,-0.1803597785977857
2013-12-30,21.25,-0.4200000000000017,-0.4203597785977877
2013-12-31,21.65,0.3999999999999986,0.39964022140221256
2014-01-02,24.49,2.84,2.839640221402214
2014-01-03,24.78,0.2900000000000027,0.2896402214022167
2014-01-06,24.3,-0.4800000000000004,-0.48035977859778645
2014-01-07,23.46,-0.8399999999999999,-0.8403597785977859
2014-01-08,23.51,0.05000000000000071,0.04964022140221471
2014-01-09,24.47,0.9599999999999973,0.9596402214022113
2014-01-10,23.32,-1.1499999999999986,-1.1503597785977846
2014-01-13,23.44,0.120000000000001,0.11964022140221499
2014-01-14,21.94,-1.5,-1.500359778597786
2014-01-15,22.33,0.389999999999997,0.389640221402211
2014-01-16,22.67,0.3400000000000034,0.3396402214022174
2014-01-17,22.22,-0.45000000000000284,-0.45035977859778886
2014-01-21,22.78,0.5600000000000023,0.5596402214022163
2014-01-22,21.74,-1.0400000000000027,-1.0403597785977887
2014-01-23,25.12,3.3800000000000026,3.3796402214022168
2014-01-24,27.31,2.1899999999999977,2.189640221402212
2014-01-27,28.59,1.2800000000000011,1.2796402214022151
2014-01-28,29.46,0.870000000000001,0.869640221402215
2014-01-29,28.03,-1.4299999999999997,-1.4303597785977857
2014-01-30,28.51,0.4800000000000004,0.4796402214022144
2014-01-31,29.42,0.9100000000000001,0.9096402214022141
2014-02-03,31.44,2.0199999999999996,2.0196402214022138
2014-02-04,30.61,-0.8300000000000018,-0.8303597785977879
2014-02-05,31.94,1.3300000000000018,1.3296402214022158
2014-02-06,30.09,-1.8500000000000014,-1.8503597785977874
2014-02-07,28.8,-1.2899999999999991,-1.2903597785977852
2014-02-10,29.19,0.39000000000000057,0.38964022140221455
2014-02-11,28.17,-1.0199999999999996,-1.0203597785977856
2014-02-12,28.14,-0.030000000000001137,-0.030359778597787136
2014-02-13,26.73,-1.4100000000000001,-1.4103597785977862
2014-02-14,25.98,-0.75,-0.750359778597786
2014-02-18,26.45,0.46999999999999886,0.46964022140221284
2014-02-19,26.68,0.23000000000000043,0.22964022140221443
2014-02-20,26.81,0.129999999999999,0.129640221402213
2014-02-21,26.73,-0.0799999999999983,-0.0803597785977843
2014-02-24,27.02,0.28999999999999915,0.2896402214022131
2014-02-25,26.97,-0.05000000000000071,-0.05035977859778671
2014-02-26,26.57,-0.3999999999999986,-0.4003597785977846
2014-02-27,26.3,-0.2699999999999996,-0.2703597785977856
2014-02-28,26.63,0.3299999999999983,0.3296402214022123
2014-03-03,27.95,1.3200000000000003,1.3196402214022143
2014-03-04,26.69,-1.259999999999998,-1.260359778597784
2014-03-05,27.3,0.6099999999999994,0.6096402214022134
2014-03-06,25.99,-1.3100000000000023,-1.3103597785977883
2014-03-07,25.65,-0.33999999999999986,-0.3403597785977859
2014-03-10,27.41,1.7600000000000016,1.7596402214022155
2014-03-11,27.88,0.46999999999999886,0.46964022140221284
2014-03-12,28.01,0.13000000000000256,0.12964022140221657
2014-03-13,29.4,1.389999999999997,1.389640221402211
2014-03-14,29.1,-0.29999999999999716,-0.3003597785977832
2014-03-17,27.54,-1.5600000000000023,-1.5603597785977883
2014-03-18,25.43,-2.1099999999999994,-2.1103597785977852
2014-03-19,25.97,0.5399999999999991,0.5396402214022131
2014-03-20,25.64,-0.3299999999999983,-0.3303597785977843
2014-03-21,26.25,0.6099999999999994,0.6096402214022134
2014-03-24,26.74,0.48999999999999844,0.4896402214022124
2014-03-25,26.43,-0.3099999999999987,-0.31035977859778474
2014-03-26,26.23,-0.1999999999999993,-0.20035977859778528
2014-03-27,26.36,0.129999999999999,0.129640221402213
2014-03-28,26.16,-0.1999999999999993,-0.20035977859778528
2014-03-31,24.71,-1.4499999999999993,-1.4503597785977853
2014-04-01,23.92,-0.7899999999999991,-0.7903597785977852
2014-04-02,23.25,-0.6700000000000017,-0.6703597785977877
2014-04-03,22.74,-0.5100000000000016,-0.5103597785977876
2014-04-04,23.31,0.5700000000000003,0.5696402214022143
2014-04-07,23.67,0.360000000000003,0.35964022140221696
2014-04-08,23.03,-0.6400000000000006,-0.6403597785977866
2014-04-09,22.62,-0.41000000000000014,-0.41035977859778616
2014-04-10,23.9,1.2799999999999976,1.2796402214022116
2014-04-11,24.11,0.21000000000000085,0.20964022140221486
2014-04-14,23.25,-0.8599999999999994,-0.8603597785977855
2014-04-15,23.94,0.6900000000000013,0.6896402214022153
2014-04-16,22.49,-1.4500000000000028,-1.4503597785977889
2014-04-17,21.74,-0.75,-0.750359778597786
2014-04-21,22.51,0.7700000000000031,0.7696402214022171
2014-04-22,22.05,-0.46000000000000085,-0.4603597785977869
2014-04-23,22.07,0.019999999999999574,0.019640221402213574
2014-04-24,21.34,-0.7300000000000004,-0.7303597785977864
2014-04-25,21.81,0.46999999999999886,0.46964022140221284
2014-04-28,22.76,0.9500000000000028,0.9496402214022168
2014-04-29,22.17,-0.5899999999999999,-0.5903597785977859
2014-04-30,21.02,-1.1500000000000021,-1.1503597785977882
2014-05-01,21.33,0.3099999999999987,0.3096402214022127
2014-05-02,20.61,-0.7199999999999989,-0.7203597785977849
2014-05-05,21.15,0.5399999999999991,0.5396402214022131
2014-05-06,21.21,0.060000000000002274,0.059640221402216274
2014-05-07,21.19,-0.019999999999999574,-0.020359778597785573
2014-05-08,21.07,-0.120000000000001,-0.120359778597787
2014-05-09,20.08,-0.990000000000002,-0.990359778597788
2014-05-12,18.64,-1.4399999999999977,-1.4403597785977837
2014-05-13,18.62,-0.019999999999999574,-0.020359778597785573
2014-05-14,19.14,0.5199999999999996,0.5196402214022136
2014-05-15,19.64,0.5,0.499640221402214
2014-05-16,19.73,0.08999999999999986,0.08964022140221385
2014-05-19,19.85,0.120000000000001,0.11964022140221499
2014-05-20,19.84,-0.010000000000001563,-0.010359778597787563
2014-05-21,19.81,-0.030000000000001137,-0.030359778597787136
2014-05-22,19.25,-0.5599999999999987,-0.5603597785977847
2014-05-23,18.9,-0.3500000000000014,-0.35035977859778744
2014-05-27,19.16,0.26000000000000156,0.25964022140221554
2014-05-28,19.42,0.26000000000000156,0.25964022140221554
2014-05-29,19.4,-0.020000000000003126,-0.020359778597789126
2014-05-30,19.7,0.3000000000000007,0.2996402214022147
2014-06-02,20.52,0.8200000000000003,0.8196402214022143
2014-06-03,20.99,0.46999999999999886,0.46964022140221284
2014-06-04,20.57,-0.41999999999999815,-0.4203597785977842
2014-06-05,20.37,-0.1999999999999993,-0.20035977859778528
2014-06-06,19.55,-0.8200000000000003,-0.8203597785977863
2014-06-09,19.16,-0.39000000000000057,-0.3903597785977866
2014-06-10,18.81,-0.3500000000000014,-0.35035977859778744
2014-06-11,19.05,0.240000000000002,0.239640221402216
2014-06-12,19.59,0.5399999999999991,0.5396402214022131
2014-06-13,19.42,-0.16999999999999815,-0.17035977859778415
2014-06-16,19.8,0.379999999999999,0.379640221402213
2014-06-17,19.28,-0.5199999999999996,-0.5203597785977856
2014-06-18,18.41,-0.870000000000001,-0.870359778597787
2014-06-19,18.35,-0.05999999999999872,-0.06035977859778472
2014-06-20,17.59,-0.7600000000000016,-0.7603597785977876
2014-06-23,18.29,0.6999999999999993,0.6996402214022133
2014-06-24,17.76,-0.5299999999999976,-0.5303597785977836
2014-06-25,17.78,0.019999999999999574,0.019640221402213574
2014-06-26,17.3,-0.4800000000000004,-0.48035977859778645
2014-06-27,17.02,-0.28000000000000114,-0.28035977859778716
2014-06-30,16.97,-0.05000000000000071,-0.05035977859778671
2014-07-01,16.93,-0.03999999999999915,-0.04035977859778515
2014-07-02,17.55,0.620000000000001,0.619640221402215
2014-07-03,17.28,-0.2699999999999996,-0.2703597785977856
2014-07-07,17.93,0.6499999999999986,0.6496402214022126
2014-07-08,17.93,0.0,-0.000359778597786
2014-07-09,18.01,0.08000000000000185,0.07964022140221584
2014-07-10,17.93,-0.08000000000000185,-0.08035977859778785
2014-07-11,17.98,0.05000000000000071,0.04964022140221471
2014-07-14,18.07,0.08999999999999986,0.08964022140221385
2014-07-15,17.75,-0.3200000000000003,-0.3203597785977863
2014-07-16,17.94,0.19000000000000128,0.1896402214022153
2014-07-17,18.7,0.759999999999998,0.759640221402212
2014-07-18,18.04,-0.6600000000000001,-0.6603597785977862
2014-07-21,18.49,0.4499999999999993,0.44964022140221327
2014-07-22,18.45,-0.03999999999999915,-0.04035977859778515
2014-07-23,18.71,0.26000000000000156,0.25964022140221554
2014-07-24,19.88,1.1699999999999982,1.1696402214022121
2014-07-25,19.68,-0.1999999999999993,-0.20035977859778528
2014-07-28,20.92,1.240000000000002,1.239640221402216
2014-07-29,21.3,0.379999999999999,0.379640221402213
2014-07-30,21.25,-0.05000000000000071,-0.05035977859778671
2014-07-31,21.43,0.17999999999999972,0.17964022140221372
2014-08-01,21.55,0.120000000000001,0.11964022140221499
2014-08-04,21.49,-0.060000000000002274,-0.06035977859778827
2014-08-05,22.15,0.6600000000000001,0.6596402214022141
2014-08-06,22.1,-0.04999999999999716,-0.05035977859778316
2014-08-07,22.86,0.759999999999998,0.759640221402212
2014-08-08,22.72,-0.14000000000000057,-0.14035977859778656
2014-08-11,22.7,-0.019999999999999574,-0.020359778597785573
2014-08-12,22.04,-0.6600000000000001,-0.6603597785977862
2014-08-13,21.08,-0.9600000000000009,-0.9603597785977869
2014-08-14,20.12,-0.9599999999999973,-0.9603597785977833
2014-08-15,19.42,-0.6999999999999993,-0.7003597785977853
2014-08-18,19.41,-0.010000000000001563,-0.010359778597787563
2014-08-19,19.18,-0.23000000000000043,-0.23035977859778642
2014-08-20,19.15,-0.030000000000001137,-0.030359778597787136
2014-08-21,19.2,0.05000000000000071,0.04964022140221471
2014-08-22,18.66,-0.5399999999999991,-0.5403597785977852
2014-08-25,18.51,-0.14999999999999858,-0.15035977859778457
2014-08-26,18.18,-0.33000000000000185,-0.33035977859778787
2014-08-27,18.03,-0.14999999999999858,-0.15035977859778457
2014-08-28,17.96,-0.07000000000000028,-0.07035977859778629
2014-08-29,17.33,-0.6300000000000026,-0.6303597785977886
2014-09-02,17.39,0.060000000000002274,0.059640221402216274
2014-09-03,18.9,1.509999999999998,1.509640221402212
2014-09-04,18.98,0.08000000000000185,0.07964022140221584
2014-09-05,19.27,0.28999999999999915,0.2896402214022131
2014-09-08,19.34,0.07000000000000028,0.06964022140221428
2014-09-09,19.76,0.4200000000000017,0.4196402214022157
2014-09-10,20.09,0.3299999999999983,0.3296402214022123
2014-09-11,20.29,0.1999999999999993,0.1996402214022133
2014-09-12,20.77,0.4800000000000004,0.4796402214022144
2014-09-15,21.74,0.9699999999999989,0.9696402214022128
2014-09-16,22.64,0.9000000000000021,0.8996402214022161
2014-09-17,21.72,-0.9200000000000017,-0.9203597785977877
2014-09-18,21.31,-0.41000000000000014,-0.41035977859778616
2014-09-19,20.72,-0.5899999999999999,-0.5903597785977859
2014-09-22,22.12,1.4000000000000021,1.3996402214022161
2014-09-23,21.22,-0.9000000000000021,-0.9003597785977882
2014-09-24,21.0,-0.21999999999999886,-0.22035977859778486
2014-09-25,21.96,0.9600000000000009,0.9596402214022148
2014-09-26,21.41,-0.5500000000000007,-0.5503597785977867
2014-09-29,23.76,2.3500000000000014,2.3496402214022156
2014-09-30,23.99,0.22999999999999687,0.22964022140221088
2014-10-01,25.08,1.0899999999999999,1.0896402214022138
2014-10-02,25.87,0.7900000000000027,0.7896402214022167
2014-10-03,24.89,-0.9800000000000004,-0.9803597785977864
2014-10-06,24.97,0.0799999999999983,0.07964022140221229
2014-10-07,24.78,-0.18999999999999773,-0.19035977859778372
2014-10-08,24.4,-0.38000000000000256,-0.3803597785977886
2014-10-09,24.92,0.5200000000000031,0.5196402214022171
2014-10-10,26.05,1.129999999999999,1.129640221402213
2014-10-13,26.83,0.7799999999999976,0.7796402214022116
2014-10-14,27.99,1.1600000000000001,1.1596402214022141
2014-10-15,29.13,1.1400000000000006,1.1396402214022145
2014-10-16,30.5,1.370000000000001,1.369640221402215
2014-10-17,26.91,-3.59,-3.5903597785977857
2014-10-20,25.76,-1.1499999999999986,-1.1503597785977846
2014-10-21,24.44,-1.3200000000000003,-1.3203597785977863
2014-10-22,23.82,-0.620000000000001,-0.620359778597787
2014-10-23,23.46,-0.35999999999999943,-0.36035977859778545
2014-10-24,23.39,-0.07000000000000028,-0.07035977859778629
2014-10-27,22.68,-0.7100000000000009,-0.7103597785977869
2014-10-28,22.84,0.16000000000000014,0.15964022140221415
2014-10-29,22.99,0.14999999999999858,0.1496402214022126
2014-10-30,22.44,-0.5499999999999972,-0.5503597785977832
2014-10-31,22.72,0.2799999999999976,0.27964022140221156
2014-11-03,23.39,0.6700000000000017,0.6696402214022157
2014-11-04,23.12,-0.2699999999999996,-0.2703597785977856
2014-11-05,23.35,0.23000000000000043,0.22964022140221443
2014-11-06,23.28,-0.07000000000000028,-0.07035977859778629
2014-11-07,22.94,-0.33999999999999986,-0.3403597785977859
2014-11-10,23.61,0.6699999999999982,0.6696402214022121
2014-11-11,23.81,0.1999999999999993,0.1996402214022133
2014-11-12,24.16,0.3500000000000014,0.3496402214022154
2014-11-13,25.1,0.9400000000000013,0.9396402214022153
2014-11-14,25.78,0.6799999999999997,0.6796402214022137
2014-11-17,24.44,-1.3399999999999999,-1.3403597785977859
2014-11-18,23.87,-0.5700000000000003,-0.5703597785977863
2014-11-19,22.68,-1.1900000000000013,-1.1903597785977873
2014-11-20,21.43,-1.25,-1.250359778597786
2014-11-21,23.25,1.8200000000000003,1.8196402214022143
2014-11-24,23.29,0.03999999999999915,0.03964022140221315
2014-11-25,22.41,-0.879999999999999,-0.880359778597785
2014-11-26,24.24,1.8299999999999983,1.8296402214022123
2014-11-28,23.87,-0.36999999999999744,-0.37035977859778346
2014-12-01,24.43,0.5599999999999987,0.5596402214022127
2014-12-02,25.84,1.4100000000000001,1.4096402214022141
2014-12-03,26.08,0.23999999999999844,0.23964022140221244
2014-12-04,28.88,2.8000000000000007,2.799640221402215
2014-12-05,29.28,0.40000000000000213,0.3996402214022161
2014-12-08,28.47,-0.8100000000000023,-0.8103597785977883
2014-12-09,28.64,0.1700000000000017,0.1696402214022157
2014-12-10,27.67,-0.9699999999999989,-0.9703597785977849
2014-12-11,27.3,-0.370000000000001,-0.370359778597787
2014-12-12,26.73,-0.5700000000000003,-0.5703597785977863
2014-12-15,26.32,-0.41000000000000014,-0.41035977859778616
2014-12-16,26.65,0.3299999999999983,0.3296402214022123
2014-12-17,28.15,1.5,1.499640221402214
2014-12-18,26.12,-2.0299999999999976,-2.0303597785977834
2014-12-19,25.84,-0.28000000000000114,-0.28035977859778716
2014-12-22,26.03,0.19000000000000128,0.1896402214022153
2014-12-23,25.06,-0.9700000000000024,-0.9703597785977884
2014-12-24,25.18,0.120000000000001,0.11964022140221499
2014-12-26,27.1,1.9200000000000017,1.9196402214022157
2014-12-29,26.68,-0.4200000000000017,-0.4203597785977877
2014-12-30,25.92,-0.759999999999998,-0.760359778597784
2014-12-31,26.01,0.08999999999999986,0.08964022140221385
2015-01-02,26.46,0.4499999999999993,0.44964022140221327
2015-01-05,26.97,0.509999999999998,0.509640221402212
2015-01-06,27.24,0.2699999999999996,0.26964022140221355
2015-01-07,27.11,-0.129999999999999,-0.130359778597785
2015-01-08,25.57,-1.5399999999999991,-1.5403597785977852
2015-01-09,25.39,-0.17999999999999972,-0.1803597785977857
2015-01-12,25.69,0.3000000000000007,0.2996402214022147
2015-01-13,24.82,-0.870000000000001,-0.870359778597787
2015-01-14,25.49,0.6699999999999982,0.6696402214022121
2015-01-15,26.1,0.610000000000003,0.609640221402217
2015-01-16,26.17,0.07000000000000028,0.06964022140221428
2015-01-20,27.86,1.6899999999999977,1.6896402214022117
2015-01-21,26.72,-1.1400000000000006,-1.1403597785977866
2015-01-22,26.66,-0.05999999999999872,-0.06035977859778472
2015-01-23,25.83,-0.8300000000000018,-0.8303597785977879
2015-01-26,25.6,-0.22999999999999687,-0.23035977859778287
2015-01-27,25.16,-0.4400000000000013,-0.4403597785977873
2015-01-28,25.04,-0.120000000000001,-0.120359778597787
2015-01-29,25.26,0.22000000000000242,0.21964022140221642
2015-01-30,25.52,0.259999999999998,0.259640221402212
2015-02-02,25.98,0.46000000000000085,0.45964022140221483
2015-02-03,25.94,-0.03999999999999915,-0.04035977859778515
2015-02-04,27.32,1.379999999999999,1.379640221402213
2015-02-05,26.06,-1.2600000000000016,-1.2603597785977876
2015-02-06,24.87,-1.1899999999999977,-1.1903597785977837
2015-02-09,24.98,0.10999999999999943,0.10964022140221343
2015-02-10,23.99,-0.990000000000002,-0.990359778597788
2015-02-11,23.03,-0.9599999999999973,-0.9603597785977833
2015-02-12,22.51,-0.5199999999999996,-0.5203597785977856
2015-02-13,21.59,-0.9200000000000017,-0.9203597785977877
2015-02-17,20.99,-0.6000000000000014,-0.6003597785977874
2015-02-18,20.91,-0.0799999999999983,-0.0803597785977843
2015-02-19,20.78,-0.129999999999999,-0.130359778597785
2015-02-20,20.61,-0.1700000000000017,-0.1703597785977877
2015-02-23,21.35,0.740000000000002,0.739640221402216
2015-02-24,21.35,0.0,-0.000359778597786
2015-02-25,21.1,-0.25,-0.250359778597786
2015-02-26,21.03,-0.07000000000000028,-0.07035977859778629
2015-02-27,20.93,-0.10000000000000142,-0.10035977859778743
2015-03-02,20.66,-0.2699999999999996,-0.2703597785977856
2015-03-03,20.68,0.019999999999999574,0.019640221402213574
2015-03-04,20.92,0.240000000000002,0.239640221402216
2015-03-05,20.85,-0.07000000000000028,-0.07035977859778629
2015-03-06,20.81,-0.0400000000000027,-0.0403597785977887
2015-03-09,21.34,0.5300000000000011,0.5296402214022151
2015-03-10,21.89,0.5500000000000007,0.5496402214022147
2015-03-11,21.95,0.05999999999999872,0.05964022140221272
2015-03-12,22.44,0.490000000000002,0.48964022140221597
2015-03-13,23.07,0.629999999999999,0.629640221402213
2015-03-16,23.67,0.6000000000000014,0.5996402214022154
2015-03-17,23.38,-0.2900000000000027,-0.2903597785977887
2015-03-18,23.33,-0.05000000000000071,-0.05035977859778671
2015-03-19,22.27,-1.0599999999999987,-1.0603597785977847
2015-03-20,21.22,-1.0500000000000007,-1.0503597785977867
2015-03-23,21.2,-0.019999999999999574,-0.020359778597785573
2015-03-24,20.15,-1.0500000000000007,-1.0503597785977867
2015-03-25,20.14,-0.00999999999999801,-0.01035977859778401
2015-03-26,20.17,0.030000000000001137,0.029640221402215138
2015-03-27,20.56,0.389999999999997,0.389640221402211
2015-03-30,23.93,3.370000000000001,3.369640221402215
2015-03-31,22.42,-1.509999999999998,-1.510359778597784
2015-04-01,23.12,0.6999999999999993,0.6996402214022133
2015-04-02,22.87,-0.25,-0.250359778597786
2015-04-06,24.38,1.509999999999998,1.509640221402212
2015-04-07,24.35,-0.029999999999997584,-0.030359778597783584
2015-04-08,29.65,5.299999999999997,5.299640221402211
2015-04-09,34.08,4.43,4.429640221402214
2015-04-10,33.85,-0.22999999999999687,-0.23035977859778287
2015-04-13,38.09,4.240000000000002,4.239640221402216
2015-04-14,34.53,-3.5600000000000023,-3.560359778597788
2015-04-15,32.44,-2.0900000000000034,-2.090359778597789
2015-04-16,31.0,-1.4399999999999977,-1.4403597785977837
2015-04-17,32.67,1.6700000000000017,1.6696402214022157
2015-04-20,32.39,-0.28000000000000114,-0.28035977859778716
2015-04-21,30.95,-1.4400000000000013,-1.4403597785977873
2015-04-22,31.45,0.5,0.499640221402214
2015-04-23,31.84,0.39000000000000057,0.38964022140221455
2015-04-24,33.03,1.1900000000000013,1.1896402214022153
2015-04-27,33.89,0.8599999999999994,0.8596402214022134
2015-04-28,32.58,-1.3100000000000023,-1.3103597785977883
2015-04-29,32.31,-0.269999999999996,-0.27035977859778204
2015-04-30,30.82,-1.490000000000002,-1.490359778597788
2015-05-01,30.1,-0.7199999999999989,-0.7203597785977849
2015-05-04,29.31,-0.7900000000000027,-0.7903597785977887
2015-05-05,30.73,1.4200000000000017,1.4196402214022157
2015-05-06,31.51,0.7800000000000011,0.7796402214022151
2015-05-07,31.01,-0.5,-0.500359778597786
2015-05-08,30.68,-0.33000000000000185,-0.33035977859778787
2015-05-11,29.07,-1.6099999999999994,-1.6103597785977855
2015-05-12,29.11,0.03999999999999915,0.03964022140221315
2015-05-13,27.45,-1.6600000000000001,-1.6603597785977862
2015-05-14,27.09,-0.35999999999999943,-0.36035977859778545
2015-05-15,27.21,0.120000000000001,0.11964022140221499
2015-05-18,27.7,0.48999999999999844,0.4896402214022124
2015-05-19,28.94,1.240000000000002,1.239640221402216
2015-05-20,28.68,-0.26000000000000156,-0.2603597785977876
2015-05-21,28.08,-0.6000000000000014,-0.6003597785977874
2015-05-22,29.71,1.6300000000000026,1.6296402214022165
2015-05-26,31.28,1.5700000000000003,1.5696402214022143
2015-05-27,30.76,-0.5199999999999996,-0.5203597785977856
2015-05-28,31.78,1.0199999999999996,1.0196402214022136
2015-05-29,30.58,-1.2000000000000028,-1.2003597785977889
2015-06-01,31.18,0.6000000000000014,0.5996402214022154
2015-06-02,30.57,-0.6099999999999994,-0.6103597785977855
2015-06-03,29.87,-0.6999999999999993,-0.7003597785977853
2015-06-04,31.37,1.5,1.499640221402214
2015-06-05,31.48,0.10999999999999943,0.10964022140221343
2015-06-08,32.29,0.8099999999999987,0.8096402214022127
2015-06-09,32.37,0.0799999999999983,0.07964022140221229
2015-06-10,30.42,-1.9499999999999957,-1.9503597785977818
2015-06-11,29.59,-0.8300000000000018,-0.8303597785977879
2015-06-12,30.1,0.5100000000000016,0.5096402214022155
2015-06-15,31.12,1.0199999999999996,1.0196402214022136
2015-06-16,31.99,0.8699999999999974,0.8696402214022114
2015-06-17,31.13,-0.8599999999999994,-0.8603597785977855
2015-06-18,30.24,-0.8900000000000006,-0.8903597785977866
2015-06-19,29.73,-0.509999999999998,-0.510359778597784
2015-06-22,29.12,-0.6099999999999994,-0.6103597785977855
2015-06-23,28.13,-0.990000000000002,-0.990359778597788
2015-06-24,27.8,-0.3299999999999983,-0.3303597785977843
2015-06-25,27.58,-0.22000000000000242,-0.2203597785977884
2015-06-26,29.36,1.7800000000000011,1.7796402214022151
2015-06-29,32.25,2.8900000000000006,2.8896402214022148
2015-06-30,31.62,-0.629999999999999,-0.630359778597785
2015-07-01,30.95,-0.6700000000000017,-0.6703597785977877
2015-07-02,30.31,-0.6400000000000006,-0.6403597785977866
2015-07-06,31.53,1.2200000000000024,1.2196402214022164
2015-07-07,36.23,4.699999999999996,4.69964022140221
