Date,Values,Delta Calculations,Delta - Mean(-0.00413284132841)
2011-03-16,38.09, , 
2011-03-17,37.23,-0.8600000000000065,-0.8558671586715966
2011-03-18,33.64,-3.5899999999999963,-3.5858671586715865
2011-03-21,31.46,-2.1799999999999997,-2.17586715867159
2011-03-22,31.34,-0.120000000000001,-0.11586715867159099
2011-03-23,30.62,-0.7199999999999989,-0.7158671586715889
2011-03-24,30.78,0.16000000000000014,0.16413284132841013
2011-03-25,30.24,-0.5400000000000027,-0.5358671586715927
2011-03-28,30.36,0.120000000000001,0.124132841328411
2011-03-29,30.91,0.5500000000000007,0.5541328413284107
2011-03-30,29.76,-1.1499999999999986,-1.1458671586715885
2011-03-31,30.52,0.759999999999998,0.764132841328408
2011-04-01,30.07,-0.4499999999999993,-0.44586715867158927
2011-04-04,30.56,0.48999999999999844,0.49413284132840846
2011-04-05,31.41,0.8500000000000014,0.8541328413284114
2011-04-06,31.36,-0.05000000000000071,-0.04586715867159071
2011-04-07,31.72,0.35999999999999943,0.36413284132840945
2011-04-08,31.65,-0.07000000000000028,-0.06586715867159028
2011-04-11,32.47,0.8200000000000003,0.8241328413284102
2011-04-12,33.29,0.8200000000000003,0.8241328413284102
2011-04-13,31.96,-1.3299999999999983,-1.3258671586715882
2011-04-14,31.17,-0.7899999999999991,-0.7858671586715892
2011-04-15,31.45,0.2799999999999976,0.2841328413284076
2011-04-18,33.74,2.2900000000000027,2.2941328413284126
2011-04-19,31.12,-2.620000000000001,-2.615867158671591
2011-04-20,30.06,-1.0600000000000023,-1.0558671586715922
2011-04-21,29.93,-0.129999999999999,-0.125867158671589
2011-04-25,33.85,3.9200000000000017,3.9241328413284116
2011-04-26,32.53,-1.3200000000000003,-1.3158671586715902
2011-04-27,31.98,-0.5500000000000007,-0.5458671586715907
2011-04-28,32.34,0.360000000000003,0.364132841328413
2011-04-29,32.57,0.22999999999999687,0.23413284132840687
2011-05-02,35.84,3.270000000000003,3.274132841328413
2011-05-03,36.22,0.37999999999999545,0.38413284132840547
2011-05-04,36.04,-0.17999999999999972,-0.17586715867158972
2011-05-05,40.44,4.399999999999999,4.404132841328408
2011-05-06,37.75,-2.6899999999999977,-2.685867158671588
2011-05-09,35.22,-2.530000000000001,-2.5258671586715913
2011-05-10,33.91,-1.3100000000000023,-1.3058671586715922
2011-05-11,35.73,1.8200000000000003,1.8241328413284104
2011-05-12,36.51,0.7800000000000011,0.7841328413284111
2011-05-13,36.44,-0.07000000000000028,-0.06586715867159028
2011-05-16,37.31,0.8700000000000045,0.8741328413284145
2011-05-17,35.44,-1.8700000000000045,-1.8658671586715945
2011-05-18,33.94,-1.5,-1.49586715867159
2011-05-19,32.75,-1.1899999999999977,-1.1858671586715877
2011-05-20,33.57,0.8200000000000003,0.8241328413284102
2011-05-23,33.97,0.3999999999999986,0.4041328413284086
2011-05-24,32.14,-1.8299999999999983,-1.8258671586715882
2011-05-25,30.95,-1.1900000000000013,-1.1858671586715912
2011-05-26,29.63,-1.3200000000000003,-1.3158671586715902
2011-05-27,29.26,-0.36999999999999744,-0.3658671586715874
2011-05-31,30.07,0.8099999999999987,0.8141328413284087
2011-06-01,32.33,2.259999999999998,2.264132841328408
2011-06-02,31.23,-1.0999999999999979,-1.0958671586715878
2011-06-03,31.45,0.21999999999999886,0.22413284132840885
2011-06-06,33.38,1.9300000000000033,1.9341328413284133
2011-06-07,32.58,-0.8000000000000043,-0.7958671586715943
2011-06-08,33.55,0.9699999999999989,0.9741328413284088
2011-06-09,33.0,-0.5499999999999972,-0.5458671586715872
2011-06-10,34.39,1.3900000000000006,1.3941328413284106
2011-06-13,33.66,-0.730000000000004,-0.725867158671594
2011-06-14,32.26,-1.3999999999999986,-1.3958671586715885
2011-06-15,34.21,1.9500000000000028,1.954132841328413
2011-06-16,36.94,2.729999999999997,2.7341328413284067
2011-06-17,36.52,-0.4199999999999946,-0.4158671586715846
2011-06-20,33.14,-3.3800000000000026,-3.3758671586715927
2011-06-21,30.78,-2.3599999999999994,-2.3558671586715896
2011-06-22,30.28,-0.5,-0.49586715867159
2011-06-23,32.84,2.5600000000000023,2.564132841328412
2011-06-24,33.66,0.8199999999999932,0.8241328413284031
2011-06-27,33.54,-0.11999999999999744,-0.11586715867158744
2011-06-28,32.99,-0.5499999999999972,-0.5458671586715872
2011-06-29,31.46,-1.5300000000000011,-1.525867158671591
2011-06-30,29.62,-1.8399999999999999,-1.8358671586715898
2011-07-01,30.68,1.0599999999999987,1.0641328413284088
2011-07-05,30.87,0.19000000000000128,0.19413284132841127
2011-07-06,30.5,-0.370000000000001,-0.365867158671591
2011-07-07,28.91,-1.5899999999999999,-1.5858671586715898
2011-07-08,28.72,-0.19000000000000128,-0.1858671586715913
2011-07-11,30.52,1.8000000000000007,1.8041328413284108
2011-07-12,31.3,0.7800000000000011,0.7841328413284111
2011-07-13,30.9,-0.40000000000000213,-0.3958671586715921
2011-07-14,31.7,0.8000000000000007,0.8041328413284107
2011-07-15,30.43,-1.2699999999999996,-1.2658671586715895
2011-07-18,32.48,2.049999999999997,2.054132841328407
2011-07-19,31.75,-0.7299999999999969,-0.7258671586715869
2011-07-20,31.75,0.0,0.00413284132841
2011-07-21,31.13,-0.620000000000001,-0.615867158671591
2011-07-22,30.81,-0.3200000000000003,-0.31586715867159026
2011-07-25,32.52,1.7100000000000044,1.7141328413284145
2011-07-26,32.62,0.09999999999999432,0.10413284132840432
2011-07-27,34.61,1.990000000000002,1.994132841328412
2011-07-28,34.04,-0.5700000000000003,-0.5658671586715903
2011-07-29,35.59,1.5500000000000043,1.5541328413284143
2011-08-01,35.19,-0.4000000000000057,-0.39586715867159566
2011-08-02,36.28,1.0900000000000034,1.0941328413284135
2011-08-03,34.83,-1.4500000000000028,-1.4458671586715928
2011-08-04,42.82,7.990000000000002,7.994132841328412
2011-08-05,41.5,-1.3200000000000003,-1.3158671586715902
2011-08-08,51.62,10.119999999999997,10.124132841328407
2011-08-09,48.85,-2.769999999999996,-2.765867158671586
2011-08-10,51.46,2.6099999999999994,2.6141328413284093
2011-08-11,47.04,-4.420000000000002,-4.415867158671592
2011-08-12,41.78,-5.259999999999998,-5.255867158671588
2011-08-15,39.76,-2.020000000000003,-2.0158671586715933
2011-08-16,40.22,0.46000000000000085,0.4641328413284109
2011-08-17,40.61,0.39000000000000057,0.3941328413284106
2011-08-18,44.71,4.100000000000001,4.104132841328411
2011-08-19,45.32,0.6099999999999994,0.6141328413284094
2011-08-22,44.58,-0.740000000000002,-0.735867158671592
2011-08-23,42.73,-1.8500000000000014,-1.8458671586715913
2011-08-24,43.96,1.230000000000004,1.234132841328414
2011-08-25,43.47,-0.490000000000002,-0.48586715867159197
2011-08-26,40.25,-3.219999999999999,-3.215867158671589
2011-08-29,40.16,-0.09000000000000341,-0.0858671586715934
2011-08-30,39.35,-0.8099999999999952,-0.8058671586715852
2011-08-31,39.1,-0.25,-0.24586715867159
2011-09-01,38.15,-0.9500000000000028,-0.9458671586715929
2011-09-02,39.38,1.230000000000004,1.234132841328414
2011-09-06,41.54,2.1599999999999966,2.1641328413284064
2011-09-07,40.76,-0.7800000000000011,-0.7758671586715912
2011-09-08,39.9,-0.8599999999999994,-0.8558671586715895
2011-09-09,41.98,2.0799999999999983,2.084132841328408
2011-09-12,45.47,3.490000000000002,3.494132841328412
2011-09-13,41.18,-4.289999999999999,-4.285867158671589
2011-09-14,41.37,0.18999999999999773,0.19413284132840772
2011-09-15,40.8,-0.5700000000000003,-0.5658671586715903
2011-09-16,36.91,-3.8900000000000006,-3.8858671586715907
2011-09-19,36.45,-0.45999999999999375,-0.4558671586715837
2011-09-20,37.99,1.5399999999999991,1.5441328413284092
2011-09-21,40.18,2.1899999999999977,2.1941328413284076
2011-09-22,47.98,7.799999999999997,7.804132841328407
2011-09-23,53.94,5.960000000000001,5.964132841328411
2011-09-26,51.77,-2.1699999999999946,-2.1658671586715847
2011-09-27,48.93,-2.8400000000000034,-2.8358671586715936
2011-09-28,53.52,4.590000000000003,4.594132841328413
2011-09-29,53.64,0.11999999999999744,0.12413284132840745
2011-09-30,53.38,-0.259999999999998,-0.255867158671588
2011-10-03,55.83,2.4499999999999957,2.4541328413284056
2011-10-04,56.5,0.6700000000000017,0.6741328413284117
2011-10-05,52.61,-3.8900000000000006,-3.8858671586715907
2011-10-06,51.32,-1.2899999999999991,-1.285867158671589
2011-10-07,50.74,-0.5799999999999983,-0.5758671586715883
2011-10-10,48.72,-2.020000000000003,-2.0158671586715933
2011-10-11,47.38,-1.3399999999999963,-1.3358671586715862
2011-10-12,44.35,-3.030000000000001,-3.0258671586715913
2011-10-13,43.15,-1.2000000000000028,-1.1958671586715928
2011-10-14,41.82,-1.3299999999999983,-1.3258671586715882
2011-10-17,43.95,2.1300000000000026,2.1341328413284124
2011-10-18,42.91,-1.0400000000000063,-1.0358671586715962
2011-10-19,47.28,4.3700000000000045,4.374132841328414
2011-10-20,48.51,1.2299999999999969,1.234132841328407
2011-10-21,45.83,-2.6799999999999997,-2.67586715867159
2011-10-24,43.3,-2.530000000000001,-2.5258671586715913
2011-10-25,45.06,1.7600000000000051,1.7641328413284152
2011-10-26,42.96,-2.1000000000000014,-2.0958671586715916
2011-10-27,41.64,-1.3200000000000003,-1.3158671586715902
2011-10-28,40.93,-0.7100000000000009,-0.7058671586715909
2011-10-31,42.19,1.259999999999998,1.264132841328408
2011-11-01,46.28,4.090000000000003,4.094132841328413
2011-11-02,44.93,-1.3500000000000014,-1.3458671586715913
2011-11-03,42.01,-2.9200000000000017,-2.915867158671592
2011-11-04,42.89,0.8800000000000026,0.8841328413284125
2011-11-07,42.64,-0.25,-0.24586715867159
2011-11-08,40.19,-2.450000000000003,-2.445867158671593
2011-11-09,44.17,3.980000000000004,3.984132841328414
2011-11-10,42.18,-1.990000000000002,-1.985867158671592
2011-11-11,39.18,-3.0,-2.99586715867159
2011-11-14,41.22,2.039999999999999,2.044132841328409
2011-11-15,41.18,-0.03999999999999915,-0.03586715867158915
2011-11-16,42.73,1.5499999999999972,1.5541328413284072
2011-11-17,43.37,0.6400000000000006,0.6441328413284105
2011-11-18,40.52,-2.8499999999999943,-2.8458671586715845
2011-11-21,43.18,2.6599999999999966,2.6641328413284064
2011-11-22,40.51,-2.6700000000000017,-2.665867158671592
2011-11-23,40.68,0.1700000000000017,0.1741328413284117
2011-11-25,41.23,0.5499999999999972,0.5541328413284071
2011-11-28,39.97,-1.259999999999998,-1.255867158671588
2011-11-29,40.08,0.10999999999999943,0.11413284132840944
2011-11-30,39.81,-0.269999999999996,-0.265867158671586
2011-12-01,38.37,-1.4400000000000048,-1.4358671586715948
2011-12-02,39.4,1.0300000000000011,1.0341328413284112
2011-12-05,40.08,0.6799999999999997,0.6841328413284097
2011-12-06,39.9,-0.17999999999999972,-0.17586715867158972
2011-12-07,38.84,-1.0599999999999952,-1.055867158671585
2011-12-08,41.81,2.969999999999999,2.9741328413284087
2011-12-09,38.99,-2.8200000000000003,-2.8158671586715904
2011-12-12,39.46,0.46999999999999886,0.4741328413284089
2011-12-13,37.27,-2.1899999999999977,-2.185867158671588
2011-12-14,42.36,5.089999999999996,5.094132841328406
2011-12-15,39.7,-2.6599999999999966,-2.6558671586715867
2011-12-16,36.59,-3.1099999999999994,-3.1058671586715896
2011-12-19,37.81,1.2199999999999989,1.224132841328409
2011-12-20,34.68,-3.1300000000000026,-3.1258671586715927
2011-12-21,34.5,-0.17999999999999972,-0.17586715867158972
2011-12-22,34.31,-0.18999999999999773,-0.18586715867158773
2011-12-23,33.8,-0.5100000000000051,-0.5058671586715952
2011-12-27,35.67,1.8700000000000045,1.8741328413284146
2011-12-28,39.78,4.109999999999999,4.114132841328409
2011-12-29,39.07,-0.7100000000000009,-0.7058671586715909
2011-12-30,38.02,-1.0499999999999972,-1.045867158671587
2012-01-03,35.9,-2.1200000000000045,-2.1158671586715947
2012-01-04,35.33,-0.5700000000000003,-0.5658671586715903
2012-01-05,34.74,-0.5899999999999963,-0.5858671586715863
2012-01-06,34.07,-0.6700000000000017,-0.6658671586715917
2012-01-09,33.51,-0.5600000000000023,-0.5558671586715923
2012-01-10,33.02,-0.4899999999999949,-0.48586715867158486
2012-01-11,33.76,0.7399999999999949,0.7441328413284048
2012-01-12,33.5,-0.259999999999998,-0.255867158671588
2012-01-13,32.81,-0.6899999999999977,-0.6858671586715878
2012-01-17,35.1,2.289999999999999,2.294132841328409
2012-01-18,33.8,-1.3000000000000043,-1.2958671586715942
2012-01-19,33.04,-0.759999999999998,-0.755867158671588
2012-01-20,30.98,-2.0599999999999987,-2.055867158671589
2012-01-23,30.93,-0.05000000000000071,-0.04586715867159071
2012-01-24,30.61,-0.3200000000000003,-0.31586715867159026
2012-01-25,32.84,2.230000000000004,2.234132841328414
2012-01-26,32.94,0.09999999999999432,0.10413284132840432
2012-01-27,32.11,-0.8299999999999983,-0.8258671586715883
2012-01-30,32.93,0.8200000000000003,0.8241328413284102
2012-01-31,33.11,0.17999999999999972,0.1841328413284097
2012-02-01,31.18,-1.9299999999999997,-1.9258671586715896
2012-02-02,30.47,-0.7100000000000009,-0.7058671586715909
2012-02-03,32.27,1.8000000000000043,1.8041328413284143
2012-02-06,31.57,-0.7000000000000028,-0.6958671586715929
2012-02-07,31.59,0.019999999999999574,0.024132841328409572
2012-02-08,31.24,-0.3500000000000014,-0.3458671586715914
2012-02-09,30.78,-0.4599999999999973,-0.4558671586715873
2012-02-10,32.67,1.8900000000000006,1.8941328413284106
2012-02-13,31.9,-0.7700000000000031,-0.7658671586715932
2012-02-14,32.82,0.9200000000000017,0.9241328413284117
2012-02-15,33.85,1.0300000000000011,1.0341328413284112
2012-02-16,33.58,-0.2700000000000031,-0.2658671586715931
2012-02-17,31.11,-2.469999999999999,-2.465867158671589
2012-02-21,29.15,-1.9600000000000009,-1.9558671586715908
2012-02-22,29.33,0.17999999999999972,0.1841328413284097
2012-02-23,28.74,-0.5899999999999999,-0.5858671586715899
2012-02-24,28.81,0.07000000000000028,0.07413284132841029
2012-02-27,29.79,0.9800000000000004,0.9841328413284104
2012-02-28,30.74,0.9499999999999993,0.9541328413284093
2012-02-29,31.98,1.240000000000002,1.244132841328412
2012-03-01,29.61,-2.370000000000001,-2.365867158671591
2012-03-02,29.48,-0.129999999999999,-0.125867158671589
2012-03-05,30.58,1.0999999999999979,1.104132841328408
2012-03-06,33.55,2.969999999999999,2.9741328413284087
2012-03-07,31.68,-1.8699999999999974,-1.8658671586715874
2012-03-08,30.93,-0.75,-0.74586715867159
2012-03-09,29.53,-1.3999999999999986,-1.3958671586715885
2012-03-12,29.07,-0.46000000000000085,-0.45586715867159083
2012-03-13,28.67,-0.3999999999999986,-0.39586715867158856
2012-03-14,31.01,2.34,2.3441328413284097
2012-03-15,29.07,-1.9400000000000013,-1.9358671586715912
2012-03-16,27.47,-1.6000000000000014,-1.5958671586715913
2012-03-19,26.7,-0.7699999999999996,-0.7658671586715896
2012-03-20,28.15,1.4499999999999993,1.4541328413284094
2012-03-21,28.07,-0.0799999999999983,-0.07586715867158829
2012-03-22,30.27,2.1999999999999993,2.204132841328409
2012-03-23,29.49,-0.7800000000000011,-0.7758671586715912
2012-03-26,29.26,-0.22999999999999687,-0.22586715867158688
2012-03-27,29.35,0.08999999999999986,0.09413284132840986
2012-03-28,30.49,1.139999999999997,1.144132841328407
2012-03-29,30.58,0.08999999999999986,0.09413284132840986
2012-03-30,29.18,-1.3999999999999986,-1.3958671586715885
2012-04-02,28.87,-0.3099999999999987,-0.3058671586715887
2012-04-03,30.72,1.8499999999999979,1.854132841328408
2012-04-04,33.4,2.6799999999999997,2.6841328413284096
2012-04-05,32.18,-1.2199999999999989,-1.2158671586715888
2012-04-09,36.18,4.0,4.00413284132841
2012-04-10,37.07,0.8900000000000006,0.8941328413284105
2012-04-11,35.25,-1.8200000000000003,-1.8158671586715902
2012-04-12,32.91,-2.3400000000000034,-2.3358671586715936
2012-04-13,33.1,0.19000000000000483,0.19413284132841482
2012-04-16,34.97,1.8699999999999974,1.8741328413284075
2012-04-17,33.93,-1.0399999999999991,-1.035867158671589
2012-04-18,35.01,1.0799999999999983,1.0841328413284084
2012-04-19,34.8,-0.21000000000000085,-0.20586715867159086
2012-04-20,33.67,-1.1299999999999955,-1.1258671586715854
2012-04-23,36.06,2.3900000000000006,2.3941328413284104
2012-04-24,34.13,-1.9299999999999997,-1.9258671586715896
2012-04-25,33.76,-0.37000000000000455,-0.36586715867159453
2012-04-26,31.06,-2.6999999999999993,-2.6958671586715894
2012-04-27,30.76,-0.29999999999999716,-0.29586715867158714
2012-04-30,32.65,1.889999999999997,1.894132841328407
2012-05-01,31.77,-0.879999999999999,-0.875867158671589
2012-05-02,31.85,0.08000000000000185,0.08413284132841185
2012-05-03,33.15,1.2999999999999972,1.3041328413284072
2012-05-04,33.78,0.6300000000000026,0.6341328413284125
2012-05-07,34.46,0.6799999999999997,0.6841328413284097
2012-05-08,36.55,2.0899999999999963,2.094132841328406
2012-05-09,37.53,0.980000000000004,0.9841328413284139
2012-05-10,35.64,-1.8900000000000006,-1.8858671586715905
2012-05-11,35.73,0.0899999999999963,0.09413284132840631
2012-05-14,40.09,4.3600000000000065,4.364132841328416
2012-05-15,42.17,2.0799999999999983,2.084132841328408
2012-05-16,43.24,1.0700000000000003,1.0741328413284104
2012-05-17,43.94,0.6999999999999957,0.7041328413284057
2012-05-18,42.78,-1.1599999999999966,-1.1558671586715865
2012-05-21,39.17,-3.6099999999999994,-3.6058671586715896
2012-05-22,38.95,-0.21999999999999886,-0.21586715867158887
2012-05-23,39.3,0.3499999999999943,0.35413284132840434
2012-05-24,39.6,0.30000000000000426,0.3041328413284143
2012-05-25,38.4,-1.2000000000000028,-1.1958671586715928
2012-05-29,39.33,0.9299999999999997,0.9341328413284097
2012-05-30,41.6,2.270000000000003,2.274132841328413
2012-05-31,41.52,-0.0799999999999983,-0.07586715867158829
2012-06-01,41.54,0.01999999999999602,0.02413284132840602
2012-06-04,41.42,-0.11999999999999744,-0.11586715867158744
2012-06-05,41.17,-0.25,-0.24586715867159
2012-06-06,40.84,-0.3299999999999983,-0.3258671586715883
2012-06-07,40.77,-0.07000000000000028,-0.06586715867159028
2012-06-08,39.21,-1.5600000000000023,-1.5558671586715922
2012-06-11,39.74,0.5300000000000011,0.5341328413284111
2012-06-12,39.04,-0.7000000000000028,-0.6958671586715929
2012-06-13,40.63,1.5900000000000034,1.5941328413284135
2012-06-14,39.68,-0.9500000000000028,-0.9458671586715929
2012-06-15,38.44,-1.240000000000002,-1.235867158671592
2012-06-18,35.17,-3.269999999999996,-3.265867158671586
2012-06-19,34.34,-0.8299999999999983,-0.8258671586715883
2012-06-20,32.96,-1.3800000000000026,-1.3758671586715925
2012-06-21,36.74,3.780000000000001,3.784132841328411
2012-06-22,36.52,-0.21999999999999886,-0.21586715867158887
2012-06-25,38.02,1.5,1.50413284132841
2012-06-26,37.0,-1.0200000000000031,-1.015867158671593
2012-06-27,36.71,-0.28999999999999915,-0.2858671586715891
2012-06-28,37.1,0.39000000000000057,0.3941328413284106
2012-06-29,34.66,-2.440000000000005,-2.435867158671595
2012-07-02,33.65,-1.009999999999998,-1.005867158671588
2012-07-03,35.71,2.0600000000000023,2.064132841328412
2012-07-05,32.49,-3.219999999999999,-3.215867158671589
2012-07-06,33.99,1.5,1.50413284132841
2012-07-09,34.85,0.8599999999999994,0.8641328413284094
2012-07-10,36.3,1.4499999999999957,1.4541328413284058
2012-07-11,36.4,0.10000000000000142,0.10413284132841143
2012-07-12,36.61,0.21000000000000085,0.21413284132841084
2012-07-13,34.55,-2.0600000000000023,-2.0558671586715924
2012-07-16,35.24,0.6900000000000048,0.6941328413284148
2012-07-17,34.78,-0.46000000000000085,-0.45586715867159083
2012-07-18,34.38,-0.3999999999999986,-0.39586715867158856
2012-07-19,33.2,-1.1799999999999997,-1.1758671586715896
2012-07-20,33.37,0.1699999999999946,0.1741328413284046
2012-07-23,35.34,1.970000000000006,1.974132841328416
2012-07-24,36.31,0.9699999999999989,0.9741328413284088
2012-07-25,36.41,0.09999999999999432,0.10413284132840432
2012-07-26,34.85,-1.5599999999999952,-1.555867158671585
2012-07-27,33.15,-1.7000000000000028,-1.6958671586715928
2012-07-30,33.13,-0.01999999999999602,-0.015867158671586022
2012-07-31,34.18,1.0499999999999972,1.0541328413284072
2012-08-01,35.16,0.9799999999999969,0.9841328413284068
2012-08-02,35.9,0.740000000000002,0.744132841328412
2012-08-03,33.68,-2.219999999999999,-2.215867158671589
2012-08-06,33.94,0.259999999999998,0.26413284132840803
2012-08-07,32.81,-1.1299999999999955,-1.1258671586715854
2012-08-08,32.33,-0.480000000000004,-0.47586715867159396
2012-08-09,31.88,-0.4499999999999993,-0.44586715867158927
2012-08-10,30.53,-1.3499999999999979,-1.3458671586715878
2012-08-13,30.25,-0.28000000000000114,-0.2758671586715911
2012-08-14,30.53,0.28000000000000114,0.28413284132841116
2012-08-15,28.83,-1.7000000000000028,-1.6958671586715928
2012-08-16,29.28,0.45000000000000284,0.45413284132841286
2012-08-17,27.58,-1.7000000000000028,-1.6958671586715928
2012-08-20,27.78,0.20000000000000284,0.20413284132841283
2012-08-21,28.11,0.3299999999999983,0.3341328413284083
2012-08-22,29.04,0.9299999999999997,0.9341328413284097
2012-08-23,30.08,1.0399999999999991,1.0441328413284092
2012-08-24,29.33,-0.75,-0.74586715867159
2012-08-27,30.05,0.7200000000000024,0.7241328413284124
2012-08-28,30.62,0.5700000000000003,0.5741328413284102
2012-08-29,30.16,-0.46000000000000085,-0.45586715867159083
2012-08-30,31.64,1.4800000000000004,1.4841328413284105
2012-08-31,31.46,-0.17999999999999972,-0.17586715867158972
2012-09-04,32.27,0.8100000000000023,0.8141328413284122
2012-09-05,32.21,-0.060000000000002274,-0.055867158671592275
2012-09-06,30.17,-2.039999999999999,-2.0358671586715893
2012-09-07,29.55,-0.620000000000001,-0.615867158671591
2012-09-10,30.94,1.3900000000000006,1.3941328413284106
2012-09-11,32.0,1.0599999999999987,1.0641328413284088
2012-09-12,32.02,0.020000000000003126,0.024132841328413125
2012-09-13,31.54,-0.480000000000004,-0.47586715867159396
2012-09-14,31.27,-0.2699999999999996,-0.26586715867158955
2012-09-17,31.82,0.5500000000000007,0.5541328413284107
2012-09-18,31.75,-0.07000000000000028,-0.06586715867159028
2012-09-19,31.88,0.129999999999999,0.134132841328409
2012-09-20,32.0,0.120000000000001,0.124132841328411
2012-09-21,31.65,-0.3500000000000014,-0.3458671586715914
2012-09-24,31.94,0.2900000000000027,0.2941328413284127
2012-09-25,33.31,1.370000000000001,1.374132841328411
2012-09-26,34.93,1.6199999999999974,1.6241328413284075
2012-09-27,33.83,-1.1000000000000014,-1.0958671586715913
2012-09-28,33.64,-0.18999999999999773,-0.18586715867158773
2012-10-01,33.36,-0.28000000000000114,-0.2758671586715911
2012-10-02,32.46,-0.8999999999999986,-0.8958671586715886
2012-10-03,32.84,0.38000000000000256,0.3841328413284126
2012-10-04,32.81,-0.030000000000001137,-0.025867158671591138
2012-10-05,32.76,-0.05000000000000426,-0.045867158671594264
2012-10-08,33.18,0.4200000000000017,0.4241328413284117
2012-10-09,34.18,1.0,1.00413284132841
2012-10-10,33.52,-0.6599999999999966,-0.6558671586715866
2012-10-11,32.53,-0.990000000000002,-0.985867158671592
2012-10-12,32.63,0.10000000000000142,0.10413284132841143
2012-10-15,32.65,0.01999999999999602,0.02413284132840602
2012-10-16,31.59,-1.0599999999999987,-1.0558671586715886
2012-10-17,31.24,-0.3500000000000014,-0.3458671586715914
2012-10-18,31.93,0.6900000000000013,0.6941328413284112
2012-10-19,33.06,1.1300000000000026,1.1341328413284126
2012-10-22,30.92,-2.1400000000000006,-2.1358671586715907
2012-10-23,32.82,1.8999999999999986,1.9041328413284087
2012-10-24,33.76,0.9399999999999977,0.9441328413284077
2012-10-25,33.49,-0.269999999999996,-0.265867158671586
2012-10-26,33.99,0.5,0.50413284132841
2012-10-31,33.49,-0.5,-0.49586715867159
2012-11-01,32.94,-0.5500000000000043,-0.5458671586715943
2012-11-02,34.22,1.2800000000000011,1.2841328413284112
2012-11-05,35.95,1.730000000000004,1.734132841328414
2012-11-06,35.32,-0.6300000000000026,-0.6258671586715926
2012-11-07,34.94,-0.38000000000000256,-0.37586715867159254
2012-11-08,34.06,-0.8799999999999955,-0.8758671586715855
2012-11-09,33.48,-0.5800000000000054,-0.5758671586715954
2012-11-12,32.32,-1.1599999999999966,-1.1558671586715865
2012-11-13,32.28,-0.03999999999999915,-0.03586715867158915
2012-11-14,37.33,5.049999999999997,5.054132841328407
2012-11-15,35.5,-1.8299999999999983,-1.8258671586715882
2012-11-16,34.79,-0.7100000000000009,-0.7058671586715909
2012-11-19,33.0,-1.7899999999999991,-1.785867158671589
2012-11-20,30.8,-2.1999999999999993,-2.1958671586715894
2012-11-21,30.13,-0.6700000000000017,-0.6658671586715917
2012-11-23,30.13,0.0,0.00413284132841
2012-11-26,30.95,0.8200000000000003,0.8241328413284102
2012-11-27,31.45,0.5,0.50413284132841
2012-11-28,31.13,-0.3200000000000003,-0.31586715867159026
2012-11-29,30.59,-0.5399999999999991,-0.5358671586715892
2012-11-30,31.32,0.7300000000000004,0.7341328413284104
2012-12-03,32.62,1.2999999999999972,1.3041328413284072
2012-12-04,32.12,-0.5,-0.49586715867159
2012-12-05,32.6,0.480000000000004,0.484132841328414
2012-12-06,32.3,-0.30000000000000426,-0.29586715867159424
2012-12-07,31.93,-0.36999999999999744,-0.3658671586715874
2012-12-10,32.82,0.8900000000000006,0.8941328413284105
2012-12-11,31.83,-0.990000000000002,-0.985867158671592
2012-12-12,31.65,-0.17999999999999972,-0.17586715867158972
2012-12-13,32.0,0.3500000000000014,0.35413284132841144
2012-12-14,31.74,-0.26000000000000156,-0.25586715867159154
2012-12-17,31.27,-0.46999999999999886,-0.46586715867158884
2012-12-18,31.98,0.7100000000000009,0.7141328413284108
2012-12-19,31.65,-0.33000000000000185,-0.32586715867159183
2012-12-20,32.37,0.7199999999999989,0.7241328413284088
2012-12-21,29.76,-2.609999999999996,-2.605867158671586
2012-12-24,29.76,0.0,0.00413284132841
2012-12-26,31.32,1.5599999999999987,1.5641328413284088
2012-12-27,31.28,-0.03999999999999915,-0.03586715867158915
2012-12-28,31.35,0.07000000000000028,0.07413284132841029
2012-12-31,39.12,7.769999999999996,7.774132841328406
2013-01-02,28.29,-10.829999999999998,-10.825867158671588
2013-01-03,28.75,0.46000000000000085,0.4641328413284109
2013-01-04,27.65,-1.1000000000000014,-1.0958671586715913
2013-01-07,28.87,1.2200000000000024,1.2241328413284125
2013-01-08,27.91,-0.9600000000000009,-0.9558671586715909
2013-01-09,27.47,-0.4400000000000013,-0.43586715867159126
2013-01-10,27.29,-0.17999999999999972,-0.17586715867158972
2013-01-11,26.48,-0.8099999999999987,-0.8058671586715888
2013-01-14,26.21,-0.2699999999999996,-0.26586715867158955
2013-01-15,25.63,-0.5800000000000018,-0.5758671586715919
2013-01-16,26.24,0.6099999999999994,0.6141328413284094
2013-01-17,27.09,0.8500000000000014,0.8541328413284114
2013-01-18,25.76,-1.3299999999999983,-1.3258671586715882
2013-01-22,24.84,-0.9200000000000017,-0.9158671586715917
2013-01-23,25.8,0.9600000000000009,0.9641328413284108
2013-01-24,27.38,1.5799999999999983,1.5841328413284084
2013-01-25,27.99,0.6099999999999994,0.6141328413284094
2013-01-28,28.78,0.7900000000000027,0.7941328413284127
2013-01-29,27.12,-1.6600000000000001,-1.65586715867159
2013-01-30,28.16,1.0399999999999991,1.0441328413284092
2013-01-31,28.0,-0.16000000000000014,-0.15586715867159015
2013-02-01,27.99,-0.010000000000001563,-0.0058671586715915635
2013-02-04,28.01,0.020000000000003126,0.024132841328413125
2013-02-05,26.24,-1.7700000000000031,-1.765867158671593
2013-02-06,25.93,-0.3099999999999987,-0.3058671586715887
2013-02-07,26.23,0.3000000000000007,0.30413284132841073
2013-02-08,25.68,-0.5500000000000007,-0.5458671586715907
2013-02-11,25.66,-0.019999999999999574,-0.015867158671589575
2013-02-12,25.83,0.16999999999999815,0.17413284132840814
2013-02-13,25.59,-0.23999999999999844,-0.23586715867158844
2013-02-14,25.84,0.25,0.25413284132841
2013-02-15,26.72,0.879999999999999,0.884132841328409
2013-02-19,28.07,1.3500000000000014,1.3541328413284115
2013-02-20,31.72,3.6499999999999986,3.6541328413284084
2013-02-21,31.72,0.0,0.00413284132841
2013-02-22,31.67,-0.04999999999999716,-0.04586715867158716
2013-02-25,33.68,2.009999999999998,2.014132841328408
2013-02-26,32.01,-1.6700000000000017,-1.6658671586715916
2013-02-27,30.79,-1.2199999999999989,-1.2158671586715888
2013-02-28,30.76,-0.029999999999997584,-0.025867158671587585
2013-03-01,30.55,-0.21000000000000085,-0.20586715867159086
2013-03-04,32.05,1.4999999999999964,1.5041328413284065
2013-03-05,30.39,-1.6599999999999966,-1.6558671586715865
2013-03-06,30.08,-0.3100000000000023,-0.30586715867159225
2013-03-07,29.79,-0.28999999999999915,-0.2858671586715891
2013-03-08,29.6,-0.18999999999999773,-0.18586715867158773
2013-03-11,28.15,-1.4500000000000028,-1.4458671586715928
2013-03-12,28.33,0.17999999999999972,0.1841328413284097
2013-03-13,29.14,0.8100000000000023,0.8141328413284122
2013-03-14,27.94,-1.1999999999999993,-1.1958671586715892
2013-03-15,27.18,-0.7600000000000016,-0.7558671586715916
2013-03-18,27.97,0.7899999999999991,0.7941328413284091
2013-03-19,29.34,1.370000000000001,1.374132841328411
2013-03-20,28.93,-0.41000000000000014,-0.4058671586715901
2013-03-21,28.7,-0.23000000000000043,-0.22586715867159043
2013-03-22,28.16,-0.5399999999999991,-0.5358671586715892
2013-03-25,28.84,0.6799999999999997,0.6841328413284097
2013-03-26,27.19,-1.6499999999999986,-1.6458671586715885
2013-03-27,27.24,0.04999999999999716,0.05413284132840716
2013-03-28,26.7,-0.5399999999999991,-0.5358671586715892
2013-04-01,28.23,1.5300000000000011,1.5341328413284112
2013-04-02,29.26,1.0300000000000011,1.0341328413284112
2013-04-03,32.33,3.0699999999999967,3.0741328413284066
2013-04-04,31.9,-0.4299999999999997,-0.4258671586715897
2013-04-05,34.8,2.8999999999999986,2.9041328413284084
2013-04-08,31.86,-2.9399999999999977,-2.935867158671588
2013-04-09,30.85,-1.009999999999998,-1.005867158671588
2013-04-10,32.05,1.1999999999999957,1.2041328413284058
2013-04-11,32.62,0.5700000000000003,0.5741328413284102
2013-04-12,35.93,3.3100000000000023,3.314132841328412
2013-04-15,45.41,9.479999999999997,9.484132841328407
2013-04-16,42.14,-3.269999999999996,-3.265867158671586
2013-04-17,51.29,9.149999999999999,9.154132841328408
2013-04-18,50.02,-1.269999999999996,-1.265867158671586
2013-04-19,46.17,-3.8500000000000014,-3.8458671586715916
2013-04-22,43.66,-2.510000000000005,-2.5058671586715953
2013-04-23,42.56,-1.0999999999999943,-1.0958671586715842
2013-04-24,40.34,-2.219999999999999,-2.215867158671589
2013-04-25,40.4,0.05999999999999517,0.06413284132840517
2013-04-26,41.62,1.2199999999999989,1.224132841328409
2013-04-29,41.16,-0.46000000000000085,-0.45586715867159083
2013-04-30,39.9,-1.259999999999998,-1.255867158671588
2013-05-01,40.27,0.37000000000000455,0.37413284132841457
2013-05-02,51.46,11.189999999999998,11.194132841328408
2013-05-03,38.62,-12.840000000000003,-12.835867158671594
2013-05-06,38.73,0.10999999999999943,0.11413284132840944
2013-05-07,40.97,2.240000000000002,2.244132841328412
2013-05-08,37.6,-3.3699999999999974,-3.3658671586715876
2013-05-09,39.24,1.6400000000000006,1.6441328413284106
2013-05-10,41.2,1.9600000000000009,1.964132841328411
2013-05-13,43.07,1.8699999999999974,1.8741328413284075
2013-05-14,43.03,-0.03999999999999915,-0.03586715867158915
2013-05-15,45.58,2.549999999999997,2.554132841328407
2013-05-16,43.94,-1.6400000000000006,-1.6358671586715905
2013-05-17,43.55,-0.39000000000000057,-0.38586715867159055
2013-05-20,42.55,-1.0,-0.99586715867159
2013-05-21,42.39,-0.1599999999999966,-0.1558671586715866
2013-05-22,42.78,0.39000000000000057,0.3941328413284106
2013-05-23,42.21,-0.5700000000000003,-0.5658671586715903
2013-05-24,45.87,3.6599999999999966,3.6641328413284064
2013-05-28,42.36,-3.509999999999998,-3.505867158671588
2013-05-29,42.0,-0.35999999999999943,-0.3558671586715894
2013-05-30,42.66,0.6599999999999966,0.6641328413284066
2013-05-31,42.58,-0.0799999999999983,-0.07586715867158829
2013-06-03,43.45,0.8700000000000045,0.8741328413284145
2013-06-04,42.77,-0.6799999999999997,-0.6758671586715898
2013-06-05,43.9,1.1299999999999955,1.1341328413284055
2013-06-06,42.69,-1.2100000000000009,-1.2058671586715908
2013-06-07,43.42,0.730000000000004,0.7341328413284139
2013-06-10,41.73,-1.6900000000000048,-1.6858671586715948
2013-06-11,49.07,7.340000000000003,7.344132841328413
2013-06-12,43.42,-5.649999999999999,-5.645867158671589
2013-06-13,42.56,-0.8599999999999994,-0.8558671586715895
2013-06-14,41.92,-0.6400000000000006,-0.6358671586715906
2013-06-17,41.1,-0.8200000000000003,-0.8158671586715903
2013-06-18,43.75,2.6499999999999986,2.6541328413284084
2013-06-19,37.87,-5.880000000000003,-5.875867158671593
2013-06-20,44.43,6.560000000000002,6.564132841328412
2013-06-21,45.79,1.3599999999999994,1.3641328413284095
2013-06-24,50.24,4.450000000000003,4.454132841328413
2013-06-25,48.01,-2.230000000000004,-2.225867158671594
2013-06-26,50.26,2.25,2.25413284132841
2013-06-27,53.08,2.8200000000000003,2.82413284132841
2013-06-28,53.26,0.17999999999999972,0.1841328413284097
2013-07-01,49.18,-4.079999999999998,-4.075867158671588
2013-07-02,50.21,1.0300000000000011,1.0341328413284112
2013-07-03,48.83,-1.3800000000000026,-1.3758671586715925
2013-07-05,51.02,2.190000000000005,2.1941328413284147
2013-07-08,53.11,2.0899999999999963,2.094132841328406
2013-07-09,50.21,-2.8999999999999986,-2.8958671586715887
2013-07-10,49.99,-0.21999999999999886,-0.21586715867158887
2013-07-11,46.15,-3.8400000000000034,-3.8358671586715936
2013-07-12,47.42,1.2700000000000031,1.2741328413284132
2013-07-15,49.15,1.7299999999999969,1.734132841328407
2013-07-16,47.68,-1.4699999999999989,-1.4658671586715888
2013-07-17,47.16,-0.5200000000000031,-0.5158671586715932
2013-07-18,46.07,-1.0899999999999963,-1.0858671586715862
2013-07-19,44.34,-1.7299999999999969,-1.7258671586715868
2013-07-22,46.13,1.7899999999999991,1.7941328413284092
2013-07-23,45.55,-0.5800000000000054,-0.5758671586715954
2013-07-24,47.41,1.8599999999999994,1.8641328413284095
2013-07-25,46.74,-0.6699999999999946,-0.6658671586715846
2013-07-26,46.51,-0.23000000000000398,-0.225867158671594
2013-07-29,47.65,1.1400000000000006,1.1441328413284106
2013-07-30,47.85,0.20000000000000284,0.20413284132841283
2013-07-31,47.92,0.07000000000000028,0.07413284132841029
2013-08-01,47.08,-0.8400000000000034,-0.8358671586715934
2013-08-02,46.36,-0.7199999999999989,-0.7158671586715889
2013-08-05,45.56,-0.7999999999999972,-0.7958671586715872
2013-08-06,48.18,2.6199999999999974,2.6241328413284073
2013-08-07,49.17,0.990000000000002,0.994132841328412
2013-08-08,47.96,-1.2100000000000009,-1.2058671586715908
2013-08-09,46.06,-1.8999999999999986,-1.8958671586715885
2013-08-12,47.24,1.1799999999999997,1.1841328413284098
2013-08-13,46.16,-1.0800000000000054,-1.0758671586715953
2013-08-14,47.46,1.3000000000000043,1.3041328413284143
2013-08-15,49.52,2.0600000000000023,2.064132841328412
2013-08-16,48.7,-0.8200000000000003,-0.8158671586715903
2013-08-19,48.79,0.0899999999999963,0.09413284132840631
2013-08-20,47.55,-1.240000000000002,-1.235867158671592
2013-08-21,47.83,0.28000000000000114,0.28413284132841116
2013-08-22,47.28,-0.5499999999999972,-0.5458671586715872
2013-08-23,46.59,-0.6899999999999977,-0.6858671586715878
2013-08-26,47.57,0.9799999999999969,0.9841328413284068
2013-08-27,49.56,1.990000000000002,1.994132841328412
2013-08-28,49.59,0.030000000000001137,0.034132841328411136
2013-08-29,48.22,-1.3700000000000045,-1.3658671586715945
2013-08-30,47.42,-0.7999999999999972,-0.7958671586715872
2013-09-03,47.57,0.14999999999999858,0.15413284132840857
2013-09-04,45.02,-2.549999999999997,-2.5458671586715873
2013-09-05,46.95,1.9299999999999997,1.9341328413284098
2013-09-06,45.11,-1.8400000000000034,-1.8358671586715933
2013-09-09,45.58,0.46999999999999886,0.4741328413284089
2013-09-10,45.94,0.35999999999999943,0.36413284132840945
2013-09-11,44.88,-1.0599999999999952,-1.055867158671585
2013-09-12,46.89,2.009999999999998,2.014132841328408
2013-09-13,45.53,-1.3599999999999994,-1.3558671586715894
2013-09-16,46.25,0.7199999999999989,0.7241328413284088
2013-09-17,47.17,0.9200000000000017,0.9241328413284117
2013-09-18,46.95,-0.21999999999999886,-0.21586715867158887
2013-09-19,48.02,1.0700000000000003,1.0741328413284104
2013-09-20,50.33,2.309999999999995,2.314132841328405
2013-09-23,49.28,-1.0499999999999972,-1.045867158671587
2013-09-24,48.75,-0.5300000000000011,-0.5258671586715912
2013-09-25,47.22,-1.5300000000000011,-1.525867158671591
2013-09-26,46.3,-0.9200000000000017,-0.9158671586715917
2013-09-27,45.94,-0.35999999999999943,-0.3558671586715894
2013-09-30,46.6,0.6600000000000037,0.6641328413284137
2013-10-01,47.88,1.2800000000000011,1.2841328413284112
2013-10-02,48.01,0.12999999999999545,0.13413284132840544
2013-10-03,47.94,-0.07000000000000028,-0.06586715867159028
2013-10-04,46.77,-1.1699999999999946,-1.1658671586715845
2013-10-07,46.81,0.03999999999999915,0.044132841328409146
2013-10-08,48.25,1.4399999999999977,1.4441328413284078
2013-10-09,48.38,0.13000000000000256,0.13413284132841255
2013-10-10,46.25,-2.1300000000000026,-2.1258671586715927
2013-10-11,45.76,-0.490000000000002,-0.48586715867159197
2013-10-14,45.53,-0.22999999999999687,-0.22586715867158688
2013-10-15,45.0,-0.5300000000000011,-0.5258671586715912
2013-10-16,42.98,-2.020000000000003,-2.0158671586715933
2013-10-17,42.7,-0.27999999999999403,-0.275867158671584
2013-10-18,42.27,-0.4299999999999997,-0.4258671586715897
2013-10-21,40.19,-2.0800000000000054,-2.0758671586715955
2013-10-22,41.6,1.4100000000000037,1.4141328413284138
2013-10-23,42.11,0.509999999999998,0.514132841328408
2013-10-24,43.91,1.7999999999999972,1.8041328413284072
2013-10-25,42.91,-1.0,-0.99586715867159
2013-10-28,43.53,0.6200000000000045,0.6241328413284145
2013-10-29,42.2,-1.3299999999999983,-1.3258671586715882
2013-10-30,41.31,-0.8900000000000006,-0.8858671586715906
2013-10-31,42.12,0.8099999999999952,0.8141328413284051
2013-11-01,42.82,0.7000000000000028,0.7041328413284128
2013-11-04,42.26,-0.5600000000000023,-0.5558671586715923
2013-11-05,42.01,-0.25,-0.24586715867159
2013-11-06,40.91,-1.1000000000000014,-1.0958671586715913
2013-11-07,41.88,0.970000000000006,0.9741328413284159
2013-11-08,40.3,-1.5800000000000054,-1.5758671586715953
2013-11-11,42.09,1.7900000000000063,1.7941328413284163
2013-11-12,41.64,-0.45000000000000284,-0.4458671586715928
2013-11-13,41.13,-0.509999999999998,-0.505867158671588
2013-11-14,40.1,-1.0300000000000011,-1.025867158671591
2013-11-15,38.98,-1.1200000000000045,-1.1158671586715945
2013-11-18,39.1,0.12000000000000455,0.12413284132841455
2013-11-19,38.33,-0.7700000000000031,-0.7658671586715932
2013-11-20,41.6,3.270000000000003,3.274132841328413
2013-11-21,41.02,-0.5799999999999983,-0.5758671586715883
2013-11-22,39.99,-1.0300000000000011,-1.025867158671591
2013-11-25,41.63,1.6400000000000006,1.6441328413284106
2013-11-26,42.19,0.5599999999999952,0.5641328413284051
2013-11-27,41.03,-1.1599999999999966,-1.1558671586715865
2013-11-29,41.4,0.36999999999999744,0.37413284132840746
2013-12-02,45.5,4.100000000000001,4.104132841328411
2013-12-03,47.04,1.5399999999999991,1.5441328413284092
2013-12-04,46.89,-0.14999999999999858,-0.1458671586715886
2013-12-05,47.15,0.259999999999998,0.26413284132840803
2013-12-06,45.61,-1.5399999999999991,-1.535867158671589
2013-12-09,42.99,-2.6199999999999974,-2.6158671586715876
2013-12-10,42.74,-0.25,-0.24586715867159
2013-12-11,43.34,0.6000000000000014,0.6041328413284114
2013-12-12,44.34,1.0,1.00413284132841
2013-12-13,43.45,-0.8900000000000006,-0.8858671586715906
2013-12-16,43.81,0.35999999999999943,0.36413284132840945
2013-12-17,43.41,-0.4000000000000057,-0.39586715867159566
2013-12-18,42.33,-1.0799999999999983,-1.0758671586715882
2013-12-19,40.25,-2.0799999999999983,-2.0758671586715884
2013-12-20,38.8,-1.4500000000000028,-1.4458671586715928
2013-12-23,39.67,0.8700000000000045,0.8741328413284145
2013-12-24,37.53,-2.1400000000000006,-2.1358671586715907
2013-12-26,37.6,0.07000000000000028,0.07413284132841029
2013-12-27,37.45,-0.14999999999999858,-0.1458671586715886
2013-12-30,38.12,0.6699999999999946,0.6741328413284046
2013-12-31,40.02,1.9000000000000057,1.9041328413284158
2014-01-02,40.62,0.5999999999999943,0.6041328413284043
2014-01-03,38.91,-1.7100000000000009,-1.7058671586715908
2014-01-06,37.93,-0.9799999999999969,-0.9758671586715869
2014-01-07,37.08,-0.8500000000000014,-0.8458671586715915
2014-01-08,36.55,-0.5300000000000011,-0.5258671586715912
2014-01-09,36.14,-0.4099999999999966,-0.40586715867158657
2014-01-10,35.1,-1.0399999999999991,-1.035867158671589
2014-01-13,35.0,-0.10000000000000142,-0.09586715867159142
2014-01-14,35.13,0.13000000000000256,0.13413284132841255
2014-01-15,34.81,-0.3200000000000003,-0.31586715867159026
2014-01-16,33.44,-1.3700000000000045,-1.3658671586715945
2014-01-17,33.92,0.480000000000004,0.484132841328414
2014-01-21,34.37,0.44999999999999574,0.45413284132840576
2014-01-22,33.2,-1.1699999999999946,-1.1658671586715845
2014-01-23,34.94,1.7399999999999949,1.744132841328405
2014-01-24,36.98,2.039999999999999,2.044132841328409
2014-01-27,37.48,0.5,0.50413284132841
2014-01-28,37.1,-0.37999999999999545,-0.37586715867158543
2014-01-29,37.89,0.7899999999999991,0.7941328413284091
2014-01-30,37.32,-0.5700000000000003,-0.5658671586715903
2014-01-31,36.87,-0.45000000000000284,-0.4458671586715928
2014-02-03,38.36,1.490000000000002,1.494132841328412
2014-02-04,37.24,-1.1199999999999974,-1.1158671586715874
2014-02-05,37.31,0.07000000000000028,0.07413284132841029
2014-02-06,37.06,-0.25,-0.24586715867159
2014-02-07,36.98,-0.0800000000000054,-0.0758671586715954
2014-02-10,39.19,2.210000000000001,2.2141328413284107
2014-02-11,37.43,-1.759999999999998,-1.755867158671588
2014-02-12,36.79,-0.6400000000000006,-0.6358671586715906
2014-02-13,36.52,-0.269999999999996,-0.265867158671586
2014-02-14,36.67,0.14999999999999858,0.15413284132840857
2014-02-18,38.04,1.3699999999999974,1.3741328413284075
2014-02-19,38.01,-0.030000000000001137,-0.025867158671591138
2014-02-20,37.58,-0.4299999999999997,-0.4258671586715897
2014-02-21,37.06,-0.519999999999996,-0.5158671586715861
2014-02-24,36.74,-0.3200000000000003,-0.31586715867159026
2014-02-25,36.3,-0.44000000000000483,-0.4358671586715948
2014-02-26,36.08,-0.21999999999999886,-0.21586715867158887
2014-02-27,35.7,-0.37999999999999545,-0.37586715867158543
2014-02-28,35.37,-0.3300000000000054,-0.3258671586715954
2014-03-03,36.79,1.4200000000000017,1.4241328413284118
2014-03-04,35.73,-1.0600000000000023,-1.0558671586715922
2014-03-05,34.94,-0.7899999999999991,-0.7858671586715892
2014-03-06,35.59,0.6500000000000057,0.6541328413284156
2014-03-07,35.59,0.0,0.00413284132841
2014-03-10,35.51,-0.0800000000000054,-0.0758671586715954
2014-03-11,35.45,-0.05999999999999517,-0.05586715867158517
2014-03-12,35.59,0.14000000000000057,0.14413284132841056
2014-03-13,36.43,0.8399999999999963,0.8441328413284063
2014-03-14,36.06,-0.36999999999999744,-0.3658671586715874
2014-03-17,35.06,-1.0,-0.99586715867159
2014-03-18,35.15,0.0899999999999963,0.09413284132840631
2014-03-19,34.99,-0.1599999999999966,-0.1558671586715866
2014-03-20,34.86,-0.13000000000000256,-0.12586715867159257
2014-03-21,35.67,0.8100000000000023,0.8141328413284122
2014-03-24,37.08,1.4099999999999966,1.4141328413284067
2014-03-25,36.31,-0.769999999999996,-0.7658671586715861
2014-03-26,36.29,-0.020000000000003126,-0.015867158671593128
2014-03-27,36.64,0.3500000000000014,0.35413284132841144
2014-03-28,35.15,-1.490000000000002,-1.485867158671592
2014-03-31,36.35,1.2000000000000028,1.204132841328413
2014-04-01,35.67,-0.6799999999999997,-0.6758671586715898
2014-04-02,35.72,0.04999999999999716,0.05413284132840716
2014-04-03,35.15,-0.5700000000000003,-0.5658671586715903
2014-04-04,35.18,0.030000000000001137,0.034132841328411136
2014-04-07,36.06,0.8800000000000026,0.8841328413284125
2014-04-08,36.17,0.10999999999999943,0.11413284132840944
2014-04-09,36.15,-0.020000000000003126,-0.015867158671593128
2014-04-10,36.09,-0.05999999999999517,-0.05586715867158517
2014-04-11,35.7,-0.39000000000000057,-0.38586715867159055
2014-04-14,35.31,-0.39000000000000057,-0.38586715867159055
2014-04-15,35.12,-0.19000000000000483,-0.18586715867159484
2014-04-16,34.83,-0.28999999999999915,-0.2858671586715891
2014-04-17,33.34,-1.4899999999999949,-1.4858671586715848
2014-04-21,33.06,-0.28000000000000114,-0.2758671586715911
2014-04-22,32.82,-0.240000000000002,-0.235867158671592
2014-04-23,31.64,-1.1799999999999997,-1.1758671586715896
2014-04-24,32.34,0.7000000000000028,0.7041328413284128
2014-04-25,31.77,-0.5700000000000038,-0.5658671586715939
2014-04-28,32.33,0.5599999999999987,0.5641328413284087
2014-04-29,31.87,-0.4599999999999973,-0.4558671586715873
2014-04-30,32.25,0.379999999999999,0.384132841328409
2014-05-01,31.44,-0.8099999999999987,-0.8058671586715888
2014-05-02,30.94,-0.5,-0.49586715867159
2014-05-05,31.18,0.23999999999999844,0.24413284132840843
2014-05-06,30.99,-0.19000000000000128,-0.1858671586715913
2014-05-07,30.89,-0.09999999999999787,-0.09586715867158786
2014-05-08,30.43,-0.46000000000000085,-0.45586715867159083
2014-05-09,29.25,-1.1799999999999997,-1.1758671586715896
2014-05-12,28.26,-0.9899999999999984,-0.9858671586715885
2014-05-13,26.8,-1.4600000000000009,-1.4558671586715908
2014-05-14,26.73,-0.07000000000000028,-0.06586715867159028
2014-05-15,26.51,-0.21999999999999886,-0.21586715867158887
2014-05-16,25.71,-0.8000000000000007,-0.7958671586715907
2014-05-19,24.35,-1.3599999999999994,-1.3558671586715894
2014-05-20,24.64,0.28999999999999915,0.29413284132840917
2014-05-21,24.42,-0.21999999999999886,-0.21586715867158887
2014-05-22,23.8,-0.620000000000001,-0.615867158671591
2014-05-23,23.25,-0.5500000000000007,-0.5458671586715907
2014-05-27,25.94,2.6900000000000013,2.694132841328411
2014-05-28,27.76,1.8200000000000003,1.8241328413284104
2014-05-29,28.07,0.3099999999999987,0.31413284132840874
2014-05-30,28.06,-0.010000000000001563,-0.0058671586715915635
2014-06-02,27.49,-0.5700000000000003,-0.5658671586715903
2014-06-03,25.57,-1.9199999999999982,-1.915867158671588
2014-06-04,26.03,0.46000000000000085,0.4641328413284109
2014-06-05,26.3,0.2699999999999996,0.2741328413284096
2014-06-06,26.65,0.34999999999999787,0.3541328413284079
2014-06-09,26.66,0.010000000000001563,0.014132841328411562
2014-06-10,26.75,0.08999999999999986,0.09413284132840986
2014-06-11,25.95,-0.8000000000000007,-0.7958671586715907
2014-06-12,26.79,0.8399999999999999,0.8441328413284098
2014-06-13,25.62,-1.1699999999999982,-1.165867158671588
2014-06-16,25.98,0.35999999999999943,0.36413284132840945
2014-06-17,26.57,0.5899999999999999,0.5941328413284098
2014-06-18,26.38,-0.19000000000000128,-0.1858671586715913
2014-06-19,27.84,1.4600000000000009,1.464132841328411
2014-06-20,27.25,-0.5899999999999999,-0.5858671586715899
2014-06-23,27.66,0.41000000000000014,0.41413284132841016
2014-06-24,27.74,0.0799999999999983,0.0841328413284083
2014-06-25,27.86,0.120000000000001,0.124132841328411
2014-06-26,27.09,-0.7699999999999996,-0.7658671586715896
2014-06-27,26.56,-0.5300000000000011,-0.5258671586715912
2014-06-30,27.52,0.9600000000000009,0.9641328413284108
2014-07-01,26.85,-0.6699999999999982,-0.6658671586715882
2014-07-02,26.36,-0.490000000000002,-0.48586715867159197
2014-07-03,25.85,-0.509999999999998,-0.505867158671588
2014-07-07,27.1,1.25,1.25413284132841
2014-07-08,27.57,0.46999999999999886,0.4741328413284089
2014-07-09,27.86,0.28999999999999915,0.29413284132840917
2014-07-10,27.65,-0.21000000000000085,-0.20586715867159086
2014-07-11,28.08,0.4299999999999997,0.43413284132840974
2014-07-14,28.88,0.8000000000000007,0.8041328413284107
2014-07-15,28.64,-0.23999999999999844,-0.23586715867158844
2014-07-16,28.65,0.00999999999999801,0.01413284132840801
2014-07-17,28.81,0.16000000000000014,0.16413284132841013
2014-07-18,28.39,-0.41999999999999815,-0.41586715867158813
2014-07-21,28.14,-0.25,-0.24586715867159
2014-07-22,27.34,-0.8000000000000007,-0.7958671586715907
2014-07-23,28.19,0.8500000000000014,0.8541328413284114
2014-07-24,27.91,-0.28000000000000114,-0.2758671586715911
2014-07-25,28.72,0.8099999999999987,0.8141328413284087
2014-07-28,28.85,0.13000000000000256,0.13413284132841255
2014-07-29,28.68,-0.1700000000000017,-0.1658671586715917
2014-07-30,28.85,0.1700000000000017,0.1741328413284117
2014-07-31,29.51,0.6600000000000001,0.6641328413284101
2014-08-01,28.91,-0.6000000000000014,-0.5958671586715915
2014-08-04,29.42,0.5100000000000016,0.5141328413284115
2014-08-05,30.2,0.7799999999999976,0.7841328413284075
2014-08-06,29.72,-0.4800000000000004,-0.4758671586715904
2014-08-07,29.88,0.16000000000000014,0.16413284132841013
2014-08-08,29.0,-0.879999999999999,-0.875867158671589
2014-08-11,28.67,-0.3299999999999983,-0.3258671586715883
2014-08-12,28.21,-0.46000000000000085,-0.45586715867159083
2014-08-13,26.74,-1.4700000000000024,-1.4658671586715923
2014-08-14,25.32,-1.4199999999999982,-1.415867158671588
2014-08-15,25.95,0.629999999999999,0.634132841328409
2014-08-18,24.87,-1.0799999999999983,-1.0758671586715882
2014-08-19,23.61,-1.2600000000000016,-1.2558671586715915
2014-08-20,23.55,-0.05999999999999872,-0.05586715867158872
2014-08-21,24.47,0.9199999999999982,0.9241328413284081
2014-08-22,23.78,-0.6899999999999977,-0.6858671586715878
2014-08-25,24.37,0.5899999999999999,0.5941328413284098
2014-08-26,24.16,-0.21000000000000085,-0.20586715867159086
2014-08-27,24.22,0.05999999999999872,0.06413284132840873
2014-08-28,24.46,0.240000000000002,0.24413284132841198
2014-08-29,24.07,-0.39000000000000057,-0.38586715867159055
2014-09-02,25.36,1.2899999999999991,1.2941328413284092
2014-09-03,25.17,-0.18999999999999773,-0.18586715867158773
2014-09-04,26.78,1.6099999999999994,1.6141328413284095
2014-09-05,26.17,-0.6099999999999994,-0.6058671586715895
2014-09-08,27.97,1.7999999999999972,1.8041328413284072
2014-09-09,28.33,0.35999999999999943,0.36413284132840945
2014-09-10,28.24,-0.08999999999999986,-0.08586715867158985
2014-09-11,28.6,0.360000000000003,0.364132841328413
2014-09-12,28.82,0.21999999999999886,0.22413284132840885
2014-09-15,29.34,0.5199999999999996,0.5241328413284095
2014-09-16,29.13,-0.21000000000000085,-0.20586715867159086
2014-09-17,28.37,-0.759999999999998,-0.755867158671588
2014-09-18,27.83,-0.5400000000000027,-0.5358671586715927
2014-09-19,29.28,1.4500000000000028,1.454132841328413
2014-09-22,31.53,2.25,2.25413284132841
2014-09-23,30.6,-0.9299999999999997,-0.9258671586715898
2014-09-24,31.04,0.4399999999999977,0.44413284132840775
2014-09-25,32.62,1.5799999999999983,1.5841328413284084
2014-09-26,32.97,0.3500000000000014,0.35413284132841144
2014-09-29,33.97,1.0,1.00413284132841
2014-09-30,33.81,-0.1599999999999966,-0.1558671586715866
2014-10-01,33.31,-0.5,-0.49586715867159
2014-10-02,33.44,0.12999999999999545,0.13413284132840544
2014-10-03,33.61,0.1700000000000017,0.1741328413284117
2014-10-06,33.79,0.17999999999999972,0.1841328413284097
2014-10-07,35.28,1.490000000000002,1.494132841328412
2014-10-08,36.88,1.6000000000000014,1.6041328413284115
2014-10-09,39.88,3.0,3.00413284132841
2014-10-10,41.3,1.4199999999999946,1.4241328413284047
2014-10-13,44.88,3.5800000000000054,3.5841328413284153
2014-10-14,44.14,-0.740000000000002,-0.735867158671592
2014-10-15,45.28,1.1400000000000006,1.1441328413284106
2014-10-16,45.82,0.5399999999999991,0.5441328413284091
2014-10-17,43.6,-2.219999999999999,-2.215867158671589
2014-10-20,40.65,-2.950000000000003,-2.945867158671593
2014-10-21,38.08,-2.5700000000000003,-2.5658671586715904
2014-10-22,38.26,0.17999999999999972,0.1841328413284097
2014-10-23,39.04,0.7800000000000011,0.7841328413284111
2014-10-24,38.51,-0.5300000000000011,-0.5258671586715912
2014-10-27,38.79,0.28000000000000114,0.28413284132841116
2014-10-28,39.09,0.30000000000000426,0.3041328413284143
2014-10-29,38.74,-0.3500000000000014,-0.3458671586715914
2014-10-30,42.29,3.549999999999997,3.554132841328407
2014-10-31,47.19,4.899999999999999,4.904132841328408
2014-11-03,47.88,0.6900000000000048,0.6941328413284148
2014-11-04,48.53,0.6499999999999986,0.6541328413284085
2014-11-05,49.31,0.7800000000000011,0.7841328413284111
2014-11-06,51.71,2.3999999999999986,2.4041328413284084
2014-11-07,49.47,-2.240000000000002,-2.235867158671592
2014-11-10,51.23,1.759999999999998,1.764132841328408
2014-11-11,49.08,-2.1499999999999986,-2.1458671586715887
2014-11-12,48.82,-0.259999999999998,-0.255867158671588
2014-11-13,48.03,-0.7899999999999991,-0.7858671586715892
2014-11-14,50.8,2.769999999999996,2.774132841328406
2014-11-17,49.44,-1.3599999999999994,-1.3558671586715894
2014-11-18,47.48,-1.9600000000000009,-1.9558671586715908
2014-11-19,52.82,5.340000000000003,5.344132841328413
2014-11-20,51.63,-1.1899999999999977,-1.1858671586715877
2014-11-21,49.8,-1.8300000000000054,-1.8258671586715953
2014-11-24,49.53,-0.269999999999996,-0.265867158671586
2014-11-25,47.76,-1.7700000000000031,-1.765867158671593
2014-11-26,46.49,-1.269999999999996,-1.265867158671586
2014-11-28,50.47,3.979999999999997,3.9841328413284067
2014-12-01,51.06,0.5900000000000034,0.5941328413284134
2014-12-02,50.64,-0.4200000000000017,-0.4158671586715917
2014-12-03,50.02,-0.6199999999999974,-0.6158671586715875
2014-12-04,49.28,-0.740000000000002,-0.735867158671592
2014-12-05,48.64,-0.6400000000000006,-0.6358671586715906
2014-12-08,50.63,1.990000000000002,1.994132841328412
2014-12-09,49.22,-1.4100000000000037,-1.4058671586715936
2014-12-10,51.86,2.6400000000000006,2.6441328413284104
2014-12-11,52.38,0.5200000000000031,0.5241328413284131
2014-12-12,54.11,1.7299999999999969,1.734132841328407
2014-12-15,57.12,3.009999999999998,3.014132841328408
2014-12-16,56.85,-0.269999999999996,-0.265867158671586
2014-12-17,55.37,-1.480000000000004,-1.475867158671594
2014-12-18,51.7,-3.6699999999999946,-3.6658671586715847
2014-12-19,51.25,-0.45000000000000284,-0.4458671586715928
2014-12-22,52.2,0.9500000000000028,0.9541328413284128
2014-12-23,51.44,-0.7600000000000051,-0.7558671586715952
2014-12-24,51.56,0.12000000000000455,0.12413284132841455
2014-12-26,50.68,-0.8800000000000026,-0.8758671586715926
2014-12-29,51.48,0.7999999999999972,0.8041328413284071
2014-12-30,50.65,-0.8299999999999983,-0.8258671586715883
2014-12-31,50.07,-0.5799999999999983,-0.5758671586715883
2015-01-02,49.99,-0.0799999999999983,-0.07586715867158829
2015-01-05,51.13,1.1400000000000006,1.1441328413284106
2015-01-06,50.34,-0.7899999999999991,-0.7858671586715892
2015-01-07,49.78,-0.5600000000000023,-0.5558671586715923
2015-01-08,48.78,-1.0,-0.99586715867159
2015-01-09,47.8,-0.980000000000004,-0.975867158671594
2015-01-12,48.39,0.5900000000000034,0.5941328413284134
2015-01-13,47.15,-1.240000000000002,-1.235867158671592
2015-01-14,48.33,1.1799999999999997,1.1841328413284098
2015-01-15,51.43,3.1000000000000014,3.1041328413284113
2015-01-16,49.47,-1.9600000000000009,-1.9558671586715908
2015-01-20,49.9,0.4299999999999997,0.43413284132840974
2015-01-21,49.24,-0.6599999999999966,-0.6558671586715866
2015-01-22,47.82,-1.4200000000000017,-1.4158671586715916
2015-01-23,46.26,-1.5600000000000023,-1.5558671586715922
2015-01-26,46.22,-0.03999999999999915,-0.03586715867158915
2015-01-27,44.7,-1.519999999999996,-1.515867158671586
2015-01-28,44.34,-0.35999999999999943,-0.3558671586715894
2015-01-29,45.78,1.4399999999999977,1.4441328413284078
2015-01-30,40.91,-4.8700000000000045,-4.865867158671595
2015-02-02,44.6,3.690000000000005,3.6941328413284147
2015-02-03,43.61,-0.990000000000002,-0.985867158671592
2015-02-04,43.84,0.23000000000000398,0.23413284132841397
2015-02-05,43.26,-0.5800000000000054,-0.5758671586715954
2015-02-06,44.34,1.0800000000000054,1.0841328413284155
2015-02-09,45.99,1.6499999999999986,1.6541328413284087
2015-02-10,45.71,-0.28000000000000114,-0.2758671586715911
2015-02-11,46.46,0.75,0.75413284132841
2015-02-12,44.58,-1.8800000000000026,-1.8758671586715925
2015-02-13,44.32,-0.259999999999998,-0.255867158671588
2015-02-17,45.46,1.1400000000000006,1.1441328413284106
2015-02-18,44.8,-0.6600000000000037,-0.6558671586715937
2015-02-19,42.52,-2.279999999999994,-2.275867158671584
2015-02-20,41.99,-0.5300000000000011,-0.5258671586715912
2015-02-23,41.21,-0.7800000000000011,-0.7758671586715912
2015-02-24,38.13,-3.0799999999999983,-3.0758671586715884
2015-02-25,37.54,-0.5900000000000034,-0.5858671586715934
2015-02-26,34.71,-2.8299999999999983,-2.8258671586715884
2015-02-27,34.24,-0.46999999999999886,-0.46586715867158884
2015-03-02,34.79,0.5499999999999972,0.5541328413284071
2015-03-03,34.99,0.20000000000000284,0.20413284132841283
2015-03-04,36.94,1.9499999999999957,1.9541328413284058
2015-03-05,36.15,-0.7899999999999991,-0.7858671586715892
2015-03-06,39.11,2.960000000000001,2.9641328413284107
2015-03-09,40.53,1.4200000000000017,1.4241328413284118
2015-03-10,41.25,0.7199999999999989,0.7241328413284088
2015-03-11,41.88,0.6300000000000026,0.6341328413284125
2015-03-12,40.3,-1.5800000000000054,-1.5758671586715953
2015-03-13,41.0,0.7000000000000028,0.7041328413284128
2015-03-16,41.56,0.5600000000000023,0.5641328413284122
2015-03-17,41.42,-0.14000000000000057,-0.13586715867159058
2015-03-18,39.71,-1.7100000000000009,-1.7058671586715908
2015-03-19,38.77,-0.9399999999999977,-0.9358671586715878
2015-03-20,36.79,-1.980000000000004,-1.975867158671594
2015-03-23,37.07,0.28000000000000114,0.28413284132841116
2015-03-24,36.05,-1.0200000000000031,-1.015867158671593
2015-03-25,36.1,0.05000000000000426,0.05413284132841426
2015-03-26,36.76,0.6599999999999966,0.6641328413284066
2015-03-27,37.5,0.740000000000002,0.744132841328412
2015-03-30,38.16,0.6599999999999966,0.6641328413284066
2015-03-31,37.93,-0.22999999999999687,-0.22586715867158688
2015-04-01,37.76,-0.1700000000000017,-0.1658671586715917
2015-04-02,46.17,8.410000000000004,8.414132841328414
2015-04-06,36.73,-9.440000000000005,-9.435867158671595
2015-04-07,36.65,-0.0799999999999983,-0.07586715867158829
2015-04-08,36.74,0.09000000000000341,0.09413284132841342
2015-04-09,37.08,0.3399999999999963,0.3441328413284063
2015-04-10,36.54,-0.5399999999999991,-0.5358671586715892
2015-04-13,37.45,0.9100000000000037,0.9141328413284137
2015-04-14,37.0,-0.45000000000000284,-0.4458671586715928
2015-04-15,36.86,-0.14000000000000057,-0.13586715867159058
2015-04-16,36.54,-0.3200000000000003,-0.31586715867159026
2015-04-17,36.32,-0.21999999999999886,-0.21586715867158887
2015-04-20,35.74,-0.5799999999999983,-0.5758671586715883
2015-04-21,35.53,-0.21000000000000085,-0.20586715867159086
2015-04-22,35.8,0.269999999999996,0.27413284132840604
2015-04-23,35.62,-0.17999999999999972,-0.17586715867158972
2015-04-24,35.65,0.030000000000001137,0.034132841328411136
2015-04-27,35.52,-0.12999999999999545,-0.12586715867158546
2015-04-28,35.48,-0.04000000000000625,-0.035867158671596254
2015-04-29,35.33,-0.14999999999999858,-0.1458671586715886
2015-04-30,35.9,0.5700000000000003,0.5741328413284102
2015-05-01,34.84,-1.0599999999999952,-1.055867158671585
2015-05-04,35.45,0.6099999999999994,0.6141328413284094
2015-05-05,35.13,-0.3200000000000003,-0.31586715867159026
2015-05-06,36.0,0.8699999999999974,0.8741328413284074
2015-05-07,36.38,0.38000000000000256,0.3841328413284126
2015-05-08,33.96,-2.4200000000000017,-2.415867158671592
2015-05-11,33.14,-0.8200000000000003,-0.8158671586715903
2015-05-12,31.91,-1.2300000000000004,-1.2258671586715904
2015-05-13,32.21,0.3000000000000007,0.30413284132841073
2015-05-14,30.68,-1.5300000000000011,-1.525867158671591
2015-05-15,30.31,-0.370000000000001,-0.365867158671591
2015-05-18,29.71,-0.5999999999999979,-0.5958671586715879
2015-05-19,31.1,1.3900000000000006,1.3941328413284106
2015-05-20,30.59,-0.5100000000000016,-0.5058671586715916
2015-05-21,30.8,0.21000000000000085,0.21413284132841084
2015-05-22,30.1,-0.6999999999999993,-0.6958671586715893
2015-05-26,31.82,1.7199999999999989,1.724132841328409
2015-05-27,31.79,-0.030000000000001137,-0.025867158671591138
2015-05-28,31.33,-0.46000000000000085,-0.45586715867159083
2015-05-29,30.85,-0.4799999999999969,-0.47586715867158685
2015-06-01,31.84,0.9899999999999984,0.9941328413284084
2015-06-02,31.71,-0.129999999999999,-0.125867158671589
2015-06-03,31.7,-0.010000000000001563,-0.0058671586715915635
2015-06-04,32.0,0.3000000000000007,0.30413284132841073
2015-06-05,31.54,-0.46000000000000085,-0.45586715867159083
2015-06-08,32.41,0.8699999999999974,0.8741328413284074
2015-06-09,31.15,-1.259999999999998,-1.255867158671588
2015-06-10,30.21,-0.9399999999999977,-0.9358671586715878
2015-06-11,30.09,-0.120000000000001,-0.11586715867159099
2015-06-12,30.16,0.07000000000000028,0.07413284132841029
2015-06-15,31.35,1.1900000000000013,1.1941328413284114
2015-06-16,32.05,0.6999999999999957,0.7041328413284057
2015-06-17,30.61,-1.4399999999999977,-1.4358671586715877
2015-06-18,30.02,-0.5899999999999999,-0.5858671586715899
2015-06-19,29.76,-0.259999999999998,-0.255867158671588
2015-06-22,30.03,0.2699999999999996,0.2741328413284096
2015-06-23,29.54,-0.490000000000002,-0.48586715867159197
2015-06-24,29.29,-0.25,-0.24586715867159
2015-06-25,28.86,-0.4299999999999997,-0.4258671586715897
2015-06-26,29.01,0.15000000000000213,0.15413284132841212
2015-06-29,30.05,1.0399999999999991,1.0441328413284092
2015-06-30,30.68,0.629999999999999,0.634132841328409
2015-07-01,30.34,-0.33999999999999986,-0.33586715867158984
2015-07-02,30.51,0.1700000000000017,0.1741328413284117
2015-07-06,31.4,0.889999999999997,0.894132841328407
2015-07-07,33.61,2.210000000000001,2.2141328413284107
