Date,Values,Delta Calculations,Delta - Mean(-0.012803738317799998)
2010-06-01,41.0, , 
2010-06-02,38.11,-2.8900000000000006,-2.8771962616822004
2010-06-03,35.79,-2.3200000000000003,-2.3071962616822
2010-06-04,39.23,3.4399999999999977,3.452803738317798
2010-06-07,41.37,2.1400000000000006,2.1528037383178007
2010-06-08,41.07,-0.29999999999999716,-0.28719626168219714
2010-06-09,41.17,0.10000000000000142,0.11280373831780142
2010-06-10,38.18,-2.990000000000002,-2.977196261682202
2010-06-11,36.5,-1.6799999999999997,-1.6671962616821998
2010-06-14,37.83,1.3299999999999983,1.3428037383177982
2010-06-15,35.98,-1.8500000000000014,-1.8371962616822015
2010-06-16,34.76,-1.2199999999999989,-1.207196261682199
2010-06-17,33.8,-0.9600000000000009,-0.9471962616822008
2010-06-18,32.54,-1.259999999999998,-1.247196261682198
2010-06-21,34.16,1.6199999999999974,1.6328037383177973
2010-06-22,34.66,0.5,0.5128037383178
2010-06-23,35.4,0.740000000000002,0.752803738317802
2010-06-24,36.88,1.480000000000004,1.4928037383178039
2010-06-25,35.45,-1.4299999999999997,-1.4171962616821998
2010-06-28,33.91,-1.5400000000000063,-1.5271962616822063
2010-06-29,39.17,5.260000000000005,5.272803738317805
2010-06-30,39.47,0.29999999999999716,0.3128037383177972
2010-07-01,41.62,2.1499999999999986,2.1628037383177987
2010-07-02,40.7,-0.9199999999999946,-0.9071962616821946
2010-07-06,39.63,-1.0700000000000003,-1.0571962616822004
2010-07-07,36.46,-3.1700000000000017,-3.1571962616822016
2010-07-08,35.8,-0.6600000000000037,-0.6471962616822037
2010-07-09,35.18,-0.6199999999999974,-0.6071962616821974
2010-07-12,34.81,-0.36999999999999744,-0.3571962616821974
2010-07-13,35.52,0.7100000000000009,0.7228037383178009
2010-07-14,36.45,0.9299999999999997,0.9428037383177997
2010-07-15,36.53,0.0799999999999983,0.0928037383177983
2010-07-16,30.99,-5.540000000000003,-5.527196261682203
2010-07-19,31.2,0.21000000000000085,0.22280373831780084
2010-07-20,28.19,-3.009999999999998,-2.997196261682198
2010-07-21,28.57,0.379999999999999,0.392803738317799
2010-07-22,26.76,-1.8099999999999987,-1.7971962616821988
2010-07-23,25.76,-1.0,-0.9871962616822
2010-07-26,26.09,0.3299999999999983,0.3428037383177983
2010-07-27,26.37,0.28000000000000114,0.29280373831780115
2010-07-28,27.7,1.3299999999999983,1.3428037383177982
2010-07-29,27.51,-0.18999999999999773,-0.17719626168219774
2010-07-30,27.67,0.16000000000000014,0.17280373831780013
2010-08-02,27.07,-0.6000000000000014,-0.5871962616822014
2010-08-03,26.82,-0.25,-0.2371962616822
2010-08-04,25.76,-1.0599999999999987,-1.0471962616821988
2010-08-05,25.96,0.1999999999999993,0.21280373831779928
2010-08-06,26.41,0.4499999999999993,0.4628037383177993
2010-08-09,25.9,-0.5100000000000016,-0.49719626168220155
2010-08-10,26.56,0.6600000000000001,0.6728037383178002
2010-08-11,28.71,2.150000000000002,2.1628037383178023
2010-08-12,28.8,0.08999999999999986,0.10280373831779986
2010-08-13,29.12,0.3200000000000003,0.3328037383178003
2010-08-16,29.08,-0.0400000000000027,-0.027196261682202703
2010-08-17,27.93,-1.1499999999999986,-1.1371962616821987
2010-08-18,27.16,-0.7699999999999996,-0.7571962616821996
2010-08-19,29.92,2.7600000000000016,2.7728037383178017
2010-08-20,30.78,0.8599999999999994,0.8728037383177994
2010-08-23,31.75,0.9699999999999989,0.9828037383177989
2010-08-24,34.24,2.490000000000002,2.502803738317802
2010-08-25,33.38,-0.8599999999999994,-0.8471962616821994
2010-08-26,33.69,0.30999999999999517,0.3228037383177952
2010-08-27,32.15,-1.5399999999999991,-1.5271962616821992
2010-08-30,33.01,0.8599999999999994,0.8728037383177994
2010-08-31,32.91,-0.10000000000000142,-0.08719626168220142
2010-09-01,30.95,-1.9599999999999973,-1.9471962616821974
2010-09-02,30.77,-0.17999999999999972,-0.16719626168219973
2010-09-03,29.03,-1.7399999999999984,-1.7271962616821985
2010-09-07,31.56,2.5299999999999976,2.5428037383177977
2010-09-08,30.49,-1.0700000000000003,-1.0571962616822004
2010-09-09,31.0,0.5100000000000016,0.5228037383178016
2010-09-10,30.57,-0.4299999999999997,-0.4171962616821997
2010-09-13,30.94,0.370000000000001,0.382803738317801
2010-09-14,30.46,-0.4800000000000004,-0.4671962616822004
2010-09-15,30.19,-0.2699999999999996,-0.25719626168219956
2010-09-16,29.29,-0.9000000000000021,-0.8871962616822021
2010-09-17,30.28,0.990000000000002,1.002803738317802
2010-09-20,30.22,-0.060000000000002274,-0.04719626168220228
2010-09-21,31.15,0.9299999999999997,0.9428037383177997
2010-09-22,31.18,0.030000000000001137,0.042803738317801134
2010-09-23,30.67,-0.509999999999998,-0.497196261682198
2010-09-24,31.65,0.9799999999999969,0.9928037383177969
2010-09-27,32.27,0.6200000000000045,0.6328037383178046
2010-09-28,31.62,-0.6500000000000021,-0.6371962616822021
2010-09-29,31.18,-0.4400000000000013,-0.42719626168220126
2010-09-30,31.19,0.010000000000001563,0.02280373831780156
2010-10-01,31.24,0.04999999999999716,0.06280373831779716
2010-10-04,32.03,0.7900000000000027,0.8028037383178027
2010-10-05,31.05,-0.9800000000000004,-0.9671962616822004
2010-10-06,31.62,0.5700000000000003,0.5828037383178003
2010-10-07,30.72,-0.9000000000000021,-0.8871962616822021
2010-10-08,29.49,-1.2300000000000004,-1.2171962616822005
2010-10-11,29.96,0.4700000000000024,0.48280373831780243
2010-10-12,30.18,0.21999999999999886,0.23280373831779885
2010-10-13,29.43,-0.75,-0.7371962616822
2010-10-14,32.61,3.1799999999999997,3.1928037383178
2010-10-15,27.03,-5.579999999999998,-5.567196261682199
2010-10-18,29.09,2.0599999999999987,2.072803738317799
2010-10-19,27.3,-1.7899999999999991,-1.7771962616821992
2010-10-20,26.22,-1.0800000000000018,-1.067196261682202
2010-10-21,25.91,-0.3099999999999987,-0.2971962616821987
2010-10-22,25.28,-0.629999999999999,-0.617196261682199
2010-10-25,27.22,1.9399999999999977,1.9528037383177976
2010-10-26,26.15,-1.0700000000000003,-1.0571962616822004
2010-10-27,26.92,0.7700000000000031,0.7828037383178031
2010-10-28,26.56,-0.360000000000003,-0.34719626168220297
2010-10-29,26.19,-0.36999999999999744,-0.3571962616821974
2010-11-01,26.84,0.6499999999999986,0.6628037383177986
2010-11-02,26.28,-0.5599999999999987,-0.5471962616821987
2010-11-03,25.62,-0.6600000000000001,-0.6471962616822001
2010-11-04,23.73,-1.8900000000000006,-1.8771962616822007
2010-11-05,23.12,-0.6099999999999994,-0.5971962616821994
2010-11-08,22.91,-0.21000000000000085,-0.19719626168220086
2010-11-09,22.31,-0.6000000000000014,-0.5871962616822014
2010-11-10,22.14,-0.16999999999999815,-0.15719626168219816
2010-11-11,22.42,0.28000000000000114,0.29280373831780115
2010-11-12,25.56,3.139999999999997,3.152803738317797
2010-11-15,25.78,0.22000000000000242,0.2328037383178024
2010-11-16,27.36,1.5799999999999983,1.5928037383177982
2010-11-17,26.87,-0.48999999999999844,-0.4771962616821984
2010-11-18,24.91,-1.9600000000000009,-1.947196261682201
2010-11-19,25.21,0.3000000000000007,0.31280373831780073
2010-11-22,26.84,1.629999999999999,1.642803738317799
2010-11-23,29.65,2.8099999999999987,2.822803738317799
2010-11-24,27.49,-2.16,-2.1471962616822
2010-11-26,28.56,1.0700000000000003,1.0828037383178002
2010-11-29,31.1,2.5400000000000027,2.552803738317803
2010-11-30,34.45,3.3500000000000014,3.3628037383178015
2010-12-01,31.21,-3.240000000000002,-3.227196261682202
2010-12-02,29.06,-2.150000000000002,-2.137196261682202
2010-12-03,28.66,-0.3999999999999986,-0.38719626168219856
2010-12-06,28.27,-0.39000000000000057,-0.37719626168220055
2010-12-07,28.26,-0.00999999999999801,0.002803738317801988
2010-12-08,27.86,-0.40000000000000213,-0.3871962616822021
2010-12-09,28.02,0.16000000000000014,0.17280373831780013
2010-12-10,28.19,0.1700000000000017,0.1828037383178017
2010-12-13,28.72,0.5299999999999976,0.5428037383177976
2010-12-14,29.14,0.4200000000000017,0.4328037383178017
2010-12-15,29.97,0.8299999999999983,0.8428037383177983
2010-12-16,29.27,-0.6999999999999993,-0.6871962616821993
2010-12-17,28.28,-0.9899999999999984,-0.9771962616821984
2010-12-20,27.73,-0.5500000000000007,-0.5371962616822007
2010-12-21,28.29,0.5599999999999987,0.5728037383177987
2010-12-22,27.66,-0.629999999999999,-0.617196261682199
2010-12-23,27.55,-0.10999999999999943,-0.09719626168219943
2010-12-27,29.16,1.6099999999999994,1.6228037383177993
2010-12-28,29.65,0.48999999999999844,0.5028037383177985
2010-12-29,29.49,-0.16000000000000014,-0.14719626168220015
2010-12-30,30.27,0.7800000000000011,0.7928037383178012
2010-12-31,32.13,1.860000000000003,1.872803738317803
2011-01-03,31.24,-0.8900000000000041,-0.8771962616822041
2011-01-04,31.19,-0.04999999999999716,-0.03719626168219716
2011-01-05,30.85,-0.33999999999999986,-0.32719626168219984
2011-01-06,30.38,-0.4700000000000024,-0.4571962616822024
2011-01-07,29.61,-0.7699999999999996,-0.7571962616821996
2011-01-10,30.92,1.3100000000000023,1.3228037383178022
2011-01-11,30.54,-0.38000000000000256,-0.36719626168220254
2011-01-12,29.79,-0.75,-0.7371962616822
2011-01-13,29.67,-0.11999999999999744,-0.10719626168219744
2011-01-14,29.17,-0.5,-0.4871962616822
2011-01-18,31.04,1.8699999999999974,1.8828037383177973
2011-01-19,32.58,1.5399999999999991,1.552803738317799
2011-01-20,33.81,1.230000000000004,1.2428037383178039
2011-01-21,26.37,-7.440000000000001,-7.427196261682202
2011-01-24,24.69,-1.6799999999999997,-1.6671962616821998
2011-01-25,23.46,-1.2300000000000004,-1.2171962616822005
2011-01-26,22.93,-0.5300000000000011,-0.5171962616822011
2011-01-27,22.28,-0.6499999999999986,-0.6371962616821986
2011-01-28,26.27,3.9899999999999984,4.002803738317798
2011-01-31,25.45,-0.8200000000000003,-0.8071962616822003
2011-02-01,23.12,-2.3299999999999983,-2.317196261682198
2011-02-02,22.83,-0.2900000000000027,-0.2771962616822027
2011-02-03,22.88,0.05000000000000071,0.06280373831780071
2011-02-04,22.82,-0.05999999999999872,-0.047196261682198724
2011-02-07,22.08,-0.740000000000002,-0.727196261682202
2011-02-08,20.83,-1.25,-1.2371962616822
2011-02-09,20.93,0.10000000000000142,0.11280373831780142
2011-02-10,21.25,0.3200000000000003,0.3328037383178003
2011-02-11,20.93,-0.3200000000000003,-0.30719626168220027
2011-02-14,20.78,-0.14999999999999858,-0.1371962616821986
2011-02-15,20.71,-0.07000000000000028,-0.05719626168220029
2011-02-16,20.53,-0.17999999999999972,-0.16719626168219973
2011-02-17,20.63,0.09999999999999787,0.11280373831779787
2011-02-18,20.27,-0.35999999999999943,-0.3471962616821994
2011-02-22,26.17,5.900000000000002,5.912803738317802
2011-02-23,25.7,-0.4700000000000024,-0.4571962616822024
2011-02-24,26.31,0.6099999999999994,0.6228037383177994
2011-02-25,25.41,-0.8999999999999986,-0.8871962616821986
2011-02-28,25.54,0.129999999999999,0.142803738317799
2011-03-01,28.01,2.4700000000000024,2.4828037383178025
2011-03-02,27.48,-0.5300000000000011,-0.5171962616822011
2011-03-03,25.66,-1.8200000000000003,-1.8071962616822004
2011-03-04,27.49,1.8299999999999983,1.8428037383177982
2011-03-07,29.89,2.400000000000002,2.4128037383178023
2011-03-08,28.5,-1.3900000000000006,-1.3771962616822007
2011-03-09,28.87,0.370000000000001,0.382803738317801
2011-03-10,29.98,1.1099999999999994,1.1228037383177993
2011-03-11,29.59,-0.39000000000000057,-0.37719626168220055
2011-03-14,31.17,1.5800000000000018,1.5928037383178018
2011-03-15,31.71,0.5399999999999991,0.5528037383177992
2011-03-16,36.01,4.299999999999997,4.312803738317797
2011-03-17,32.63,-3.3799999999999955,-3.3671962616821953
2011-03-18,31.2,-1.4300000000000033,-1.4171962616822034
2011-03-21,28.36,-2.84,-2.8271962616821997
2011-03-22,27.12,-1.2399999999999984,-1.2271962616821985
2011-03-23,27.26,0.14000000000000057,0.15280373831780056
2011-03-24,27.21,-0.05000000000000071,-0.037196261682200714
2011-03-25,27.05,-0.16000000000000014,-0.14719626168220015
2011-03-28,27.58,0.5299999999999976,0.5428037383177976
2011-03-29,27.47,-0.10999999999999943,-0.09719626168219943
2011-03-30,27.2,-0.2699999999999996,-0.25719626168219956
2011-03-31,28.04,0.8399999999999999,0.8528037383177999
2011-04-01,28.18,0.14000000000000057,0.15280373831780056
2011-04-04,29.67,1.490000000000002,1.502803738317802
2011-04-05,31.57,1.8999999999999986,1.9128037383177985
2011-04-06,30.36,-1.2100000000000009,-1.197196261682201
2011-04-07,30.58,0.21999999999999886,0.23280373831779885
2011-04-08,30.66,0.08000000000000185,0.09280373831780185
2011-04-11,31.22,0.5599999999999987,0.5728037383177987
2011-04-12,31.31,0.08999999999999986,0.10280373831779986
2011-04-13,31.25,-0.05999999999999872,-0.047196261682198724
2011-04-14,31.16,-0.08999999999999986,-0.07719626168219985
2011-04-15,23.71,-7.449999999999999,-7.4371962616822
2011-04-18,23.2,-0.5100000000000016,-0.49719626168220155
2011-04-19,22.01,-1.1899999999999977,-1.1771962616821978
2011-04-20,20.31,-1.7000000000000028,-1.687196261682203
2011-04-21,20.47,0.16000000000000014,0.17280373831780013
2011-04-25,21.35,0.8800000000000026,0.8928037383178026
2011-04-26,20.94,-0.41000000000000014,-0.3971962616822001
2011-04-27,20.75,-0.19000000000000128,-0.1771962616822013
2011-04-28,21.02,0.2699999999999996,0.2828037383177996
2011-04-29,19.94,-1.0799999999999983,-1.0671962616821984
2011-05-02,20.96,1.0199999999999996,1.0328037383177995
2011-05-03,22.12,1.1600000000000001,1.1728037383178
2011-05-04,22.09,-0.030000000000001137,-0.01719626168220114
2011-05-05,23.1,1.0100000000000016,1.0228037383178015
2011-05-06,21.99,-1.110000000000003,-1.097196261682203
2011-05-09,21.88,-0.10999999999999943,-0.09719626168219943
2011-05-10,20.68,-1.1999999999999993,-1.1871962616821994
2011-05-11,21.55,0.870000000000001,0.882803738317801
2011-05-12,21.37,-0.17999999999999972,-0.16719626168219973
2011-05-13,21.39,0.019999999999999574,0.03280373831779957
2011-05-16,23.47,2.0799999999999983,2.0928037383177984
2011-05-17,22.75,-0.7199999999999989,-0.7071962616821988
2011-05-18,21.57,-1.1799999999999997,-1.1671962616821998
2011-05-19,21.61,0.03999999999999915,0.052803738317799144
2011-05-20,22.11,0.5,0.5128037383178
2011-05-23,23.96,1.8500000000000014,1.8628037383178013
2011-05-24,24.21,0.25,0.2628037383178
2011-05-25,23.87,-0.33999999999999986,-0.32719626168219984
2011-05-26,23.76,-0.10999999999999943,-0.09719626168219943
2011-05-27,22.8,-0.9600000000000009,-0.9471962616822008
2011-05-31,23.31,0.509999999999998,0.522803738317798
2011-06-01,25.24,1.9299999999999997,1.9428037383177996
2011-06-02,25.87,0.6300000000000026,0.6428037383178026
2011-06-03,26.37,0.5,0.5128037383178
2011-06-06,28.14,1.7699999999999996,1.7828037383177995
2011-06-07,28.11,-0.030000000000001137,-0.01719626168220114
2011-06-08,28.3,0.19000000000000128,0.20280373831780127
2011-06-09,27.8,-0.5,-0.4871962616822
2011-06-10,28.7,0.8999999999999986,0.9128037383177986
2011-06-13,29.94,1.240000000000002,1.252803738317802
2011-06-14,28.61,-1.3300000000000018,-1.317196261682202
2011-06-15,29.9,1.2899999999999991,1.302803738317799
2011-06-16,31.36,1.4600000000000009,1.4728037383178008
2011-06-17,33.68,2.3200000000000003,2.3328037383178004
2011-06-20,32.66,-1.0200000000000031,-1.0071962616822032
2011-06-21,30.9,-1.759999999999998,-1.747196261682198
2011-06-22,30.55,-0.34999999999999787,-0.33719626168219785
2011-06-23,31.8,1.25,1.2628037383178
2011-06-24,31.91,0.10999999999999943,0.12280373831779944
2011-06-27,30.86,-1.0500000000000007,-1.0371962616822008
2011-06-28,30.79,-0.07000000000000028,-0.05719626168220029
2011-06-29,30.12,-0.6699999999999982,-0.6571962616821981
2011-06-30,29.32,-0.8000000000000007,-0.7871962616822007
2011-07-01,28.63,-0.6900000000000013,-0.6771962616822013
2011-07-05,29.68,1.0500000000000007,1.0628037383178006
2011-07-06,30.07,0.39000000000000057,0.4028037383178006
2011-07-07,30.57,0.5,0.5128037383178
2011-07-08,31.33,0.759999999999998,0.772803738317798
2011-07-11,32.37,1.0399999999999991,1.052803738317799
2011-07-12,32.94,0.5700000000000003,0.5828037383178003
2011-07-13,32.64,-0.29999999999999716,-0.28719626168219714
2011-07-14,32.92,0.28000000000000114,0.29280373831780115
2011-07-15,24.0,-8.920000000000002,-8.907196261682202
2011-07-18,25.32,1.3200000000000003,1.3328037383178002
2011-07-19,23.37,-1.9499999999999993,-1.9371962616821994
2011-07-20,22.33,-1.0400000000000027,-1.0271962616822028
2011-07-21,21.78,-0.5499999999999972,-0.5371962616821971
2011-07-22,22.58,0.7999999999999972,0.8128037383177972
2011-07-25,24.54,1.9600000000000009,1.9728037383178008
2011-07-26,24.78,0.240000000000002,0.252803738317802
2011-07-27,26.76,1.9800000000000004,1.9928037383178003
2011-07-28,26.72,-0.0400000000000027,-0.027196261682202703
2011-07-29,28.3,1.5800000000000018,1.5928037383178018
2011-08-01,28.75,0.4499999999999993,0.4628037383177993
2011-08-02,29.59,0.8399999999999999,0.8528037383177999
2011-08-03,28.0,-1.5899999999999999,-1.5771962616822
2011-08-04,34.87,6.869999999999997,6.882803738317797
2011-08-05,35.41,0.5399999999999991,0.5528037383177992
2011-08-08,45.44,10.030000000000001,10.0428037383178
2011-08-09,37.99,-7.449999999999996,-7.437196261682196
2011-08-10,44.37,6.3799999999999955,6.392803738317795
2011-08-11,40.41,-3.960000000000001,-3.9471962616822007
2011-08-12,37.19,-3.219999999999999,-3.2071962616821987
2011-08-15,35.46,-1.7299999999999969,-1.717196261682197
2011-08-16,36.56,1.1000000000000014,1.1128037383178013
2011-08-17,35.61,-0.9500000000000028,-0.9371962616822028
2011-08-18,46.32,10.71,10.7228037383178
2011-08-19,48.48,2.1599999999999966,2.1728037383177967
2011-08-22,45.28,-3.1999999999999957,-3.1871962616821956
2011-08-23,40.04,-5.240000000000002,-5.227196261682202
2011-08-24,40.02,-0.01999999999999602,-0.0071962616821960226
2011-08-25,44.81,4.789999999999999,4.802803738317799
2011-08-26,40.64,-4.170000000000002,-4.157196261682202
2011-08-29,37.49,-3.1499999999999986,-3.1371962616821985
2011-08-30,37.82,0.3299999999999983,0.3428037383177983
2011-08-31,37.28,-0.5399999999999991,-0.5271962616821991
2011-09-01,37.36,0.0799999999999983,0.0928037383177983
2011-09-02,37.75,0.39000000000000057,0.4028037383178006
2011-09-06,40.77,3.020000000000003,3.0328037383178033
2011-09-07,38.42,-2.3500000000000014,-2.3371962616822013
2011-09-08,38.63,0.21000000000000085,0.22280373831780084
2011-09-09,41.3,2.6699999999999946,2.6828037383177947
2011-09-12,42.68,1.3800000000000026,1.3928037383178025
2011-09-13,41.44,-1.240000000000002,-1.227196261682202
2011-09-14,40.13,-1.3099999999999952,-1.2971962616821953
2011-09-15,39.0,-1.1300000000000026,-1.1171962616822027
2011-09-16,37.87,-1.1300000000000026,-1.1171962616822027
2011-09-19,40.22,2.3500000000000014,2.3628037383178015
2011-09-20,40.27,0.05000000000000426,0.06280373831780427
2011-09-21,41.96,1.6899999999999977,1.7028037383177976
2011-09-22,47.02,5.060000000000002,5.072803738317802
2011-09-23,45.94,-1.0800000000000054,-1.0671962616822055
2011-09-26,45.32,-0.6199999999999974,-0.6071962616821974
2011-09-27,43.19,-2.1300000000000026,-2.1171962616822024
2011-09-28,44.29,1.1000000000000014,1.1128037383178013
2011-09-29,48.13,3.8400000000000034,3.8528037383178035
2011-09-30,49.81,1.6799999999999997,1.6928037383177996
2011-10-03,55.6,5.789999999999999,5.802803738317799
2011-10-04,51.75,-3.8500000000000014,-3.8371962616822013
2011-10-05,51.79,0.03999999999999915,0.052803738317799144
2011-10-06,48.01,-3.780000000000001,-3.767196261682201
2011-10-07,47.45,-0.5599999999999952,-0.5471962616821952
2011-10-10,46.17,-1.2800000000000011,-1.2671962616822012
2011-10-11,45.75,-0.4200000000000017,-0.4071962616822017
2011-10-12,43.56,-2.1899999999999977,-2.1771962616821976
2011-10-13,44.0,0.4399999999999977,0.45280373831779774
2011-10-14,30.32,-13.68,-13.6671962616822
2011-10-17,32.47,2.1499999999999986,2.1628037383177987
2011-10-18,31.79,-0.6799999999999997,-0.6671962616821997
2011-10-19,33.31,1.5200000000000031,1.532803738317803
2011-10-20,34.1,0.7899999999999991,0.8028037383177992
2011-10-21,31.86,-2.240000000000002,-2.227196261682202
2011-10-24,29.88,-1.9800000000000004,-1.9671962616822005
2011-10-25,31.64,1.7600000000000016,1.7728037383178015
2011-10-26,31.73,0.08999999999999986,0.10280373831779986
2011-10-27,28.61,-3.120000000000001,-3.107196261682201
2011-10-28,27.83,-0.7800000000000011,-0.7671962616822011
2011-10-31,29.31,1.4800000000000004,1.4928037383178003
2011-11-01,33.39,4.080000000000002,4.0928037383178015
2011-11-02,31.27,-2.120000000000001,-2.107196261682201
2011-11-03,28.72,-2.5500000000000007,-2.5371962616822006
2011-11-04,29.09,0.370000000000001,0.382803738317801
2011-11-07,28.8,-0.28999999999999915,-0.27719626168219913
2011-11-08,27.49,-1.3100000000000023,-1.2971962616822024
2011-11-09,32.5,5.010000000000002,5.022803738317801
2011-11-10,32.39,-0.10999999999999943,-0.09719626168219943
2011-11-11,29.33,-3.0600000000000023,-3.047196261682202
2011-11-14,29.76,0.43000000000000327,0.4428037383178033
2011-11-15,28.72,-1.0400000000000027,-1.0271962616822028
2011-11-16,28.44,-0.2799999999999976,-0.26719626168219757
2011-11-17,33.3,4.859999999999996,4.872803738317796
2011-11-18,31.5,-1.7999999999999972,-1.7871962616821973
2011-11-21,33.83,2.3299999999999983,2.3428037383177984
2011-11-22,32.78,-1.0499999999999972,-1.0371962616821973
2011-11-23,34.4,1.6199999999999974,1.6328037383177973
2011-11-25,33.33,-1.0700000000000003,-1.0571962616822004
2011-11-28,33.9,0.5700000000000003,0.5828037383178003
2011-11-29,33.82,-0.0799999999999983,-0.06719626168219829
2011-11-30,31.47,-2.3500000000000014,-2.3371962616822013
2011-12-01,31.27,-0.1999999999999993,-0.1871962616821993
2011-12-02,30.39,-0.879999999999999,-0.867196261682199
2011-12-05,30.67,0.28000000000000114,0.29280373831780115
2011-12-06,31.09,0.41999999999999815,0.43280373831779817
2011-12-07,31.28,0.19000000000000128,0.20280373831780127
2011-12-08,33.32,2.039999999999999,2.0528037383177993
2011-12-09,30.14,-3.1799999999999997,-3.1671962616821996
2011-12-12,31.35,1.2100000000000009,1.2228037383178008
2011-12-13,31.14,-0.21000000000000085,-0.19719626168220086
2011-12-14,32.12,0.9799999999999969,0.9928037383177969
2011-12-15,31.01,-1.1099999999999959,-1.097196261682196
2011-12-16,30.04,-0.9700000000000024,-0.9571962616822024
2011-12-19,30.7,0.6600000000000001,0.6728037383178002
2011-12-20,29.79,-0.9100000000000001,-0.8971962616822001
2011-12-21,30.55,0.7600000000000016,0.7728037383178016
2011-12-22,31.16,0.6099999999999994,0.6228037383177994
2011-12-23,30.56,-0.6000000000000014,-0.5871962616822014
2011-12-27,31.79,1.2300000000000004,1.2428037383178003
2011-12-28,32.2,0.4100000000000037,0.4228037383178037
2011-12-29,32.09,-0.10999999999999943,-0.09719626168219943
2011-12-30,32.71,0.6199999999999974,0.6328037383177975
2012-01-03,33.24,0.5300000000000011,0.5428037383178012
2012-01-04,32.17,-1.0700000000000003,-1.0571962616822004
2012-01-05,32.31,0.14000000000000057,0.15280373831780056
2012-01-06,32.07,-0.240000000000002,-0.227196261682202
2012-01-09,34.29,2.219999999999999,2.232803738317799
2012-01-10,34.49,0.20000000000000284,0.21280373831780283
2012-01-11,33.06,-1.4299999999999997,-1.4171962616821998
2012-01-12,32.6,-0.46000000000000085,-0.44719626168220084
2012-01-13,32.37,-0.23000000000000398,-0.217196261682204
2012-01-17,33.43,1.0600000000000023,1.0728037383178022
2012-01-18,34.6,1.1700000000000017,1.1828037383178016
2012-01-19,33.25,-1.3500000000000014,-1.3371962616822015
2012-01-20,23.41,-9.84,-9.8271962616822
2012-01-23,22.13,-1.2800000000000011,-1.2671962616822012
2012-01-24,22.07,-0.05999999999999872,-0.047196261682198724
2012-01-25,22.73,0.6600000000000001,0.6728037383178002
2012-01-26,22.88,0.14999999999999858,0.16280373831779857
2012-01-27,23.19,0.3100000000000023,0.3228037383178023
2012-01-30,24.47,1.2799999999999976,1.2928037383177975
2012-01-31,24.24,-0.23000000000000043,-0.21719626168220044
2012-02-01,23.38,-0.8599999999999994,-0.8471962616821994
2012-02-02,22.85,-0.5299999999999976,-0.5171962616821976
2012-02-03,21.76,-1.0899999999999999,-1.0771962616822
2012-02-06,21.66,-0.10000000000000142,-0.08719626168220142
2012-02-07,21.56,-0.10000000000000142,-0.08719626168220142
2012-02-08,21.02,-0.5399999999999991,-0.5271962616821991
2012-02-09,22.64,1.620000000000001,1.632803738317801
2012-02-10,24.67,2.030000000000001,2.0428037383178013
2012-02-13,23.26,-1.4100000000000001,-1.3971962616822002
2012-02-14,24.24,0.9799999999999969,0.9928037383177969
2012-02-15,25.78,1.5400000000000027,1.5528037383178026
2012-02-16,25.22,-0.5600000000000023,-0.5471962616822023
2012-02-17,24.86,-0.35999999999999943,-0.3471962616821994
2012-02-21,25.18,0.3200000000000003,0.3328037383178003
2012-02-22,25.38,0.1999999999999993,0.21280373831779928
2012-02-23,26.3,0.9200000000000017,0.9328037383178017
2012-02-24,26.62,0.3200000000000003,0.3328037383178003
2012-02-27,27.71,1.0899999999999999,1.1028037383177998
2012-02-28,27.72,0.00999999999999801,0.022803738317798007
2012-02-29,27.28,-0.4399999999999977,-0.4271962616821977
2012-03-01,26.92,-0.35999999999999943,-0.3471962616821994
2012-03-02,27.17,0.25,0.2628037383178
2012-03-05,28.68,1.509999999999998,1.522803738317798
2012-03-06,30.91,2.2300000000000004,2.2428037383178006
2012-03-07,30.69,-0.21999999999999886,-0.20719626168219887
2012-03-08,30.45,-0.240000000000002,-0.227196261682202
2012-03-09,29.86,-0.5899999999999999,-0.5771962616821998
2012-03-12,31.45,1.5899999999999999,1.6028037383177998
2012-03-13,30.23,-1.2199999999999989,-1.207196261682199
2012-03-14,31.05,0.8200000000000003,0.8328037383178003
2012-03-15,31.03,-0.019999999999999574,-0.007196261682199575
2012-03-16,31.63,0.5999999999999979,0.6128037383177979
2012-03-19,31.74,0.10999999999999943,0.12280373831779944
2012-03-20,31.31,-0.4299999999999997,-0.4171962616821997
2012-03-21,31.78,0.4700000000000024,0.48280373831780243
2012-03-22,32.0,0.21999999999999886,0.23280373831779885
2012-03-23,31.86,-0.14000000000000057,-0.12719626168220058
2012-03-26,31.76,-0.09999999999999787,-0.08719626168219786
2012-03-27,31.56,-0.20000000000000284,-0.18719626168220285
2012-03-28,33.18,1.620000000000001,1.632803738317801
2012-03-29,33.4,0.21999999999999886,0.23280373831779885
2012-03-30,32.95,-0.44999999999999574,-0.4371962616821957
2012-04-02,33.58,0.6299999999999955,0.6428037383177955
2012-04-03,33.95,0.37000000000000455,0.38280373831780456
2012-04-04,33.89,-0.060000000000002274,-0.04719626168220228
2012-04-05,33.98,0.0899999999999963,0.10280373831779631
2012-04-09,35.09,1.1100000000000065,1.1228037383178064
2012-04-10,36.77,1.6799999999999997,1.6928037383177996
2012-04-11,35.41,-1.3600000000000065,-1.3471962616822066
2012-04-12,34.1,-1.3099999999999952,-1.2971962616821953
2012-04-13,25.44,-8.66,-8.6471962616822
2012-04-16,26.21,0.7699999999999996,0.7828037383177996
2012-04-17,25.21,-1.0,-0.9871962616822
2012-04-18,24.74,-0.4700000000000024,-0.4571962616822024
2012-04-19,25.82,1.0800000000000018,1.0928037383178018
2012-04-20,24.69,-1.129999999999999,-1.117196261682199
2012-04-23,26.01,1.3200000000000003,1.3328037383178002
2012-04-24,25.72,-0.2900000000000027,-0.2771962616822027
2012-04-25,23.76,-1.9599999999999973,-1.9471962616821974
2012-04-26,23.13,-0.6300000000000026,-0.6171962616822025
2012-04-27,22.39,-0.7399999999999984,-0.7271962616821984
2012-04-30,23.55,1.1600000000000001,1.1728037383178
2012-05-01,22.83,-0.7200000000000024,-0.7071962616822024
2012-05-02,23.04,0.21000000000000085,0.22280373831780084
2012-05-03,23.38,0.33999999999999986,0.3528037383177999
2012-05-04,25.49,2.1099999999999994,2.1228037383177996
2012-05-07,25.29,-0.1999999999999993,-0.1871962616821993
2012-05-08,25.8,0.5100000000000016,0.5228037383178016
2012-05-09,26.26,0.46000000000000085,0.47280373831780087
2012-05-10,25.37,-0.8900000000000006,-0.8771962616822006
2012-05-11,25.21,-0.16000000000000014,-0.14719626168220015
2012-05-14,27.57,2.3599999999999994,2.3728037383177996
2012-05-15,26.81,-0.7600000000000016,-0.7471962616822015
2012-05-16,28.62,1.8100000000000023,1.8228037383178022
2012-05-17,31.43,2.8099999999999987,2.822803738317799
2012-05-18,33.71,2.280000000000001,2.2928037383178013
2012-05-21,29.2,-4.510000000000002,-4.497196261682202
2012-05-22,31.06,1.8599999999999994,1.8728037383177993
2012-05-23,29.39,-1.6699999999999982,-1.6571962616821982
2012-05-24,32.17,2.780000000000001,2.7928037383178013
2012-05-25,33.59,1.4200000000000017,1.4328037383178016
2012-05-29,33.37,-0.22000000000000597,-0.20719626168220598
2012-05-30,34.62,1.25,1.2628037383178
2012-05-31,35.63,1.0100000000000051,1.022803738317805
2012-06-01,36.98,1.3499999999999943,1.3628037383177942
2012-06-04,36.32,-0.6599999999999966,-0.6471962616821966
2012-06-05,35.62,-0.7000000000000028,-0.6871962616822028
2012-06-06,33.22,-2.3999999999999986,-2.3871962616821985
2012-06-07,32.66,-0.5600000000000023,-0.5471962616822023
2012-06-08,31.72,-0.9399999999999977,-0.9271962616821977
2012-06-11,35.32,3.6000000000000014,3.6128037383178015
2012-06-12,35.95,0.6300000000000026,0.6428037383178026
2012-06-13,35.86,-0.09000000000000341,-0.07719626168220341
2012-06-14,35.2,-0.6599999999999966,-0.6471962616821966
2012-06-15,33.7,-1.5,-1.4871962616822
2012-06-18,33.64,-0.060000000000002274,-0.04719626168220228
2012-06-19,31.72,-1.9200000000000017,-1.9071962616822018
2012-06-20,30.91,-0.8099999999999987,-0.7971962616821987
2012-06-21,32.02,1.110000000000003,1.122803738317803
2012-06-22,31.07,-0.9500000000000028,-0.9371962616822028
2012-06-25,31.91,0.8399999999999999,0.8528037383177999
2012-06-26,32.2,0.2900000000000027,0.3028037383178027
2012-06-27,32.69,0.4899999999999949,0.5028037383177949
2012-06-28,33.6,0.9100000000000037,0.9228037383178037
2012-06-29,32.1,-1.5,-1.4871962616822
2012-07-02,32.67,0.5700000000000003,0.5828037383178003
2012-07-03,32.49,-0.17999999999999972,-0.16719626168219973
2012-07-05,33.04,0.5499999999999972,0.5628037383177972
2012-07-06,34.38,1.3400000000000034,1.3528037383178033
2012-07-09,34.67,0.28999999999999915,0.30280373831779916
2012-07-10,35.19,0.519999999999996,0.532803738317796
2012-07-11,36.74,1.5500000000000043,1.5628037383178042
2012-07-12,36.79,0.04999999999999716,0.06280373831779716
2012-07-13,34.9,-1.8900000000000006,-1.8771962616822007
2012-07-16,35.41,0.509999999999998,0.522803738317798
2012-07-17,33.17,-2.239999999999995,-2.2271962616821948
2012-07-18,32.5,-0.6700000000000017,-0.6571962616822017
2012-07-19,29.6,-2.8999999999999986,-2.8871962616821985
2012-07-20,21.26,-8.34,-8.3271962616822
2012-07-23,23.15,1.889999999999997,1.902803738317797
2012-07-24,23.37,0.22000000000000242,0.2328037383178024
2012-07-25,23.92,0.5500000000000007,0.5628037383178007
2012-07-26,22.93,-0.990000000000002,-0.977196261682202
2012-07-27,22.67,-0.259999999999998,-0.24719626168219802
2012-07-30,24.12,1.4499999999999993,1.4628037383177992
2012-07-31,23.63,-0.490000000000002,-0.47719626168220197
2012-08-01,23.95,0.3200000000000003,0.3328037383178003
2012-08-02,24.07,0.120000000000001,0.13280373831780098
2012-08-03,22.4,-1.6700000000000017,-1.6571962616822018
2012-08-06,22.8,0.40000000000000213,0.41280373831780215
2012-08-07,22.33,-0.4700000000000024,-0.4571962616822024
2012-08-08,21.76,-0.5699999999999967,-0.5571962616821967
2012-08-09,21.39,-0.370000000000001,-0.357196261682201
2012-08-10,19.91,-1.4800000000000004,-1.4671962616822005
2012-08-13,19.02,-0.8900000000000006,-0.8771962616822006
2012-08-14,20.6,1.5800000000000018,1.5928037383178018
2012-08-15,20.82,0.21999999999999886,0.23280373831779885
2012-08-16,18.86,-1.9600000000000009,-1.947196261682201
2012-08-17,17.23,-1.629999999999999,-1.617196261682199
2012-08-20,19.7,2.469999999999999,2.482803738317799
2012-08-21,21.85,2.150000000000002,2.1628037383178023
2012-08-22,22.5,0.6499999999999986,0.6628037383177986
2012-08-23,22.96,0.46000000000000085,0.47280373831780087
2012-08-24,22.91,-0.05000000000000071,-0.037196261682200714
2012-08-27,24.95,2.039999999999999,2.0528037383177993
2012-08-28,25.42,0.4700000000000024,0.48280373831780243
2012-08-29,25.62,0.1999999999999993,0.21280373831779928
2012-08-30,26.31,0.6899999999999977,0.7028037383177977
2012-08-31,26.71,0.40000000000000213,0.41280373831780215
2012-09-04,28.84,2.129999999999999,2.142803738317799
2012-09-05,28.48,-0.35999999999999943,-0.3471962616821994
2012-09-06,27.55,-0.9299999999999997,-0.9171962616821997
2012-09-07,27.71,0.16000000000000014,0.17280373831780013
2012-09-10,28.86,1.1499999999999986,1.1628037383177985
2012-09-11,29.36,0.5,0.5128037383178
2012-09-12,29.54,0.17999999999999972,0.1928037383177997
2012-09-13,28.9,-0.6400000000000006,-0.6271962616822006
2012-09-14,28.52,-0.379999999999999,-0.367196261682199
2012-09-17,29.98,1.4600000000000009,1.4728037383178008
2012-09-18,29.33,-0.6500000000000021,-0.6371962616822021
2012-09-19,29.58,0.25,0.2628037383178
2012-09-20,29.26,-0.31999999999999673,-0.3071962616821967
2012-09-21,28.68,-0.5800000000000018,-0.5671962616822018
2012-09-24,29.64,0.9600000000000009,0.9728037383178009
2012-09-25,30.47,0.8299999999999983,0.8428037383177983
2012-09-26,32.36,1.8900000000000006,1.9028037383178005
2012-09-27,31.97,-0.39000000000000057,-0.37719626168220055
2012-09-28,32.35,0.38000000000000256,0.3928037383178026
2012-10-01,32.08,-0.2700000000000031,-0.2571962616822031
2012-10-02,30.98,-1.0999999999999979,-1.087196261682198
2012-10-03,30.81,-0.1700000000000017,-0.15719626168220172
2012-10-04,30.15,-0.6600000000000001,-0.6471962616822001
2012-10-05,30.67,0.5200000000000031,0.5328037383178031
2012-10-08,31.14,0.46999999999999886,0.4828037383177989
2012-10-09,32.44,1.2999999999999972,1.312803738317797
2012-10-10,31.86,-0.5799999999999983,-0.5671962616821983
2012-10-11,31.66,-0.1999999999999993,-0.1871962616821993
2012-10-12,31.83,0.16999999999999815,0.18280373831779814
2012-10-15,31.6,-0.22999999999999687,-0.21719626168219688
2012-10-16,30.59,-1.0100000000000016,-0.9971962616822015
2012-10-17,30.16,-0.4299999999999997,-0.4171962616821997
2012-10-18,24.81,-5.350000000000001,-5.337196261682202
2012-10-19,26.48,1.6700000000000017,1.6828037383178016
2012-10-22,24.41,-2.0700000000000003,-2.0571962616822
2012-10-23,24.34,-0.07000000000000028,-0.05719626168220029
2012-10-24,23.87,-0.46999999999999886,-0.45719626168219885
2012-10-25,23.48,-0.39000000000000057,-0.37719626168220055
2012-10-26,23.23,-0.25,-0.2371962616822
2012-10-31,22.85,-0.379999999999999,-0.367196261682199
2012-11-01,21.8,-1.0500000000000007,-1.0371962616822008
2012-11-02,22.52,0.7199999999999989,0.7328037383177989
2012-11-05,23.97,1.4499999999999993,1.4628037383177992
2012-11-06,23.4,-0.5700000000000003,-0.5571962616822003
2012-11-07,23.89,0.490000000000002,0.502803738317802
2012-11-08,24.44,0.5500000000000007,0.5628037383178007
2012-11-09,24.66,0.21999999999999886,0.23280373831779885
2012-11-12,20.94,-3.719999999999999,-3.7071962616821987
2012-11-13,20.34,-0.6000000000000014,-0.5871962616822014
2012-11-14,21.84,1.5,1.5128037383178
2012-11-15,22.36,0.5199999999999996,0.5328037383177996
2012-11-16,23.13,0.7699999999999996,0.7828037383177996
2012-11-19,22.5,-0.629999999999999,-0.617196261682199
2012-11-20,22.37,-0.129999999999999,-0.117196261682199
2012-11-21,22.27,-0.10000000000000142,-0.08719626168220142
2012-11-23,22.27,0.0,0.012803738317799998
2012-11-26,22.89,0.620000000000001,0.632803738317801
2012-11-27,23.21,0.3200000000000003,0.3328037383178003
2012-11-28,24.18,0.9699999999999989,0.9828037383177989
2012-11-29,24.6,0.4200000000000017,0.4328037383178017
2012-11-30,24.79,0.18999999999999773,0.20280373831779772
2012-12-03,24.65,-0.14000000000000057,-0.12719626168220058
2012-12-04,25.94,1.2900000000000027,1.3028037383178026
2012-12-05,25.96,0.019999999999999574,0.03280373831779957
2012-12-06,26.74,0.7799999999999976,0.7928037383177976
2012-12-07,26.51,-0.22999999999999687,-0.21719626168219688
2012-12-10,27.12,0.6099999999999994,0.6228037383177994
2012-12-11,26.71,-0.41000000000000014,-0.3971962616822001
2012-12-12,26.76,0.05000000000000071,0.06280373831780071
2012-12-13,27.33,0.5699999999999967,0.5828037383177967
2012-12-14,27.65,0.3200000000000003,0.3328037383178003
2012-12-17,28.26,0.610000000000003,0.622803738317803
2012-12-18,27.0,-1.2600000000000016,-1.2471962616822017
2012-12-19,28.67,1.6700000000000017,1.6828037383178016
2012-12-20,28.57,-0.10000000000000142,-0.08719626168220142
2012-12-21,28.47,-0.10000000000000142,-0.08719626168220142
2012-12-24,27.41,-1.0599999999999987,-1.0471962616821988
2012-12-26,29.29,1.879999999999999,1.892803738317799
2012-12-27,29.18,-0.10999999999999943,-0.09719626168219943
2012-12-28,30.56,1.379999999999999,1.392803738317799
2012-12-31,30.39,-0.16999999999999815,-0.15719626168219816
2013-01-02,27.6,-2.789999999999999,-2.777196261682199
2013-01-03,27.37,-0.23000000000000043,-0.21719626168220044
2013-01-04,27.13,-0.240000000000002,-0.227196261682202
2013-01-07,28.06,0.9299999999999997,0.9428037383177997
2013-01-08,29.07,1.0100000000000016,1.0228037383178015
2013-01-09,29.43,0.35999999999999943,0.37280373831779945
2013-01-10,29.43,0.0,0.012803738317799998
2013-01-11,29.49,0.05999999999999872,0.07280373831779872
2013-01-14,30.89,1.4000000000000021,1.412803738317802
2013-01-15,30.86,-0.030000000000001137,-0.01719626168220114
2013-01-16,30.97,0.10999999999999943,0.12280373831779944
2013-01-17,31.23,0.26000000000000156,0.2728037383178016
2013-01-18,31.2,-0.030000000000001137,-0.01719626168220114
2013-01-22,29.31,-1.8900000000000006,-1.8771962616822007
2013-01-23,18.56,-10.75,-10.7371962616822
2013-01-24,18.66,0.10000000000000142,0.11280373831780142
2013-01-25,18.19,-0.46999999999999886,-0.45719626168219885
2013-01-28,18.79,0.5999999999999979,0.6128037383177979
2013-01-29,18.8,0.010000000000001563,0.02280373831780156
2013-01-30,18.85,0.05000000000000071,0.06280373831780071
2013-01-31,18.53,-0.3200000000000003,-0.30719626168220027
2013-02-01,19.49,0.9599999999999973,0.9728037383177973
2013-02-04,21.01,1.5200000000000031,1.532803738317803
2013-02-05,20.18,-0.8300000000000018,-0.8171962616822018
2013-02-06,21.24,1.0599999999999987,1.0728037383177986
2013-02-07,21.23,-0.00999999999999801,0.002803738317801988
2013-02-08,20.69,-0.5399999999999991,-0.5271962616821991
2013-02-11,20.8,0.10999999999999943,0.12280373831779944
2013-02-12,20.6,-0.1999999999999993,-0.1871962616821993
2013-02-13,19.81,-0.7900000000000027,-0.7771962616822027
2013-02-14,20.34,0.5300000000000011,0.5428037383178012
2013-02-15,20.38,0.03999999999999915,0.052803738317799144
2013-02-19,22.16,1.7800000000000011,1.792803738317801
2013-02-20,23.02,0.8599999999999994,0.8728037383177994
2013-02-21,24.02,1.0,1.0128037383178
2013-02-22,23.22,-0.8000000000000007,-0.7871962616822007
2013-02-25,25.59,2.370000000000001,2.382803738317801
2013-02-26,25.16,-0.4299999999999997,-0.4171962616821997
2013-02-27,24.36,-0.8000000000000007,-0.7871962616822007
2013-02-28,24.67,0.3100000000000023,0.3228037383178023
2013-03-01,25.12,0.4499999999999993,0.4628037383177993
2013-03-04,25.98,0.8599999999999994,0.8728037383177994
2013-03-05,25.66,-0.3200000000000003,-0.30719626168220027
2013-03-06,25.62,-0.03999999999999915,-0.02719626168219915
2013-03-07,25.54,-0.08000000000000185,-0.06719626168220184
2013-03-08,25.78,0.240000000000002,0.252803738317802
2013-03-11,26.49,0.7099999999999973,0.7228037383177973
2013-03-12,25.83,-0.6600000000000001,-0.6471962616822001
2013-03-13,25.93,0.10000000000000142,0.11280373831780142
2013-03-14,25.65,-0.28000000000000114,-0.2671962616822011
2013-03-15,25.28,-0.36999999999999744,-0.3571962616821974
2013-03-18,26.64,1.3599999999999994,1.3728037383177993
2013-03-19,27.08,0.4399999999999977,0.45280373831779774
2013-03-20,27.0,-0.0799999999999983,-0.06719626168219829
2013-03-21,27.14,0.14000000000000057,0.15280373831780056
2013-03-22,26.73,-0.41000000000000014,-0.3971962616822001
2013-03-25,27.32,0.5899999999999999,0.6028037383177999
2013-03-26,26.97,-0.3500000000000014,-0.3371962616822014
2013-03-27,26.54,-0.4299999999999997,-0.4171962616821997
2013-03-28,27.06,0.5199999999999996,0.5328037383177996
2013-04-01,27.18,0.120000000000001,0.13280373831780098
2013-04-02,27.71,0.5300000000000011,0.5428037383178012
2013-04-03,27.99,0.2799999999999976,0.2928037383177976
2013-04-04,28.28,0.2900000000000027,0.3028037383178027
2013-04-05,29.0,0.7199999999999989,0.7328037383177989
2013-04-08,29.34,0.33999999999999986,0.3528037383177999
2013-04-09,28.54,-0.8000000000000007,-0.7871962616822007
2013-04-10,27.84,-0.6999999999999993,-0.6871962616821993
2013-04-11,27.53,-0.3099999999999987,-0.2971962616821987
2013-04-12,27.77,0.23999999999999844,0.25280373831779845
2013-04-15,28.84,1.0700000000000003,1.0828037383178002
2013-04-16,27.41,-1.4299999999999997,-1.4171962616821998
2013-04-17,27.1,-0.3099999999999987,-0.2971962616821987
2013-04-18,26.82,-0.28000000000000114,-0.2671962616822011
2013-04-19,21.77,-5.050000000000001,-5.037196261682201
2013-04-22,20.57,-1.1999999999999993,-1.1871962616821994
2013-04-23,20.07,-0.5,-0.4871962616822
2013-04-24,19.3,-0.7699999999999996,-0.7571962616821996
2013-04-25,18.62,-0.6799999999999997,-0.6671962616821997
2013-04-26,18.5,-0.120000000000001,-0.10719626168220099
2013-04-29,19.08,0.5799999999999983,0.5928037383177983
2013-04-30,18.82,-0.259999999999998,-0.24719626168219802
2013-05-01,18.77,-0.05000000000000071,-0.037196261682200714
2013-05-02,19.26,0.490000000000002,0.502803738317802
2013-05-03,19.6,0.33999999999999986,0.3528037383177999
2013-05-06,21.16,1.5599999999999987,1.5728037383177986
2013-05-07,21.18,0.019999999999999574,0.03280373831779957
2013-05-08,21.51,0.33000000000000185,0.34280373831780186
2013-05-09,21.47,-0.0400000000000027,-0.027196261682202703
2013-05-10,21.61,0.14000000000000057,0.15280373831780056
2013-05-13,19.82,-1.7899999999999991,-1.7771962616821992
2013-05-14,18.94,-0.879999999999999,-0.867196261682199
2013-05-15,19.92,0.9800000000000004,0.9928037383178004
2013-05-16,23.29,3.3699999999999974,3.3828037383177976
2013-05-17,21.49,-1.8000000000000007,-1.7871962616822008
2013-05-20,22.9,1.4100000000000001,1.4228037383178
2013-05-21,21.22,-1.6799999999999997,-1.6671962616821998
2013-05-22,21.79,0.5700000000000003,0.5828037383178003
2013-05-23,22.88,1.0899999999999999,1.1028037383177998
2013-05-24,21.13,-1.75,-1.7371962616822
2013-05-28,23.39,2.2600000000000016,2.2728037383178017
2013-05-29,24.02,0.629999999999999,0.642803738317799
2013-05-30,23.93,-0.08999999999999986,-0.07719626168219985
2013-05-31,24.2,0.2699999999999996,0.2828037383177996
2013-06-03,25.78,1.5800000000000018,1.5928037383178018
2013-06-04,26.0,0.21999999999999886,0.23280373831779885
2013-06-05,26.86,0.8599999999999994,0.8728037383177994
2013-06-06,27.15,0.28999999999999915,0.30280373831779916
2013-06-07,25.61,-1.5399999999999991,-1.5271962616821992
2013-06-10,26.46,0.8500000000000014,0.8628037383178014
2013-06-11,27.58,1.1199999999999974,1.1328037383177973
2013-06-12,27.63,0.05000000000000071,0.06280373831780071
2013-06-13,27.46,-0.16999999999999815,-0.15719626168219816
2013-06-14,27.39,-0.07000000000000028,-0.05719626168220029
2013-06-17,26.9,-0.490000000000002,-0.47719626168220197
2013-06-18,26.76,-0.13999999999999702,-0.12719626168219703
2013-06-19,26.98,0.21999999999999886,0.23280373831779885
2013-06-20,28.8,1.8200000000000003,1.8328037383178002
2013-06-21,28.35,-0.4499999999999993,-0.43719626168219927
2013-06-24,29.54,1.1899999999999977,1.2028037383177976
2013-06-25,29.63,0.08999999999999986,0.10280373831779986
2013-06-26,28.58,-1.0500000000000007,-1.0371962616822008
2013-06-27,28.42,-0.1599999999999966,-0.1471962616821966
2013-06-28,27.95,-0.4700000000000024,-0.4571962616822024
2013-07-01,27.43,-0.5199999999999996,-0.5071962616821996
2013-07-02,27.15,-0.28000000000000114,-0.2671962616822011
2013-07-03,27.29,0.14000000000000057,0.15280373831780056
2013-07-05,27.25,-0.03999999999999915,-0.02719626168219915
2013-07-08,27.95,0.6999999999999993,0.7128037383177993
2013-07-09,27.19,-0.759999999999998,-0.747196261682198
2013-07-10,27.67,0.4800000000000004,0.49280373831780044
2013-07-11,26.98,-0.6900000000000013,-0.6771962616822013
2013-07-12,27.18,0.1999999999999993,0.21280373831779928
2013-07-15,27.07,-0.10999999999999943,-0.09719626168219943
2013-07-16,26.21,-0.8599999999999994,-0.8471962616821994
2013-07-17,25.75,-0.46000000000000085,-0.44719626168220084
2013-07-18,25.12,-0.629999999999999,-0.617196261682199
2013-07-19,19.11,-6.010000000000002,-5.997196261682202
2013-07-22,17.54,-1.5700000000000003,-1.5571962616822004
2013-07-23,16.97,-0.5700000000000003,-0.5571962616822003
2013-07-24,16.88,-0.08999999999999986,-0.07719626168219985
2013-07-25,18.18,1.3000000000000007,1.3128037383178006
2013-07-26,18.24,0.05999999999999872,0.07280373831779872
2013-07-29,19.1,0.860000000000003,0.872803738317803
2013-07-30,19.17,0.07000000000000028,0.08280373831780029
2013-07-31,19.17,0.0,0.012803738317799998
2013-08-01,18.79,-0.38000000000000256,-0.36719626168220254
2013-08-02,18.35,-0.4399999999999977,-0.4271962616821977
2013-08-05,18.48,0.129999999999999,0.142803738317799
2013-08-06,18.74,0.259999999999998,0.27280373831779803
2013-08-07,18.97,0.23000000000000043,0.24280373831780042
2013-08-08,18.67,-0.29999999999999716,-0.28719626168219714
2013-08-09,18.55,-0.120000000000001,-0.10719626168220099
2013-08-12,16.01,-2.539999999999999,-2.527196261682199
2013-08-13,16.05,0.03999999999999915,0.052803738317799144
2013-08-14,17.8,1.75,1.7628037383178
2013-08-15,20.3,2.5,2.5128037383178
2013-08-16,20.32,0.019999999999999574,0.03280373831779957
2013-08-19,20.92,0.6000000000000014,0.6128037383178014
2013-08-20,20.2,-0.7200000000000024,-0.7071962616822024
2013-08-21,20.94,0.740000000000002,0.752803738317802
2013-08-22,20.35,-0.5899999999999999,-0.5771962616821998
2013-08-23,20.19,-0.16000000000000014,-0.14719626168220015
2013-08-26,22.08,1.889999999999997,1.902803738317797
2013-08-27,24.64,2.5600000000000023,2.5728037383178024
2013-08-28,24.95,0.3099999999999987,0.32280373831779874
2013-08-29,24.1,-0.8499999999999979,-0.8371962616821979
2013-08-30,24.46,0.35999999999999943,0.37280373831779945
2013-09-03,24.81,0.34999999999999787,0.3628037383177979
2013-09-04,24.21,-0.5999999999999979,-0.5871962616821979
2013-09-05,24.03,-0.17999999999999972,-0.16719626168219973
2013-09-06,23.69,-0.33999999999999986,-0.32719626168219984
2013-09-09,24.1,0.41000000000000014,0.42280373831780016
2013-09-10,24.08,-0.020000000000003126,-0.007196261682203128
2013-09-11,24.53,0.45000000000000284,0.46280373831780286
2013-09-12,24.46,-0.07000000000000028,-0.05719626168220029
2013-09-13,23.99,-0.4700000000000024,-0.4571962616822024
2013-09-16,24.67,0.6800000000000033,0.6928037383178033
2013-09-17,25.12,0.4499999999999993,0.4628037383177993
2013-09-18,24.79,-0.33000000000000185,-0.31719626168220183
2013-09-19,24.44,-0.34999999999999787,-0.33719626168219785
2013-09-20,23.99,-0.45000000000000284,-0.4371962616822028
2013-09-23,25.84,1.8500000000000014,1.8628037383178013
2013-09-24,25.68,-0.16000000000000014,-0.14719626168220015
2013-09-25,25.68,0.0,0.012803738317799998
2013-09-26,25.4,-0.28000000000000114,-0.2671962616822011
2013-09-27,25.33,-0.07000000000000028,-0.05719626168220029
2013-09-30,26.3,0.9700000000000024,0.9828037383178024
2013-10-01,25.85,-0.4499999999999993,-0.43719626168219927
2013-10-02,25.71,-0.14000000000000057,-0.12719626168220058
2013-10-03,26.76,1.0500000000000007,1.0628037383178006
2013-10-04,26.79,0.029999999999997584,0.04280373831779758
2013-10-07,28.04,1.25,1.2628037383178
2013-10-08,28.95,0.9100000000000001,0.9228037383178002
2013-10-09,29.51,0.5600000000000023,0.5728037383178023
2013-10-10,27.97,-1.5400000000000027,-1.5271962616822028
2013-10-11,26.55,-1.4199999999999982,-1.4071962616821982
2013-10-14,25.92,-0.629999999999999,-0.617196261682199
2013-10-15,24.69,-1.2300000000000004,-1.2171962616822005
2013-10-16,23.63,-1.0600000000000023,-1.0471962616822024
2013-10-17,22.8,-0.8299999999999983,-0.8171962616821983
2013-10-18,21.23,-1.5700000000000003,-1.5571962616822004
2013-10-21,22.12,0.8900000000000006,0.9028037383178006
2013-10-22,21.21,-0.9100000000000001,-0.8971962616822001
2013-10-23,23.04,1.8299999999999983,1.8428037383177982
2013-10-24,21.82,-1.2199999999999989,-1.207196261682199
2013-10-25,20.59,-1.2300000000000004,-1.2171962616822005
2013-10-28,21.32,0.7300000000000004,0.7428037383178004
2013-10-29,20.48,-0.8399999999999999,-0.8271962616821998
2013-10-30,19.73,-0.75,-0.7371962616822
2013-10-31,19.46,-0.2699999999999996,-0.25719626168219956
2013-11-01,18.4,-1.0600000000000023,-1.0471962616822024
2013-11-04,17.62,-0.7799999999999976,-0.7671962616821976
2013-11-05,18.17,0.5500000000000007,0.5628037383178007
2013-11-06,18.11,-0.060000000000002274,-0.04719626168220228
2013-11-07,18.55,0.4400000000000013,0.4528037383178013
2013-11-08,17.8,-0.75,-0.7371962616822
2013-11-11,15.95,-1.8500000000000014,-1.8371962616822015
2013-11-12,15.79,-0.16000000000000014,-0.14719626168220015
2013-11-13,16.6,0.8100000000000023,0.8228037383178023
2013-11-14,15.96,-0.6400000000000006,-0.6271962616822006
2013-11-15,16.62,0.6600000000000001,0.6728037383178002
2013-11-18,18.09,1.4699999999999989,1.4828037383177988
2013-11-19,18.17,0.08000000000000185,0.09280373831780185
2013-11-20,17.8,-0.370000000000001,-0.357196261682201
2013-11-21,17.93,0.129999999999999,0.142803738317799
2013-11-22,17.9,-0.030000000000001137,-0.01719626168220114
2013-11-25,18.85,0.9500000000000028,0.9628037383178029
2013-11-26,18.6,-0.25,-0.2371962616822
2013-11-27,18.35,-0.25,-0.2371962616822
2013-11-29,18.79,0.4399999999999977,0.45280373831779774
2013-12-02,19.55,0.7600000000000016,0.7728037383178016
2013-12-03,19.67,0.120000000000001,0.13280373831780098
2013-12-04,20.3,0.629999999999999,0.642803738317799
2013-12-05,21.39,1.0899999999999999,1.1028037383177998
2013-12-06,20.79,-0.6000000000000014,-0.5871962616822014
2013-12-09,20.22,-0.5700000000000003,-0.5571962616822003
2013-12-10,19.32,-0.8999999999999986,-0.8871962616821986
2013-12-11,19.87,0.5500000000000007,0.5628037383178007
2013-12-12,19.81,-0.060000000000002274,-0.04719626168220228
2013-12-13,20.46,0.6500000000000021,0.6628037383178021
2013-12-16,20.85,0.39000000000000057,0.4028037383178006
2013-12-17,20.96,0.10999999999999943,0.12280373831779944
2013-12-18,20.96,0.0,0.012803738317799998
2013-12-19,20.37,-0.5899999999999999,-0.5771962616821998
2013-12-20,20.06,-0.3100000000000023,-0.29719626168220226
2013-12-23,20.4,0.33999999999999986,0.3528037383177999
2013-12-24,19.92,-0.4799999999999969,-0.46719626168219686
2013-12-26,20.3,0.379999999999999,0.392803738317799
2013-12-27,20.13,-0.1700000000000017,-0.15719626168220172
2013-12-30,20.62,0.490000000000002,0.502803738317802
2013-12-31,21.34,0.7199999999999989,0.7328037383177989
2014-01-02,22.11,0.7699999999999996,0.7828037383177996
2014-01-03,22.44,0.33000000000000185,0.34280373831780186
2014-01-06,23.47,1.0299999999999976,1.0428037383177975
2014-01-07,24.04,0.5700000000000003,0.5828037383178003
2014-01-08,23.95,-0.08999999999999986,-0.07719626168219985
2014-01-09,24.37,0.4200000000000017,0.4328037383178017
2014-01-10,24.29,-0.08000000000000185,-0.06719626168220184
2014-01-13,27.15,2.8599999999999994,2.8728037383177996
2014-01-14,27.32,0.1700000000000017,0.1828037383178017
2014-01-15,26.99,-0.33000000000000185,-0.31719626168220183
2014-01-16,27.74,0.75,0.7628037383178
2014-01-17,28.57,0.8300000000000018,0.8428037383178019
2014-01-21,28.8,0.23000000000000043,0.24280373831780042
2014-01-22,28.79,-0.010000000000001563,0.002803738317798435
2014-01-23,29.29,0.5,0.5128037383178
2014-01-24,32.99,3.700000000000003,3.712803738317803
2014-01-27,35.8,2.809999999999995,2.8228037383177953
2014-01-28,34.08,-1.7199999999999989,-1.707196261682199
2014-01-29,35.14,1.0600000000000023,1.0728037383178022
2014-01-30,34.26,-0.8800000000000026,-0.8671962616822025
2014-01-31,21.38,-12.879999999999999,-12.8671962616822
2014-02-03,26.62,5.240000000000002,5.252803738317802
2014-02-04,25.0,-1.620000000000001,-1.607196261682201
2014-02-05,25.64,0.6400000000000006,0.6528037383178006
2014-02-06,23.82,-1.8200000000000003,-1.8071962616822004
2014-02-07,21.5,-2.3200000000000003,-2.3071962616822
2014-02-10,21.96,0.46000000000000085,0.47280373831780087
2014-02-11,21.4,-0.5600000000000023,-0.5471962616822023
2014-02-12,21.13,-0.2699999999999996,-0.25719626168219956
2014-02-13,20.43,-0.6999999999999993,-0.6871962616821993
2014-02-14,20.01,-0.41999999999999815,-0.40719626168219814
2014-02-18,19.99,-0.020000000000003126,-0.007196261682203128
2014-02-19,20.13,0.14000000000000057,0.15280373831780056
2014-02-20,20.11,-0.019999999999999574,-0.007196261682199575
2014-02-21,19.73,-0.379999999999999,-0.367196261682199
2014-02-24,20.54,0.8099999999999987,0.8228037383177987
2014-02-25,20.69,0.15000000000000213,0.16280373831780212
2014-02-26,21.19,0.5,0.5128037383178
2014-02-27,21.7,0.509999999999998,0.522803738317798
2014-02-28,20.84,-0.8599999999999994,-0.8471962616821994
2014-03-03,22.92,2.080000000000002,2.092803738317802
2014-03-04,21.79,-1.1300000000000026,-1.1171962616822027
2014-03-05,21.79,0.0,0.012803738317799998
2014-03-06,21.99,0.1999999999999993,0.21280373831779928
2014-03-07,21.97,-0.019999999999999574,-0.007196261682199575
2014-03-10,23.05,1.0800000000000018,1.0928037383178018
2014-03-11,23.68,0.629999999999999,0.642803738317799
2014-03-12,23.78,0.10000000000000142,0.11280373831780142
2014-03-13,25.8,2.0199999999999996,2.0328037383177997
2014-03-14,26.94,1.1400000000000006,1.1528037383178005
2014-03-17,26.14,-0.8000000000000007,-0.7871962616822007
2014-03-18,25.84,-0.3000000000000007,-0.2871962616822007
2014-03-19,26.04,0.1999999999999993,0.21280373831779928
2014-03-20,25.59,-0.4499999999999993,-0.43719626168219927
2014-03-21,26.42,0.8300000000000018,0.8428037383178019
2014-03-24,29.83,3.4099999999999966,3.4228037383177967
2014-03-25,30.75,0.9200000000000017,0.9328037383178017
2014-03-26,31.64,0.8900000000000006,0.9028037383178006
2014-03-27,32.29,0.6499999999999986,0.6628037383177986
2014-03-28,30.92,-1.3699999999999974,-1.3571962616821975
2014-03-31,32.67,1.75,1.7628037383178
2014-04-01,31.94,-0.7300000000000004,-0.7171962616822004
2014-04-02,31.45,-0.490000000000002,-0.47719626168220197
2014-04-03,28.92,-2.5299999999999976,-2.5171962616821975
2014-04-04,35.64,6.719999999999999,6.7328037383177985
2014-04-07,36.19,0.5499999999999972,0.5628037383177972
2014-04-08,34.68,-1.509999999999998,-1.497196261682198
2014-04-09,35.0,0.3200000000000003,0.3328037383178003
2014-04-10,38.23,3.229999999999997,3.242803738317797
2014-04-11,39.41,1.1799999999999997,1.1928037383177996
2014-04-14,37.12,-2.289999999999999,-2.277196261682199
2014-04-15,35.47,-1.6499999999999986,-1.6371962616821987
2014-04-16,35.25,-0.21999999999999886,-0.20719626168219887
2014-04-17,23.59,-11.66,-11.6471962616822
2014-04-21,24.62,1.0300000000000011,1.042803738317801
2014-04-22,23.11,-1.5100000000000016,-1.4971962616822017
2014-04-23,23.18,0.07000000000000028,0.08280373831780029
2014-04-24,23.49,0.3099999999999987,0.32280373831779874
2014-04-25,24.25,0.7600000000000016,0.7728037383178016
2014-04-28,24.87,0.620000000000001,0.632803738317801
2014-04-29,22.82,-2.0500000000000007,-2.0371962616822006
2014-04-30,22.36,-0.46000000000000085,-0.44719626168220084
2014-05-01,21.65,-0.7100000000000009,-0.6971962616822008
2014-05-02,20.89,-0.759999999999998,-0.747196261682198
2014-05-05,20.87,-0.019999999999999574,-0.007196261682199575
2014-05-06,21.33,0.4599999999999973,0.4728037383177973
2014-05-07,22.27,0.9400000000000013,0.9528037383178013
2014-05-08,21.7,-0.5700000000000003,-0.5571962616822003
2014-05-09,20.69,-1.009999999999998,-0.997196261682198
2014-05-12,15.75,-4.940000000000001,-4.927196261682202
2014-05-13,15.3,-0.4499999999999993,-0.43719626168219927
2014-05-14,17.1,1.8000000000000007,1.8128037383178006
2014-05-15,17.74,0.639999999999997,0.652803738317797
2014-05-16,17.77,0.030000000000001137,0.042803738317801134
2014-05-19,18.29,0.5199999999999996,0.5328037383177996
2014-05-20,18.66,0.370000000000001,0.382803738317801
2014-05-21,18.18,-0.4800000000000004,-0.4671962616822004
2014-05-22,18.23,0.05000000000000071,0.06280373831780071
2014-05-23,18.2,-0.030000000000001137,-0.01719626168220114
2014-05-27,20.22,2.0199999999999996,2.0328037383177997
2014-05-28,20.69,0.4700000000000024,0.48280373831780243
2014-05-29,20.77,0.0799999999999983,0.0928037383177983
2014-05-30,20.91,0.14000000000000057,0.15280373831780056
2014-06-02,23.64,2.7300000000000004,2.7428037383178006
2014-06-03,24.0,0.35999999999999943,0.37280373831779945
2014-06-04,24.61,0.6099999999999994,0.6228037383177994
2014-06-05,24.61,0.0,0.012803738317799998
2014-06-06,24.94,0.33000000000000185,0.34280373831780186
2014-06-09,25.45,0.509999999999998,0.522803738317798
2014-06-10,25.56,0.10999999999999943,0.12280373831779944
2014-06-11,26.33,0.7699999999999996,0.7828037383177996
2014-06-12,26.71,0.38000000000000256,0.3928037383178026
2014-06-13,27.1,0.39000000000000057,0.4028037383178006
2014-06-16,29.03,1.9299999999999997,1.9428037383177996
2014-06-17,28.79,-0.240000000000002,-0.227196261682202
2014-06-18,28.07,-0.7199999999999989,-0.7071962616821988
2014-06-19,28.13,0.05999999999999872,0.07280373831779872
2014-06-20,27.32,-0.8099999999999987,-0.7971962616821987
2014-06-23,27.9,0.5799999999999983,0.5928037383177983
2014-06-24,27.92,0.020000000000003126,0.03280373831780312
2014-06-25,27.16,-0.7600000000000016,-0.7471962616822015
2014-06-26,27.23,0.07000000000000028,0.08280373831780029
2014-06-27,26.31,-0.9200000000000017,-0.9071962616822017
2014-06-30,26.23,-0.0799999999999983,-0.06719626168219829
2014-07-01,25.82,-0.41000000000000014,-0.3971962616822001
2014-07-02,26.13,0.3099999999999987,0.32280373831779874
2014-07-03,25.77,-0.35999999999999943,-0.3471962616821994
2014-07-07,26.05,0.28000000000000114,0.29280373831780115
2014-07-08,27.36,1.3099999999999987,1.3228037383177986
2014-07-09,26.78,-0.5799999999999983,-0.5671962616821983
2014-07-10,26.51,-0.2699999999999996,-0.25719626168219956
2014-07-11,26.07,-0.4400000000000013,-0.42719626168220126
2014-07-14,26.15,0.0799999999999983,0.0928037383177983
2014-07-15,26.72,0.5700000000000003,0.5828037383178003
2014-07-16,26.91,0.19000000000000128,0.20280373831780127
2014-07-17,26.99,0.0799999999999983,0.0928037383177983
2014-07-18,18.41,-8.579999999999998,-8.567196261682199
2014-07-21,18.73,0.3200000000000003,0.3328037383178003
2014-07-22,19.02,0.28999999999999915,0.30280373831779916
2014-07-23,18.67,-0.34999999999999787,-0.33719626168219785
2014-07-24,18.45,-0.22000000000000242,-0.20719626168220243
2014-07-25,18.05,-0.3999999999999986,-0.38719626168219856
2014-07-28,18.16,0.10999999999999943,0.12280373831779944
2014-07-29,18.56,0.3999999999999986,0.4128037383177986
2014-07-30,18.29,-0.2699999999999996,-0.25719626168219956
2014-07-31,21.65,3.3599999999999994,3.3728037383177996
2014-08-01,22.7,1.0500000000000007,1.0628037383178006
2014-08-04,21.09,-1.6099999999999994,-1.5971962616821995
2014-08-05,22.32,1.2300000000000004,1.2428037383178003
2014-08-06,22.42,0.10000000000000142,0.11280373831780142
2014-08-07,23.29,0.8699999999999974,0.8828037383177975
2014-08-08,21.91,-1.379999999999999,-1.367196261682199
2014-08-11,19.04,-2.870000000000001,-2.857196261682201
2014-08-12,18.46,-0.5799999999999983,-0.5671962616821983
2014-08-13,17.24,-1.2200000000000024,-1.2071962616822025
2014-08-14,16.96,-0.2799999999999976,-0.26719626168219757
2014-08-15,16.89,-0.07000000000000028,-0.05719626168220029
2014-08-18,17.3,0.41000000000000014,0.42280373831780016
2014-08-19,17.0,-0.3000000000000007,-0.2871962616822007
2014-08-20,17.58,0.5799999999999983,0.5928037383177983
2014-08-21,17.7,0.120000000000001,0.13280373831780098
2014-08-22,17.81,0.10999999999999943,0.12280373831779944
2014-08-25,18.85,1.0400000000000027,1.0528037383178026
2014-08-26,19.11,0.259999999999998,0.27280373831779803
2014-08-27,19.78,0.6700000000000017,0.6828037383178017
2014-08-28,20.38,0.5999999999999979,0.6128037383177979
2014-08-29,20.87,0.490000000000002,0.502803738317802
2014-09-02,22.0,1.129999999999999,1.142803738317799
2014-09-03,22.33,0.3299999999999983,0.3428037383177983
2014-09-04,21.87,-0.4599999999999973,-0.4471962616821973
2014-09-05,22.26,0.39000000000000057,0.4028037383178006
2014-09-08,23.32,1.0599999999999987,1.0728037383177986
2014-09-09,24.17,0.8500000000000014,0.8628037383178014
2014-09-10,24.02,-0.15000000000000213,-0.13719626168220214
2014-09-11,23.91,-0.10999999999999943,-0.09719626168219943
2014-09-12,24.12,0.21000000000000085,0.22280373831780084
2014-09-15,26.09,1.9699999999999989,1.9828037383177988
2014-09-16,25.51,-0.5799999999999983,-0.5671962616821983
2014-09-17,25.09,-0.4200000000000017,-0.4071962616822017
2014-09-18,24.14,-0.9499999999999993,-0.9371962616821993
2014-09-19,23.05,-1.0899999999999999,-1.0771962616822
2014-09-22,23.85,0.8000000000000007,0.8128037383178007
2014-09-23,24.51,0.6600000000000001,0.6728037383178002
2014-09-24,24.92,0.41000000000000014,0.42280373831780016
2014-09-25,26.14,1.2199999999999989,1.2328037383177988
2014-09-26,26.0,-0.14000000000000057,-0.12719626168220058
2014-09-29,26.32,0.3200000000000003,0.3328037383178003
2014-09-30,26.22,-0.10000000000000142,-0.08719626168220142
2014-10-01,26.82,0.6000000000000014,0.6128037383178014
2014-10-02,27.33,0.509999999999998,0.522803738317798
2014-10-03,26.47,-0.8599999999999994,-0.8471962616821994
2014-10-06,27.17,0.7000000000000028,0.7128037383178029
2014-10-07,29.85,2.6799999999999997,2.6928037383178
2014-10-08,27.89,-1.9600000000000009,-1.947196261682201
2014-10-09,30.43,2.539999999999999,2.5528037383177993
2014-10-10,34.31,3.8800000000000026,3.8928037383178027
2014-10-13,38.6,4.289999999999999,4.302803738317799
2014-10-14,36.12,-2.480000000000004,-2.467196261682204
2014-10-15,39.44,3.3200000000000003,3.3328037383178004
2014-10-16,40.4,0.9600000000000009,0.9728037383178009
2014-10-17,27.74,-12.66,-12.6471962616822
2014-10-20,24.64,-3.099999999999998,-3.0871962616821977
2014-10-21,23.44,-1.1999999999999993,-1.1871962616821994
2014-10-22,23.76,0.3200000000000003,0.3328037383178003
2014-10-23,21.9,-1.860000000000003,-1.847196261682203
2014-10-24,21.73,-0.16999999999999815,-0.15719626168219816
2014-10-27,22.32,0.5899999999999999,0.6028037383177999
2014-10-28,20.69,-1.629999999999999,-1.617196261682199
2014-10-29,21.26,0.5700000000000003,0.5828037383178003
2014-10-30,19.85,-1.4100000000000001,-1.3971962616822002
2014-10-31,19.1,-0.75,-0.7371962616822
2014-11-03,20.46,1.3599999999999994,1.3728037383177993
2014-11-04,20.37,-0.08999999999999986,-0.07719626168219985
2014-11-05,21.06,0.6899999999999977,0.7028037383177977
2014-11-06,21.42,0.360000000000003,0.372803738317803
2014-11-07,20.78,-0.6400000000000006,-0.6271962616822006
2014-11-10,19.38,-1.4000000000000021,-1.3871962616822022
2014-11-11,18.74,-0.6400000000000006,-0.6271962616822006
2014-11-12,19.2,0.46000000000000085,0.47280373831780087
2014-11-13,20.02,0.8200000000000003,0.8328037383178003
2014-11-14,19.57,-0.4499999999999993,-0.43719626168219927
2014-11-17,20.41,0.8399999999999999,0.8528037383177999
2014-11-18,20.64,0.23000000000000043,0.24280373831780042
2014-11-19,20.39,-0.25,-0.2371962616822
2014-11-20,20.24,-0.15000000000000213,-0.13719626168220214
2014-11-21,19.17,-1.0699999999999967,-1.0571962616821968
2014-11-24,18.99,-0.18000000000000327,-0.16719626168220328
2014-11-25,18.73,-0.259999999999998,-0.24719626168219802
2014-11-26,18.67,-0.05999999999999872,-0.047196261682198724
2014-11-28,18.93,0.259999999999998,0.27280373831779803
2014-12-01,20.1,1.1700000000000017,1.1828037383178016
2014-12-02,19.63,-0.4700000000000024,-0.4571962616822024
2014-12-03,19.75,0.120000000000001,0.13280373831780098
2014-12-04,20.45,0.6999999999999993,0.7128037383177993
2014-12-05,20.75,0.3000000000000007,0.31280373831780073
2014-12-08,22.03,1.2800000000000011,1.292803738317801
2014-12-09,21.55,-0.4800000000000004,-0.4671962616822004
2014-12-10,23.7,2.1499999999999986,2.1628037383177987
2014-12-11,23.43,-0.2699999999999996,-0.25719626168219956
2014-12-12,25.75,2.3200000000000003,2.3328037383178004
2014-12-15,28.07,2.3200000000000003,2.3328037383178004
2014-12-16,32.33,4.259999999999998,4.272803738317798
2014-12-17,29.82,-2.509999999999998,-2.497196261682198
2014-12-18,27.53,-2.289999999999999,-2.277196261682199
2014-12-19,25.51,-2.0199999999999996,-2.0071962616821994
2014-12-22,25.01,-0.5,-0.4871962616822
2014-12-23,24.14,-0.870000000000001,-0.857196261682201
2014-12-24,24.53,0.39000000000000057,0.4028037383178006
2014-12-26,24.76,0.23000000000000043,0.24280373831780042
2014-12-29,25.79,1.0299999999999976,1.0428037383177975
2014-12-30,25.55,-0.23999999999999844,-0.22719626168219845
2014-12-31,26.23,0.6799999999999997,0.6928037383177997
2015-01-02,26.7,0.46999999999999886,0.4828037383177989
2015-01-05,28.19,1.490000000000002,1.502803738317802
2015-01-06,29.2,1.009999999999998,1.022803738317798
2015-01-07,28.93,-0.2699999999999996,-0.25719626168219956
2015-01-08,28.24,-0.6900000000000013,-0.6771962616822013
2015-01-09,28.07,-0.16999999999999815,-0.15719626168219816
2015-01-12,30.24,2.169999999999998,2.1828037383177983
2015-01-13,29.47,-0.7699999999999996,-0.7571962616821996
2015-01-14,29.76,0.2900000000000027,0.3028037383178027
2015-01-15,29.74,-0.020000000000003126,-0.007196261682203128
2015-01-16,28.19,-1.5499999999999972,-1.5371962616821973
2015-01-20,27.42,-0.7699999999999996,-0.7571962616821996
2015-01-21,26.3,-1.120000000000001,-1.107196261682201
2015-01-22,25.55,-0.75,-0.7371962616822
2015-01-23,24.6,-0.9499999999999993,-0.9371962616821993
2015-01-26,25.67,1.0700000000000003,1.0828037383178002
2015-01-27,27.97,2.299999999999997,2.3128037383177973
2015-01-28,29.08,1.1099999999999994,1.1228037383177993
2015-01-29,28.75,-0.3299999999999983,-0.3171962616821983
2015-01-30,21.51,-7.239999999999998,-7.227196261682199
2015-02-02,22.37,0.8599999999999994,0.8728037383177994
2015-02-03,21.75,-0.620000000000001,-0.607196261682201
2015-02-04,21.71,-0.03999999999999915,-0.02719626168219915
2015-02-05,20.31,-1.4000000000000021,-1.3871962616822022
2015-02-06,20.06,-0.25,-0.2371962616822
2015-02-09,20.6,0.5400000000000027,0.5528037383178027
2015-02-10,19.59,-1.0100000000000016,-0.9971962616822015
2015-02-11,20.51,0.9200000000000017,0.9328037383178017
2015-02-12,19.35,-1.1600000000000001,-1.1471962616822002
2015-02-13,17.46,-1.8900000000000006,-1.8771962616822007
2015-02-17,18.37,0.9100000000000001,0.9228037383178002
2015-02-18,19.33,0.9599999999999973,0.9728037383177973
2015-02-19,18.91,-0.41999999999999815,-0.40719626168219814
2015-02-20,19.12,0.21000000000000085,0.22280373831780084
2015-02-23,20.0,0.879999999999999,0.892803738317799
2015-02-24,19.75,-0.25,-0.2371962616822
2015-02-25,19.64,-0.10999999999999943,-0.09719626168219943
2015-02-26,20.56,0.9199999999999982,0.9328037383177982
2015-02-27,20.04,-0.5199999999999996,-0.5071962616821996
2015-03-02,22.14,2.1000000000000014,2.1128037383178015
2015-03-03,22.15,0.00999999999999801,0.022803738317798007
2015-03-04,22.65,0.5,0.5128037383178
2015-03-05,22.61,-0.03999999999999915,-0.02719626168219915
2015-03-06,23.23,0.620000000000001,0.632803738317801
2015-03-09,23.72,0.48999999999999844,0.5028037383177985
2015-03-10,24.96,1.240000000000002,1.252803738317802
2015-03-11,25.39,0.4299999999999997,0.44280373831779973
2015-03-12,24.64,-0.75,-0.7371962616822
2015-03-13,24.72,0.0799999999999983,0.0928037383177983
2015-03-16,25.08,0.35999999999999943,0.37280373831779945
2015-03-17,25.07,-0.00999999999999801,0.002803738317801988
2015-03-18,25.18,0.10999999999999943,0.12280373831779944
2015-03-19,24.95,-0.23000000000000043,-0.21719626168220044
2015-03-20,23.91,-1.0399999999999991,-1.0271962616821992
2015-03-23,23.46,-0.4499999999999993,-0.43719626168219927
2015-03-24,23.15,-0.3100000000000023,-0.29719626168220226
2015-03-25,25.06,1.9100000000000001,1.9228037383178
2015-03-26,25.45,0.39000000000000057,0.4028037383178006
2015-03-27,25.53,0.08000000000000185,0.09280373831780185
2015-03-30,25.48,-0.05000000000000071,-0.037196261682200714
2015-03-31,25.6,0.120000000000001,0.13280373831780098
2015-04-01,25.68,0.0799999999999983,0.0928037383177983
2015-04-02,26.2,0.5199999999999996,0.5328037383177996
2015-04-06,25.31,-0.8900000000000006,-0.8771962616822006
2015-04-07,24.75,-0.5599999999999987,-0.5471962616821987
2015-04-08,24.56,-0.19000000000000128,-0.1771962616822013
2015-04-09,24.6,0.0400000000000027,0.0528037383178027
2015-04-10,24.16,-0.4400000000000013,-0.42719626168220126
2015-04-13,24.62,0.46000000000000085,0.47280373831780087
2015-04-14,25.79,1.1699999999999982,1.182803738317798
2015-04-15,25.77,-0.019999999999999574,-0.007196261682199575
2015-04-16,26.01,0.240000000000002,0.252803738317802
2015-04-17,27.2,1.1899999999999977,1.2028037383177976
2015-04-20,24.83,-2.370000000000001,-2.357196261682201
2015-04-21,26.64,1.8100000000000023,1.8228037383178022
2015-04-22,26.7,0.05999999999999872,0.07280373831779872
2015-04-23,27.15,0.4499999999999993,0.4628037383177993
2015-04-24,19.74,-7.41,-7.3971962616822005
2015-04-27,19.74,0.0,0.012803738317799998
2015-04-28,19.83,0.08999999999999986,0.10280373831779986
2015-04-29,19.09,-0.7399999999999984,-0.7271962616821984
2015-04-30,21.71,2.620000000000001,2.632803738317801
2015-05-01,19.98,-1.7300000000000004,-1.7171962616822005
2015-05-04,20.05,0.07000000000000028,0.08280373831780029
2015-05-05,20.96,0.9100000000000001,0.9228037383178002
2015-05-06,21.31,0.34999999999999787,0.3628037383177979
2015-05-07,20.8,-0.509999999999998,-0.497196261682198
2015-05-08,18.88,-1.9200000000000017,-1.9071962616822018
2015-05-11,18.21,-0.6699999999999982,-0.6571962616821981
2015-05-12,20.21,2.0,2.0128037383178
2015-05-13,19.35,-0.8599999999999994,-0.8471962616821994
2015-05-14,18.37,-0.9800000000000004,-0.9671962616822004
2015-05-15,17.84,-0.5300000000000011,-0.5171962616822011
2015-05-18,17.33,-0.5100000000000016,-0.49719626168220155
2015-05-19,18.38,1.0500000000000007,1.0628037383178006
2015-05-20,18.18,-0.1999999999999993,-0.1871962616821993
2015-05-21,18.13,-0.05000000000000071,-0.037196261682200714
2015-05-22,17.9,-0.23000000000000043,-0.21719626168220044
2015-05-26,20.62,2.7200000000000024,2.7328037383178025
2015-05-27,19.51,-1.1099999999999994,-1.0971962616821995
2015-05-28,19.6,0.08999999999999986,0.10280373831779986
2015-05-29,19.32,-0.28000000000000114,-0.2671962616822011
2015-06-01,21.0,1.6799999999999997,1.6928037383177996
2015-06-02,20.69,-0.3099999999999987,-0.2971962616821987
2015-06-03,20.61,-0.08000000000000185,-0.06719626168220184
2015-06-04,21.67,1.0600000000000023,1.0728037383178022
2015-06-05,21.42,-0.25,-0.2371962616822
2015-06-08,22.32,0.8999999999999986,0.9128037383177986
2015-06-09,21.99,-0.33000000000000185,-0.31719626168220183
2015-06-10,20.92,-1.0699999999999967,-1.0571962616821968
2015-06-11,20.86,-0.060000000000002274,-0.04719626168220228
2015-06-12,20.75,-0.10999999999999943,-0.09719626168219943
2015-06-15,22.88,2.129999999999999,2.142803738317799
2015-06-16,22.58,-0.3000000000000007,-0.2871962616822007
2015-06-17,21.77,-0.8099999999999987,-0.7971962616821987
2015-06-18,21.13,-0.6400000000000006,-0.6271962616822006
2015-06-19,20.21,-0.9199999999999982,-0.9071962616821981
2015-06-22,20.28,0.07000000000000028,0.08280373831780029
2015-06-23,21.13,0.8499999999999979,0.8628037383177979
2015-06-24,21.58,0.4499999999999993,0.4628037383177993
2015-06-25,21.89,0.3100000000000023,0.3228037383178023
2015-06-26,22.02,0.129999999999999,0.142803738317799
2015-06-29,24.82,2.8000000000000007,2.812803738317801
2015-06-30,24.34,-0.4800000000000004,-0.4671962616822004
2015-07-01,23.71,-0.629999999999999,-0.617196261682199
2015-07-02,22.68,-1.0300000000000011,-1.0171962616822012
2015-07-06,24.72,2.039999999999999,2.0528037383177993
2015-07-07,24.56,-0.16000000000000014,-0.14719626168220015
