Date,Values,Delta Calculations,Delta - Mean(-0.0205451713396)
2010-06-01,51.76, , 
2010-06-02,47.98,-3.780000000000001,-3.759454828660401
2010-06-03,46.2,-1.779999999999994,-1.759454828660394
2010-06-04,49.14,2.9399999999999977,2.960545171339598
2010-06-07,50.95,1.8100000000000023,1.8305451713396024
2010-06-08,50.34,-0.6099999999999994,-0.5894548286603994
2010-06-09,52.35,2.009999999999998,2.030545171339598
2010-06-10,51.85,-0.5,-0.4794548286604
2010-06-11,49.3,-2.5500000000000043,-2.529454828660404
2010-06-14,50.16,0.8599999999999994,0.8805451713395994
2010-06-15,46.52,-3.6399999999999935,-3.6194548286603934
2010-06-16,43.48,-3.0400000000000063,-3.019454828660406
2010-06-17,41.29,-2.1899999999999977,-2.1694548286603976
2010-06-18,37.97,-3.3200000000000003,-3.2994548286604
2010-06-21,38.98,1.009999999999998,1.030545171339598
2010-06-22,41.47,2.490000000000002,2.510545171339602
2010-06-23,40.14,-1.3299999999999983,-1.3094548286603982
2010-06-24,41.39,1.25,1.2705451713396
2010-06-25,39.43,-1.9600000000000009,-1.9394548286604008
2010-06-28,41.18,1.75,1.7705451713396
2010-06-29,45.58,4.399999999999999,4.420545171339598
2010-06-30,46.5,0.9200000000000017,0.9405451713396017
2010-07-01,47.66,1.1599999999999966,1.1805451713395967
2010-07-02,44.46,-3.1999999999999957,-3.1794548286603956
2010-07-06,43.8,-0.6600000000000037,-0.6394548286604037
2010-07-07,40.63,-3.1699999999999946,-3.1494548286603945
2010-07-08,39.09,-1.5399999999999991,-1.519454828660399
2010-07-09,38.46,-0.6300000000000026,-0.6094548286604026
2010-07-12,37.84,-0.6199999999999974,-0.5994548286603975
2010-07-13,35.92,-1.9200000000000017,-1.8994548286604016
2010-07-14,38.25,2.3299999999999983,2.3505451713395984
2010-07-15,40.85,2.6000000000000014,2.6205451713396015
2010-07-16,36.98,-3.8700000000000045,-3.8494548286604044
2010-07-19,36.91,-0.07000000000000028,-0.04945482866040028
2010-07-20,30.44,-6.469999999999995,-6.449454828660396
2010-07-21,30.52,0.0799999999999983,0.1005451713395983
2010-07-22,31.53,1.0100000000000016,1.0305451713396017
2010-07-23,30.02,-1.5100000000000016,-1.4894548286604015
2010-07-26,29.42,-0.5999999999999979,-0.5794548286603979
2010-07-27,30.18,0.759999999999998,0.780545171339598
2010-07-28,31.07,0.8900000000000006,0.9105451713396006
2010-07-29,30.12,-0.9499999999999993,-0.9294548286603993
2010-07-30,30.87,0.75,0.7705451713396
2010-08-02,30.97,0.09999999999999787,0.12054517133959787
2010-08-03,29.72,-1.25,-1.2294548286604
2010-08-04,29.4,-0.3200000000000003,-0.2994548286604003
2010-08-05,28.65,-0.75,-0.7294548286604
2010-08-06,29.14,0.490000000000002,0.510545171339602
2010-08-09,29.69,0.5500000000000007,0.5705451713396007
2010-08-10,29.73,0.03999999999999915,0.06054517133959915
2010-08-11,33.01,3.2799999999999976,3.3005451713395977
2010-08-12,32.93,-0.0799999999999983,-0.05945482866039829
2010-08-13,32.76,-0.1700000000000017,-0.14945482866040172
2010-08-16,32.59,-0.1699999999999946,-0.1494548286603946
2010-08-17,31.69,-0.9000000000000021,-0.8794548286604021
2010-08-18,32.57,0.879999999999999,0.900545171339599
2010-08-19,32.91,0.3399999999999963,0.3605451713395963
2010-08-20,29.97,-2.9399999999999977,-2.9194548286603976
2010-08-23,31.0,1.0300000000000011,1.0505451713396012
2010-08-24,33.3,2.299999999999997,2.3205451713395973
2010-08-25,32.86,-0.4399999999999977,-0.41945482866039774
2010-08-26,34.52,1.6600000000000037,1.6805451713396038
2010-08-27,34.91,0.38999999999999346,0.41054517133959345
2010-08-30,37.58,2.6700000000000017,2.690545171339602
2010-08-31,37.28,-0.29999999999999716,-0.27945482866039717
2010-09-01,34.45,-2.8299999999999983,-2.809454828660398
2010-09-02,33.86,-0.5900000000000034,-0.5694548286604034
2010-09-03,31.84,-2.0199999999999996,-1.9994548286603995
2010-09-07,34.35,2.5100000000000016,2.5305451713396017
2010-09-08,34.29,-0.060000000000002274,-0.03945482866040227
2010-09-09,32.4,-1.8900000000000006,-1.8694548286604005
2010-09-10,30.92,-1.4799999999999969,-1.4594548286603968
2010-09-13,28.94,-1.9800000000000004,-1.9594548286604003
2010-09-14,29.93,0.9899999999999984,1.0105451713395985
2010-09-15,29.07,-0.8599999999999994,-0.8394548286603994
2010-09-16,28.82,-0.25,-0.2294548286604
2010-09-17,29.33,0.509999999999998,0.530545171339598
2010-09-20,30.01,0.6800000000000033,0.7005451713396033
2010-09-21,30.09,0.0799999999999983,0.1005451713395983
2010-09-22,31.56,1.4699999999999989,1.490545171339599
2010-09-23,32.59,1.0300000000000047,1.0505451713396048
2010-09-24,31.15,-1.4400000000000048,-1.4194548286604047
2010-09-27,32.21,1.0600000000000023,1.0805451713396024
2010-09-28,31.79,-0.4200000000000017,-0.3994548286604017
2010-09-29,31.66,-0.129999999999999,-0.109454828660399
2010-09-30,31.82,0.16000000000000014,0.18054517133960013
2010-10-01,30.87,-0.9499999999999993,-0.9294548286603993
2010-10-04,31.98,1.1099999999999994,1.1305451713395995
2010-10-05,31.65,-0.33000000000000185,-0.30945482866040186
2010-10-06,31.19,-0.4599999999999973,-0.4394548286603973
2010-10-07,30.91,-0.28000000000000114,-0.25945482866040115
2010-10-08,30.2,-0.7100000000000009,-0.6894548286604009
2010-10-11,29.22,-0.9800000000000004,-0.9594548286604004
2010-10-12,29.2,-0.019999999999999574,0.0005451713396004247
2010-10-13,29.17,-0.029999999999997584,-0.009454828660397586
2010-10-14,31.21,2.039999999999999,2.0605451713395992
2010-10-15,30.16,-1.0500000000000007,-1.0294548286604006
2010-10-18,33.75,3.59,3.6105451713396
2010-10-19,28.97,-4.780000000000001,-4.7594548286604015
2010-10-20,26.65,-2.3200000000000003,-2.2994548286604
2010-10-21,27.42,0.7700000000000031,0.7905451713396031
2010-10-22,26.6,-0.8200000000000003,-0.7994548286604003
2010-10-25,27.45,0.8499999999999979,0.8705451713395979
2010-10-26,27.23,-0.21999999999999886,-0.19945482866039888
2010-10-27,27.3,0.07000000000000028,0.09054517133960029
2010-10-28,26.74,-0.5600000000000023,-0.5394548286604023
2010-10-29,27.22,0.4800000000000004,0.5005451713396004
2010-11-01,28.89,1.6700000000000017,1.6905451713396018
2010-11-02,28.41,-0.4800000000000004,-0.45945482866040044
2010-11-03,27.69,-0.7199999999999989,-0.6994548286603989
2010-11-04,27.44,-0.25,-0.2294548286604
2010-11-05,26.26,-1.1799999999999997,-1.1594548286603996
2010-11-08,27.16,0.8999999999999986,0.9205451713395986
2010-11-09,28.61,1.4499999999999993,1.4705451713395994
2010-11-10,28.8,0.19000000000000128,0.21054517133960127
2010-11-11,29.12,0.3200000000000003,0.34054517133960027
2010-11-12,31.0,1.879999999999999,1.900545171339599
2010-11-15,29.69,-1.3099999999999987,-1.2894548286603986
2010-11-16,31.98,2.289999999999999,2.3105451713395992
2010-11-17,30.69,-1.2899999999999991,-1.269454828660399
2010-11-18,28.72,-1.9700000000000024,-1.9494548286604023
2010-11-19,27.99,-0.7300000000000004,-0.7094548286604004
2010-11-22,33.52,5.530000000000005,5.550545171339604
2010-11-23,35.17,1.6499999999999986,1.6705451713395987
2010-11-24,33.16,-2.010000000000005,-1.989454828660405
2010-11-26,34.89,1.730000000000004,1.750545171339604
2010-11-29,36.06,1.1700000000000017,1.1905451713396018
2010-11-30,38.34,2.280000000000001,2.3005451713396012
2010-12-01,34.9,-3.440000000000005,-3.4194548286604047
2010-12-02,32.1,-2.799999999999997,-2.779454828660397
2010-12-03,31.39,-0.7100000000000009,-0.6894548286604009
2010-12-06,31.21,-0.17999999999999972,-0.15945482866039973
2010-12-07,30.1,-1.1099999999999994,-1.0894548286603993
2010-12-08,29.92,-0.17999999999999972,-0.15945482866039973
2010-12-09,29.66,-0.26000000000000156,-0.23945482866040158
2010-12-10,28.56,-1.1000000000000014,-1.0794548286604013
2010-12-13,28.82,0.26000000000000156,0.28054517133960155
2010-12-14,27.98,-0.8399999999999999,-0.8194548286603999
2010-12-15,28.27,0.28999999999999915,0.31054517133959914
2010-12-16,28.1,-0.16999999999999815,-0.14945482866039816
2010-12-17,27.04,-1.0600000000000023,-1.0394548286604022
2010-12-20,27.55,0.5100000000000016,0.5305451713396016
2010-12-21,27.2,-0.3500000000000014,-0.32945482866040143
2010-12-22,27.4,0.1999999999999993,0.22054517133959928
2010-12-23,27.97,0.5700000000000003,0.5905451713396003
2010-12-27,28.4,0.4299999999999997,0.4505451713395997
2010-12-28,28.17,-0.22999999999999687,-0.20945482866039689
2010-12-29,28.04,-0.13000000000000256,-0.10945482866040256
2010-12-30,28.27,0.23000000000000043,0.2505451713396004
2010-12-31,28.64,0.370000000000001,0.390545171339601
2011-01-03,29.16,0.5199999999999996,0.5405451713395996
2011-01-04,28.71,-0.4499999999999993,-0.4294548286603993
2011-01-05,28.33,-0.38000000000000256,-0.35945482866040257
2011-01-06,29.18,0.8500000000000014,0.8705451713396014
2011-01-07,29.29,0.10999999999999943,0.13054517133959942
2011-01-10,30.57,1.2800000000000011,1.3005451713396012
2011-01-11,30.15,-0.4200000000000017,-0.3994548286604017
2011-01-12,29.22,-0.9299999999999997,-0.9094548286603997
2011-01-13,28.89,-0.3299999999999983,-0.3094548286603983
2011-01-14,26.16,-2.7300000000000004,-2.7094548286604003
2011-01-18,27.68,1.5199999999999996,1.5405451713395997
2011-01-19,28.93,1.25,1.2705451713396
2011-01-20,26.01,-2.919999999999998,-2.899454828660398
2011-01-21,25.5,-0.5100000000000016,-0.4894548286604016
2011-01-24,24.25,-1.25,-1.2294548286604
2011-01-25,26.48,2.2300000000000004,2.2505451713396005
2011-01-26,25.63,-0.8500000000000014,-0.8294548286604014
2011-01-27,24.15,-1.4800000000000004,-1.4594548286604003
2011-01-28,26.1,1.9500000000000028,1.970545171339603
2011-01-31,25.33,-0.7700000000000031,-0.7494548286604031
2011-02-01,24.26,-1.0699999999999967,-1.0494548286603966
2011-02-02,23.92,-0.33999999999999986,-0.31945482866039987
2011-02-03,24.06,0.13999999999999702,0.160545171339597
2011-02-04,23.74,-0.3200000000000003,-0.2994548286604003
2011-02-07,23.7,-0.03999999999999915,-0.01945482866039915
2011-02-08,24.18,0.4800000000000004,0.5005451713396004
2011-02-09,25.47,1.2899999999999991,1.3105451713395992
2011-02-10,25.41,-0.05999999999999872,-0.03945482866039872
2011-02-11,24.22,-1.1900000000000013,-1.1694548286604012
2011-02-14,24.21,-0.00999999999999801,0.010545171339601988
2011-02-15,24.16,-0.05000000000000071,-0.029454828660400712
2011-02-16,23.8,-0.35999999999999943,-0.33945482866039944
2011-02-17,24.47,0.6699999999999982,0.6905451713395981
2011-02-18,23.59,-0.879999999999999,-0.859454828660399
2011-02-22,29.47,5.879999999999999,5.900545171339599
2011-02-23,30.23,0.7600000000000016,0.7805451713396016
2011-02-24,29.13,-1.1000000000000014,-1.0794548286604013
2011-02-25,25.64,-3.4899999999999984,-3.4694548286603983
2011-02-28,26.96,1.3200000000000003,1.3405451713396004
2011-03-01,29.42,2.460000000000001,2.480545171339601
2011-03-02,28.07,-1.3500000000000014,-1.3294548286604013
2011-03-03,26.45,-1.620000000000001,-1.599454828660401
2011-03-04,29.16,2.710000000000001,2.730545171339601
2011-03-07,30.81,1.6499999999999986,1.6705451713395987
2011-03-08,28.5,-2.3099999999999987,-2.2894548286603986
2011-03-09,28.37,-0.129999999999999,-0.109454828660399
2011-03-10,29.99,1.6199999999999974,1.6405451713395975
2011-03-11,28.5,-1.4899999999999984,-1.4694548286603983
2011-03-14,29.41,0.9100000000000001,0.9305451713396001
2011-03-15,30.49,1.0799999999999983,1.1005451713395984
2011-03-16,34.8,4.309999999999999,4.330545171339598
2011-03-17,31.0,-3.799999999999997,-3.779454828660397
2011-03-18,28.08,-2.9200000000000017,-2.8994548286604016
2011-03-21,28.58,0.5,0.5205451713396
2011-03-22,27.31,-1.2699999999999996,-1.2494548286603995
2011-03-23,27.1,-0.2099999999999973,-0.1894548286603973
2011-03-24,26.56,-0.5400000000000027,-0.5194548286604027
2011-03-25,27.07,0.5100000000000016,0.5305451713396016
2011-03-28,26.79,-0.28000000000000114,-0.25945482866040115
2011-03-29,25.54,-1.25,-1.2294548286604
2011-03-30,24.76,-0.7799999999999976,-0.7594548286603976
2011-03-31,24.84,0.0799999999999983,0.1005451713395983
2011-04-01,24.44,-0.3999999999999986,-0.3794548286603986
2011-04-04,25.68,1.2399999999999984,1.2605451713395985
2011-04-05,24.77,-0.9100000000000001,-0.8894548286604002
2011-04-06,24.92,0.15000000000000213,0.17054517133960212
2011-04-07,25.29,0.36999999999999744,0.39054517133959743
2011-04-08,25.53,0.240000000000002,0.260545171339602
2011-04-11,25.03,-0.5,-0.4794548286604
2011-04-12,26.01,0.9800000000000004,1.0005451713396005
2011-04-13,24.79,-1.2200000000000024,-1.1994548286604023
2011-04-14,27.95,3.16,3.1805451713396002
2011-04-15,26.52,-1.4299999999999997,-1.4094548286603996
2011-04-18,27.97,1.4499999999999993,1.4705451713395994
2011-04-19,23.71,-4.259999999999998,-4.239454828660398
2011-04-20,23.03,-0.6799999999999997,-0.6594548286603997
2011-04-21,22.74,-0.2900000000000027,-0.2694548286604027
2011-04-25,23.12,0.38000000000000256,0.40054517133960255
2011-04-26,22.28,-0.8399999999999999,-0.8194548286603999
2011-04-27,22.65,0.36999999999999744,0.39054517133959743
2011-04-28,23.94,1.2900000000000027,1.3105451713396028
2011-04-29,22.13,-1.8100000000000023,-1.7894548286604022
2011-05-02,23.51,1.3800000000000026,1.4005451713396027
2011-05-03,23.7,0.18999999999999773,0.21054517133959771
2011-05-04,23.69,-0.00999999999999801,0.010545171339601988
2011-05-05,24.36,0.6699999999999982,0.6905451713395981
2011-05-06,24.38,0.019999999999999574,0.040545171339599576
2011-05-09,24.58,0.1999999999999993,0.22054517133959928
2011-05-10,23.47,-1.1099999999999994,-1.0894548286603993
2011-05-11,24.58,1.1099999999999994,1.1305451713395995
2011-05-12,28.55,3.9700000000000024,3.9905451713396025
2011-05-13,28.94,0.39000000000000057,0.41054517133960056
2011-05-16,30.54,1.5999999999999979,1.620545171339598
2011-05-17,28.51,-2.0299999999999976,-2.0094548286603975
2011-05-18,25.51,-3.0,-2.9794548286604
2011-05-19,27.07,1.5599999999999987,1.5805451713395988
2011-05-20,32.57,5.5,5.5205451713396
2011-05-23,30.15,-2.4200000000000017,-2.3994548286604016
2011-05-24,29.2,-0.9499999999999993,-0.9294548286603993
2011-05-25,28.26,-0.9399999999999977,-0.9194548286603977
2011-05-26,27.0,-1.2600000000000016,-1.2394548286604015
2011-05-27,26.02,-0.9800000000000004,-0.9594548286604004
2011-05-31,26.4,0.379999999999999,0.400545171339599
2011-06-01,29.8,3.400000000000002,3.4205451713396022
2011-06-02,31.51,1.7100000000000009,1.730545171339601
2011-06-03,30.62,-0.8900000000000006,-0.8694548286604006
2011-06-06,32.42,1.8000000000000007,1.8205451713396008
2011-06-07,32.72,0.29999999999999716,0.32054517133959715
2011-06-08,32.56,-0.1599999999999966,-0.1394548286603966
2011-06-09,31.31,-1.2500000000000036,-1.2294548286604035
2011-06-10,31.01,-0.29999999999999716,-0.27945482866039717
2011-06-13,29.51,-1.5,-1.4794548286604
2011-06-14,28.93,-0.5800000000000018,-0.5594548286604019
2011-06-15,30.78,1.8500000000000014,1.8705451713396015
2011-06-16,31.31,0.5299999999999976,0.5505451713395976
2011-06-17,30.73,-0.5799999999999983,-0.5594548286603983
2011-06-20,32.62,1.889999999999997,1.9105451713395971
2011-06-21,30.64,-1.9799999999999969,-1.9594548286603968
2011-06-22,30.11,-0.5300000000000011,-0.5094548286604011
2011-06-23,31.5,1.3900000000000006,1.4105451713396007
2011-06-24,31.94,0.4400000000000013,0.46054517133960127
2011-06-27,33.03,1.0899999999999999,1.1105451713396
2011-06-28,32.96,-0.07000000000000028,-0.04945482866040028
2011-06-29,29.65,-3.3100000000000023,-3.289454828660402
2011-06-30,28.16,-1.4899999999999984,-1.4694548286603983
2011-07-01,26.27,-1.8900000000000006,-1.8694548286604005
2011-07-05,28.57,2.3000000000000007,2.320545171339601
2011-07-06,29.55,0.9800000000000004,1.0005451713396005
2011-07-07,28.52,-1.0300000000000011,-1.009454828660401
2011-07-08,28.13,-0.39000000000000057,-0.3694548286604006
2011-07-11,31.85,3.7200000000000024,3.7405451713396025
2011-07-12,32.22,0.36999999999999744,0.39054517133959743
2011-07-13,31.63,-0.5899999999999999,-0.5694548286603999
2011-07-14,31.94,0.3100000000000023,0.33054517133960226
2011-07-15,31.19,-0.75,-0.7294548286604
2011-07-18,31.71,0.5199999999999996,0.5405451713395996
2011-07-19,27.96,-3.75,-3.7294548286604
2011-07-20,27.66,-0.3000000000000007,-0.2794548286604007
2011-07-21,26.14,-1.5199999999999996,-1.4994548286603995
2011-07-22,25.96,-0.17999999999999972,-0.15945482866039973
2011-07-25,27.34,1.379999999999999,1.400545171339599
2011-07-26,27.34,0.0,0.0205451713396
2011-07-27,30.8,3.460000000000001,3.480545171339601
2011-07-28,31.29,0.48999999999999844,0.5105451713395984
2011-07-29,32.7,1.4100000000000037,1.4305451713396038
2011-08-01,33.01,0.30999999999999517,0.33054517133959516
2011-08-02,33.78,0.7700000000000031,0.7905451713396031
2011-08-03,32.22,-1.5600000000000023,-1.5394548286604022
2011-08-04,41.59,9.370000000000005,9.390545171339605
2011-08-05,45.42,3.8299999999999983,3.8505451713395984
2011-08-08,70.79,25.370000000000005,25.390545171339603
2011-08-09,57.83,-12.960000000000008,-12.939454828660407
2011-08-10,78.36,20.53,20.5505451713396
2011-08-11,73.21,-5.150000000000006,-5.129454828660406
2011-08-12,70.34,-2.8699999999999903,-2.8494548286603902
2011-08-15,55.57,-14.770000000000003,-14.749454828660403
2011-08-16,53.91,-1.6600000000000037,-1.6394548286604036
2011-08-17,48.7,-5.209999999999994,-5.189454828660394
2011-08-18,61.22,12.519999999999996,12.540545171339597
2011-08-19,62.15,0.9299999999999997,0.9505451713395997
2011-08-22,82.54,20.390000000000008,20.410545171339606
2011-08-23,72.54,-10.0,-9.9794548286604
2011-08-24,62.27,-10.270000000000003,-10.249454828660403
2011-08-25,64.13,1.8599999999999923,1.8805451713395924
2011-08-26,58.58,-5.549999999999997,-5.5294548286603975
2011-08-29,50.42,-8.159999999999997,-8.139454828660396
2011-08-30,50.28,-0.14000000000000057,-0.11945482866040057
2011-08-31,48.37,-1.9100000000000037,-1.8894548286604036
2011-09-01,52.99,4.6200000000000045,4.640545171339604
2011-09-02,62.84,9.850000000000001,9.870545171339602
2011-09-06,66.13,3.289999999999992,3.310545171339592
2011-09-07,55.16,-10.969999999999999,-10.949454828660398
2011-09-08,57.54,2.3800000000000026,2.4005451713396027
2011-09-09,62.28,4.740000000000002,4.760545171339602
2011-09-12,65.13,2.8499999999999943,2.8705451713395944
2011-09-13,56.78,-8.349999999999994,-8.329454828660394
2011-09-14,54.41,-2.3700000000000045,-2.3494548286604044
2011-09-15,50.26,-4.149999999999999,-4.129454828660399
2011-09-16,48.12,-2.1400000000000006,-2.1194548286604005
2011-09-19,51.97,3.8500000000000014,3.8705451713396015
2011-09-20,53.32,1.3500000000000014,1.3705451713396015
2011-09-21,59.09,5.770000000000003,5.790545171339603
2011-09-22,67.76,8.670000000000002,8.690545171339602
2011-09-23,66.21,-1.5500000000000114,-1.5294548286604113
2011-09-26,61.18,-5.029999999999994,-5.009454828660394
2011-09-27,59.95,-1.2299999999999969,-1.2094548286603968
2011-09-28,64.91,4.959999999999994,4.980545171339593
2011-09-29,60.76,-4.149999999999999,-4.129454828660399
2011-09-30,75.82,15.059999999999995,15.080545171339596
2011-10-03,87.47,11.650000000000006,11.670545171339606
2011-10-04,80.3,-7.170000000000002,-7.149454828660402
2011-10-05,76.29,-4.009999999999991,-3.989454828660391
2011-10-06,71.47,-4.820000000000007,-4.799454828660408
2011-10-07,74.88,3.4099999999999966,3.4305451713395967
2011-10-10,70.87,-4.009999999999991,-3.989454828660391
2011-10-11,70.69,-0.18000000000000682,-0.15945482866040683
2011-10-12,65.96,-4.730000000000004,-4.709454828660404
2011-10-13,65.35,-0.6099999999999994,-0.5894548286603994
2011-10-14,64.21,-1.1400000000000006,-1.1194548286604005
2011-10-17,63.86,-0.3499999999999943,-0.3294548286603943
2011-10-18,51.81,-12.049999999999997,-12.029454828660397
2011-10-19,52.53,0.7199999999999989,0.7405451713395989
2011-10-20,53.32,0.7899999999999991,0.8105451713395991
2011-10-21,51.04,-2.280000000000001,-2.259454828660401
2011-10-24,47.44,-3.6000000000000014,-3.5794548286604013
2011-10-25,51.44,4.0,4.0205451713396
2011-10-26,47.76,-3.6799999999999997,-3.6594548286603996
2011-10-27,45.93,-1.8299999999999983,-1.8094548286603982
2011-10-28,43.49,-2.4399999999999977,-2.4194548286603976
2011-10-31,48.95,5.460000000000001,5.4805451713396005
2011-11-01,58.45,9.5,9.5205451713396
2011-11-02,56.25,-2.200000000000003,-2.1794548286604027
2011-11-03,54.3,-1.9500000000000028,-1.9294548286604027
2011-11-04,55.88,1.5800000000000054,1.6005451713396055
2011-11-07,54.12,-1.7600000000000051,-1.739454828660405
2011-11-08,50.33,-3.789999999999999,-3.769454828660399
2011-11-09,61.91,11.579999999999998,11.600545171339599
2011-11-10,60.95,-0.9599999999999937,-0.9394548286603938
2011-11-11,54.64,-6.310000000000002,-6.289454828660403
2011-11-14,54.95,0.3100000000000023,0.33054517133960226
2011-11-15,53.53,-1.4200000000000017,-1.3994548286604016
2011-11-16,56.49,2.960000000000001,2.980545171339601
2011-11-17,62.75,6.259999999999998,6.280545171339598
2011-11-18,59.39,-3.3599999999999994,-3.3394548286603993
2011-11-21,61.61,2.219999999999999,2.240545171339599
2011-11-22,61.81,0.20000000000000284,0.22054517133960283
2011-11-23,66.1,4.289999999999992,4.310545171339592
2011-11-25,54.06,-12.039999999999992,-12.019454828660391
2011-11-28,61.59,7.530000000000001,7.550545171339601
2011-11-29,61.14,-0.45000000000000284,-0.42945482866040285
2011-11-30,54.26,-6.880000000000003,-6.859454828660403
2011-12-01,53.58,-0.6799999999999997,-0.6594548286603997
2011-12-02,52.8,-0.7800000000000011,-0.7594548286604011
2011-12-05,53.87,1.0700000000000003,1.0905451713396004
2011-12-06,53.53,-0.3399999999999963,-0.3194548286603963
2011-12-07,53.93,0.3999999999999986,0.42054517133959857
2011-12-08,56.99,3.0600000000000023,3.0805451713396024
2011-12-09,53.16,-3.8300000000000054,-3.8094548286604053
2011-12-12,51.85,-1.3099999999999952,-1.289454828660395
2011-12-13,51.3,-0.5500000000000043,-0.5294548286604043
2011-12-14,52.04,0.740000000000002,0.760545171339602
2011-12-15,49.6,-2.4399999999999977,-2.4194548286603976
2011-12-16,47.87,-1.730000000000004,-1.7094548286604039
2011-12-19,51.11,3.240000000000002,3.260545171339602
2011-12-20,47.19,-3.9200000000000017,-3.8994548286604016
2011-12-21,44.75,-2.4399999999999977,-2.4194548286603976
2011-12-22,43.62,-1.1300000000000026,-1.1094548286604025
2011-12-23,42.6,-1.019999999999996,-0.999454828660396
2011-12-27,44.52,1.9200000000000017,1.9405451713396018
2011-12-28,45.29,0.769999999999996,0.790545171339596
2011-12-29,44.18,-1.1099999999999994,-1.0894548286603993
2011-12-30,44.13,-0.04999999999999716,-0.02945482866039716
2012-01-03,44.32,0.18999999999999773,0.21054517133959771
2012-01-04,42.76,-1.5600000000000023,-1.5394548286604022
2012-01-05,42.82,0.060000000000002274,0.08054517133960228
2012-01-06,42.49,-0.3299999999999983,-0.3094548286603983
2012-01-09,42.59,0.10000000000000142,0.12054517133960142
2012-01-10,42.74,0.14999999999999858,0.17054517133959857
2012-01-11,43.06,0.3200000000000003,0.34054517133960027
2012-01-12,42.75,-0.3100000000000023,-0.2894548286604023
2012-01-13,42.61,-0.14000000000000057,-0.11945482866040057
2012-01-17,44.88,2.270000000000003,2.2905451713396032
2012-01-18,35.9,-8.980000000000004,-8.959454828660403
2012-01-19,35.3,-0.6000000000000014,-0.5794548286604014
2012-01-20,35.25,-0.04999999999999716,-0.02945482866039716
2012-01-23,35.22,-0.030000000000001137,-0.009454828660401138
2012-01-24,35.05,-0.1700000000000017,-0.14945482866040172
2012-01-25,34.24,-0.8099999999999952,-0.7894548286603952
2012-01-26,34.33,0.0899999999999963,0.11054517133959631
2012-01-27,34.32,-0.00999999999999801,0.010545171339601988
2012-01-30,35.92,1.6000000000000014,1.6205451713396015
2012-01-31,36.29,0.36999999999999744,0.39054517133959743
2012-02-01,36.39,0.10000000000000142,0.12054517133960142
2012-02-02,35.61,-0.7800000000000011,-0.7594548286604011
2012-02-03,33.83,-1.7800000000000011,-1.759454828660401
2012-02-06,34.63,0.8000000000000043,0.8205451713396043
2012-02-07,35.39,0.759999999999998,0.780545171339598
2012-02-08,35.67,0.28000000000000114,0.3005451713396011
2012-02-09,35.63,-0.03999999999999915,-0.01945482866039915
2012-02-10,36.5,0.8699999999999974,0.8905451713395974
2012-02-13,35.21,-1.2899999999999991,-1.269454828660399
2012-02-14,35.38,0.1700000000000017,0.1905451713396017
2012-02-15,36.45,1.0700000000000003,1.0905451713396004
2012-02-16,35.48,-0.970000000000006,-0.949454828660406
2012-02-17,33.62,-1.8599999999999994,-1.8394548286603993
2012-02-21,34.17,0.5500000000000043,0.5705451713396043
2012-02-22,34.03,-0.14000000000000057,-0.11945482866040057
2012-02-23,32.89,-1.1400000000000006,-1.1194548286604005
2012-02-24,31.95,-0.9400000000000013,-0.9194548286604013
2012-02-27,33.85,1.9000000000000021,1.9205451713396022
2012-02-28,33.56,-0.28999999999999915,-0.26945482866039916
2012-02-29,34.23,0.6699999999999946,0.6905451713395946
2012-03-01,35.33,1.1000000000000014,1.1205451713396015
2012-03-02,35.47,0.14000000000000057,0.16054517133960056
2012-03-05,37.1,1.6300000000000026,1.6505451713396027
2012-03-06,37.2,0.10000000000000142,0.12054517133960142
2012-03-07,35.59,-1.6099999999999994,-1.5894548286603993
2012-03-08,35.15,-0.44000000000000483,-0.41945482866040484
2012-03-09,36.49,1.3400000000000034,1.3605451713396035
2012-03-12,35.44,-1.0500000000000043,-1.0294548286604042
2012-03-13,32.77,-2.6699999999999946,-2.6494548286603945
2012-03-14,33.36,0.5899999999999963,0.6105451713395963
2012-03-15,31.9,-1.4600000000000009,-1.4394548286604008
2012-03-16,31.44,-0.4599999999999973,-0.4394548286603973
2012-03-19,33.9,2.4599999999999973,2.4805451713395974
2012-03-20,34.52,0.6200000000000045,0.6405451713396045
2012-03-21,34.86,0.3399999999999963,0.3605451713395963
2012-03-22,35.82,0.9600000000000009,0.9805451713396008
2012-03-23,34.27,-1.5499999999999972,-1.529454828660397
2012-03-26,34.0,-0.2700000000000031,-0.24945482866040314
2012-03-27,33.88,-0.11999999999999744,-0.09945482866039744
2012-03-28,33.9,0.01999999999999602,0.04054517133959602
2012-03-29,34.78,0.8800000000000026,0.9005451713396025
2012-03-30,33.56,-1.2199999999999989,-1.1994548286603988
2012-04-02,33.04,-0.5200000000000031,-0.49945482866040314
2012-04-03,34.11,1.0700000000000003,1.0905451713396004
2012-04-04,33.83,-0.28000000000000114,-0.25945482866040115
2012-04-05,34.25,0.4200000000000017,0.4405451713396017
2012-04-09,34.85,0.6000000000000014,0.6205451713396014
2012-04-10,38.6,3.75,3.7705451713396
2012-04-11,35.98,-2.6200000000000045,-2.5994548286604044
2012-04-12,35.24,-0.7399999999999949,-0.7194548286603949
2012-04-13,37.82,2.5799999999999983,2.6005451713395984
2012-04-16,37.49,-0.3299999999999983,-0.3094548286603983
2012-04-17,32.8,-4.690000000000005,-4.669454828660405
2012-04-18,32.4,-0.3999999999999986,-0.3794548286603986
2012-04-19,33.97,1.5700000000000003,1.5905451713396004
2012-04-20,32.63,-1.3399999999999963,-1.3194548286603962
2012-04-23,33.62,0.9899999999999949,1.010545171339595
2012-04-24,31.71,-1.9099999999999966,-1.8894548286603965
2012-04-25,31.0,-0.7100000000000009,-0.6894548286604009
2012-04-26,29.44,-1.5599999999999987,-1.5394548286603986
2012-04-27,29.66,0.21999999999999886,0.24054517133959885
2012-04-30,29.16,-0.5,-0.4794548286604
2012-05-01,28.8,-0.35999999999999943,-0.33945482866039944
2012-05-02,29.4,0.5999999999999979,0.6205451713395979
2012-05-03,30.52,1.120000000000001,1.140545171339601
2012-05-04,32.81,2.2900000000000027,2.310545171339603
2012-05-07,33.05,0.23999999999999488,0.26054517133959487
2012-05-08,33.71,0.6600000000000037,0.6805451713396037
2012-05-09,35.23,1.519999999999996,1.5405451713395961
2012-05-10,35.07,-0.1599999999999966,-0.1394548286603966
2012-05-11,37.38,2.3100000000000023,2.3305451713396024
2012-05-14,41.15,3.769999999999996,3.790545171339596
2012-05-15,41.14,-0.00999999999999801,0.010545171339601988
2012-05-16,45.68,4.539999999999999,4.560545171339599
2012-05-17,50.42,4.740000000000002,4.760545171339602
2012-05-18,52.8,2.3799999999999955,2.4005451713395956
2012-05-21,48.95,-3.8499999999999943,-3.829454828660394
2012-05-22,48.37,-0.5800000000000054,-0.5594548286604054
2012-05-23,47.75,-0.6199999999999974,-0.5994548286603975
2012-05-24,48.45,0.7000000000000028,0.7205451713396028
2012-05-25,47.71,-0.740000000000002,-0.719454828660402
2012-05-29,46.15,-1.5600000000000023,-1.5394548286604022
2012-05-30,47.7,1.5500000000000043,1.5705451713396044
2012-05-31,46.63,-1.0700000000000003,-1.0494548286604002
2012-06-01,50.03,3.3999999999999986,3.4205451713395987
2012-06-04,51.4,1.3699999999999974,1.3905451713395975
2012-06-05,47.39,-4.009999999999998,-3.989454828660398
2012-06-06,43.55,-3.8400000000000034,-3.8194548286604033
2012-06-07,43.38,-0.1699999999999946,-0.1494548286603946
2012-06-08,42.08,-1.3000000000000043,-1.2794548286604042
2012-06-11,45.7,3.6200000000000045,3.6405451713396046
2012-06-12,42.85,-2.8500000000000014,-2.8294548286604013
2012-06-13,46.04,3.1899999999999977,3.210545171339598
2012-06-14,44.77,-1.269999999999996,-1.249454828660396
2012-06-15,41.73,-3.0400000000000063,-3.019454828660406
2012-06-18,39.95,-1.779999999999994,-1.759454828660394
2012-06-19,38.3,-1.6500000000000057,-1.6294548286604056
2012-06-20,37.23,-1.0700000000000003,-1.0494548286604002
2012-06-21,38.31,1.0800000000000054,1.1005451713396055
2012-06-22,36.6,-1.7100000000000009,-1.6894548286604008
2012-06-25,39.73,3.1299999999999955,3.1505451713395956
2012-06-26,39.21,-0.519999999999996,-0.49945482866039603
2012-06-27,37.34,-1.8699999999999974,-1.8494548286603973
2012-06-28,37.68,0.3399999999999963,0.3605451713395963
2012-06-29,35.61,-2.0700000000000003,-2.0494548286604
2012-07-02,35.34,-0.269999999999996,-0.24945482866039603
2012-07-03,42.83,7.489999999999995,7.5105451713395945
2012-07-05,35.32,-7.509999999999998,-7.489454828660398
2012-07-06,36.07,0.75,0.7705451713396
2012-07-09,37.25,1.1799999999999997,1.2005451713395998
2012-07-10,36.68,-0.5700000000000003,-0.5494548286604003
2012-07-11,36.06,-0.6199999999999974,-0.5994548286603975
2012-07-12,36.47,0.4099999999999966,0.4305451713395966
2012-07-13,34.46,-2.009999999999998,-1.989454828660398
2012-07-16,34.81,0.3500000000000014,0.3705451713396014
2012-07-17,31.78,-3.030000000000001,-3.009454828660401
2012-07-18,30.74,-1.0400000000000027,-1.0194548286604026
2012-07-19,30.6,-0.13999999999999702,-0.11945482866039701
2012-07-20,31.92,1.3200000000000003,1.3405451713396004
2012-07-23,33.59,1.6700000000000017,1.6905451713396018
2012-07-24,34.05,0.45999999999999375,0.48054517133959374
2012-07-25,33.82,-0.22999999999999687,-0.20945482866039689
2012-07-26,31.9,-1.9200000000000017,-1.8994548286604016
2012-07-27,29.77,-2.129999999999999,-2.109454828660399
2012-07-30,32.71,2.9400000000000013,2.9605451713396014
2012-07-31,34.23,1.519999999999996,1.5405451713395961
2012-08-01,34.36,0.13000000000000256,0.15054517133960255
2012-08-02,34.69,0.3299999999999983,0.3505451713395983
2012-08-03,30.98,-3.7099999999999973,-3.689454828660397
2012-08-06,31.09,0.10999999999999943,0.13054517133959942
2012-08-07,29.23,-1.8599999999999994,-1.8394548286603993
2012-08-08,29.52,0.28999999999999915,0.31054517133959914
2012-08-09,29.31,-0.21000000000000085,-0.18945482866040086
2012-08-10,28.09,-1.2199999999999989,-1.1994548286603988
2012-08-13,26.18,-1.9100000000000001,-1.8894548286604
2012-08-14,25.92,-0.259999999999998,-0.23945482866039802
2012-08-15,26.14,0.21999999999999886,0.24054517133959885
2012-08-16,25.82,-0.3200000000000003,-0.2994548286604003
2012-08-17,24.13,-1.6900000000000013,-1.6694548286604012
2012-08-20,26.12,1.990000000000002,2.010545171339602
2012-08-21,25.77,-0.3500000000000014,-0.32945482866040143
2012-08-22,26.41,0.6400000000000006,0.6605451713396006
2012-08-23,28.27,1.8599999999999994,1.8805451713395995
2012-08-24,27.45,-0.8200000000000003,-0.7994548286604003
2012-08-27,28.23,0.7800000000000011,0.8005451713396011
2012-08-28,30.24,2.009999999999998,2.030545171339598
2012-08-29,30.13,-0.10999999999999943,-0.08945482866039943
2012-08-30,30.12,-0.00999999999999801,0.010545171339601988
2012-08-31,30.51,0.39000000000000057,0.41054517133960056
2012-09-04,33.08,2.5699999999999967,2.590545171339597
2012-09-05,32.35,-0.7299999999999969,-0.7094548286603969
2012-09-06,30.69,-1.6600000000000001,-1.6394548286604
2012-09-07,29.95,-0.740000000000002,-0.719454828660402
2012-09-10,31.02,1.0700000000000003,1.0905451713396004
2012-09-11,31.05,0.030000000000001137,0.05054517133960114
2012-09-12,29.86,-1.1900000000000013,-1.1694548286604012
2012-09-13,29.01,-0.8499999999999979,-0.8294548286603979
2012-09-14,29.37,0.35999999999999943,0.3805451713395994
2012-09-17,29.67,0.3000000000000007,0.3205451713396007
2012-09-18,29.2,-0.4700000000000024,-0.44945482866040243
2012-09-19,29.01,-0.18999999999999773,-0.16945482866039774
2012-09-20,30.01,1.0,1.0205451713396
2012-09-21,29.94,-0.07000000000000028,-0.04945482866040028
2012-09-24,29.8,-0.14000000000000057,-0.11945482866040057
2012-09-25,30.89,1.0899999999999999,1.1105451713396
2012-09-26,32.1,1.2100000000000009,1.230545171339601
2012-09-27,30.93,-1.1700000000000017,-1.1494548286604016
2012-09-28,31.51,0.5800000000000018,0.6005451713396018
2012-10-01,31.2,-0.3100000000000023,-0.2894548286604023
2012-10-02,30.57,-0.629999999999999,-0.609454828660399
2012-10-03,30.75,0.17999999999999972,0.2005451713395997
2012-10-04,30.74,-0.010000000000001563,0.010545171339598435
2012-10-05,29.9,-0.8399999999999999,-0.8194548286603999
2012-10-08,30.67,0.7700000000000031,0.7905451713396031
2012-10-09,31.36,0.6899999999999977,0.7105451713395977
2012-10-10,30.68,-0.6799999999999997,-0.6594548286603997
2012-10-11,30.85,0.1700000000000017,0.1905451713396017
2012-10-12,30.72,-0.13000000000000256,-0.10945482866040256
2012-10-15,29.54,-1.1799999999999997,-1.1594548286603996
2012-10-16,26.92,-2.6199999999999974,-2.5994548286603973
2012-10-17,26.99,0.06999999999999673,0.09054517133959673
2012-10-18,27.01,0.020000000000003126,0.04054517133960313
2012-10-19,28.56,1.5499999999999972,1.5705451713395973
2012-10-22,27.8,-0.759999999999998,-0.739454828660398
2012-10-23,30.32,2.5199999999999996,2.5405451713395997
2012-10-24,29.79,-0.5300000000000011,-0.5094548286604011
2012-10-25,30.21,0.4200000000000017,0.4405451713396017
2012-10-26,30.33,0.11999999999999744,0.14054517133959743
2012-10-31,30.6,0.2700000000000031,0.2905451713396031
2012-11-01,29.48,-1.120000000000001,-1.099454828660401
2012-11-02,30.21,0.7300000000000004,0.7505451713396004
2012-11-05,31.17,0.9600000000000009,0.9805451713396008
2012-11-06,30.51,-0.6600000000000001,-0.6394548286604002
2012-11-07,33.81,3.3000000000000007,3.320545171339601
2012-11-08,35.16,1.3499999999999943,1.3705451713395944
2012-11-09,34.22,-0.9399999999999977,-0.9194548286603977
2012-11-12,31.83,-2.3900000000000006,-2.3694548286604005
2012-11-13,31.55,-0.2799999999999976,-0.2594548286603976
2012-11-14,33.69,2.139999999999997,2.160545171339597
2012-11-15,33.46,-0.22999999999999687,-0.20945482866039689
2012-11-16,31.82,-1.6400000000000006,-1.6194548286604005
2012-11-19,29.61,-2.210000000000001,-2.1894548286604008
2012-11-20,29.46,-0.14999999999999858,-0.1294548286603986
2012-11-21,28.74,-0.7200000000000024,-0.6994548286604024
2012-11-23,28.43,-0.3099999999999987,-0.28945482866039873
2012-11-26,29.55,1.120000000000001,1.140545171339601
2012-11-27,29.72,0.16999999999999815,0.19054517133959814
2012-11-28,28.99,-0.7300000000000004,-0.7094548286604004
2012-11-29,28.64,-0.34999999999999787,-0.3294548286603979
2012-11-30,29.02,0.379999999999999,0.400545171339599
2012-12-03,29.49,0.46999999999999886,0.49054517133959885
2012-12-04,30.64,1.1500000000000021,1.1705451713396022
2012-12-05,29.92,-0.7199999999999989,-0.6994548286603989
2012-12-06,29.85,-0.07000000000000028,-0.04945482866040028
2012-12-07,30.0,0.14999999999999858,0.17054517133959857
2012-12-10,30.09,0.08999999999999986,0.11054517133959986
2012-12-11,29.78,-0.3099999999999987,-0.28945482866039873
2012-12-12,29.39,-0.39000000000000057,-0.3694548286604006
2012-12-13,29.48,0.08999999999999986,0.11054517133959986
2012-12-14,29.38,-0.10000000000000142,-0.07945482866040142
2012-12-17,29.84,0.46000000000000085,0.48054517133960084
2012-12-18,30.67,0.8300000000000018,0.8505451713396018
2012-12-19,32.96,2.289999999999999,2.3105451713395992
2012-12-20,32.3,-0.6600000000000037,-0.6394548286604037
2012-12-21,34.92,2.6200000000000045,2.6405451713396046
2012-12-24,34.92,0.0,0.0205451713396
2012-12-26,34.65,-0.2700000000000031,-0.24945482866040314
2012-12-27,36.27,1.6200000000000045,1.6405451713396046
2012-12-28,38.33,2.059999999999995,2.0805451713395953
2012-12-31,37.15,-1.1799999999999997,-1.1594548286603996
2013-01-02,31.49,-5.66,-5.6394548286604005
2013-01-03,30.05,-1.4399999999999977,-1.4194548286603976
2013-01-04,28.76,-1.2899999999999991,-1.269454828660399
2013-01-07,29.04,0.2799999999999976,0.30054517133959757
2013-01-08,28.65,-0.39000000000000057,-0.3694548286604006
2013-01-09,27.68,-0.9699999999999989,-0.9494548286603989
2013-01-10,27.08,-0.6000000000000014,-0.5794548286604014
2013-01-11,26.42,-0.6599999999999966,-0.6394548286603966
2013-01-14,26.78,0.35999999999999943,0.3805451713395994
2013-01-15,26.89,0.10999999999999943,0.13054517133959942
2013-01-16,23.94,-2.9499999999999993,-2.929454828660399
2013-01-17,23.68,-0.26000000000000156,-0.23945482866040158
2013-01-18,23.58,-0.10000000000000142,-0.07945482866040142
2013-01-22,23.38,-0.1999999999999993,-0.1794548286603993
2013-01-23,22.91,-0.46999999999999886,-0.4494548286603989
2013-01-24,22.96,0.05000000000000071,0.07054517133960071
2013-01-25,22.84,-0.120000000000001,-0.09945482866040099
2013-01-28,23.94,1.1000000000000014,1.1205451713396015
2013-01-29,23.51,-0.4299999999999997,-0.40945482866039973
2013-01-30,23.71,0.1999999999999993,0.22054517133959928
2013-01-31,24.62,0.9100000000000001,0.9305451713396001
2013-02-01,24.29,-0.33000000000000185,-0.30945482866040186
2013-02-04,26.09,1.8000000000000007,1.8205451713396008
2013-02-05,24.9,-1.1900000000000013,-1.1694548286604012
2013-02-06,25.42,0.5200000000000031,0.5405451713396031
2013-02-07,24.99,-0.43000000000000327,-0.4094548286604033
2013-02-08,24.42,-0.5699999999999967,-0.5494548286603967
2013-02-11,25.09,0.6699999999999982,0.6905451713395981
2013-02-12,24.71,-0.379999999999999,-0.359454828660399
2013-02-13,23.8,-0.9100000000000001,-0.8894548286604002
2013-02-14,24.46,0.6600000000000001,0.6805451713396001
2013-02-15,24.09,-0.370000000000001,-0.349454828660401
2013-02-19,24.62,0.5300000000000011,0.5505451713396011
2013-02-20,26.32,1.6999999999999993,1.7205451713395994
2013-02-21,28.23,1.9100000000000001,1.9305451713396002
2013-02-22,27.53,-0.6999999999999993,-0.6794548286603993
2013-02-25,31.6,4.07,4.0905451713396
2013-02-26,31.45,-0.15000000000000213,-0.12945482866040214
2013-02-27,29.25,-2.1999999999999993,-2.179454828660399
2013-02-28,30.65,1.3999999999999986,1.4205451713395987
2013-03-01,29.67,-0.9799999999999969,-0.9594548286603969
2013-03-04,29.99,0.31999999999999673,0.3405451713395967
2013-03-05,27.93,-2.0599999999999987,-2.0394548286603986
2013-03-06,27.52,-0.41000000000000014,-0.38945482866040015
2013-03-07,27.19,-0.3299999999999983,-0.3094548286603983
2013-03-08,26.39,-0.8000000000000007,-0.7794548286604007
2013-03-11,25.38,-1.0100000000000016,-0.9894548286604016
2013-03-12,25.45,0.07000000000000028,0.09054517133960029
2013-03-13,23.66,-1.7899999999999991,-1.769454828660399
2013-03-14,24.7,1.0399999999999991,1.0605451713395992
2013-03-15,22.95,-1.75,-1.7294548286604
2013-03-18,25.08,2.129999999999999,2.150545171339599
2013-03-19,26.82,1.740000000000002,1.760545171339602
2013-03-20,25.91,-0.9100000000000001,-0.8894548286604002
2013-03-21,28.49,2.5799999999999983,2.6005451713395984
2013-03-22,28.49,0.0,0.0205451713396
2013-03-25,28.39,-0.09999999999999787,-0.07945482866039787
2013-03-26,27.62,-0.7699999999999996,-0.7494548286603996
2013-03-27,26.98,-0.6400000000000006,-0.6194548286604006
2013-03-28,26.64,-0.33999999999999986,-0.31945482866039987
2013-04-01,27.48,0.8399999999999999,0.8605451713395998
2013-04-02,26.79,-0.6900000000000013,-0.6694548286604013
2013-04-03,28.07,1.2800000000000011,1.3005451713396012
2013-04-04,29.04,0.9699999999999989,0.9905451713395989
2013-04-05,28.9,-0.14000000000000057,-0.11945482866040057
2013-04-08,29.28,0.38000000000000256,0.40054517133960255
2013-04-09,28.47,-0.8100000000000023,-0.7894548286604023
2013-04-10,27.19,-1.2799999999999976,-1.2594548286603975
2013-04-11,27.71,0.5199999999999996,0.5405451713395996
2013-04-12,27.76,0.05000000000000071,0.07054517133960071
2013-04-15,30.11,2.349999999999998,2.370545171339598
2013-04-16,26.51,-3.599999999999998,-3.5794548286603978
2013-04-17,28.45,1.9399999999999977,1.9605451713395978
2013-04-18,28.87,0.4200000000000017,0.4405451713396017
2013-04-19,26.56,-2.3100000000000023,-2.289454828660402
2013-04-22,25.36,-1.1999999999999993,-1.1794548286603992
2013-04-23,24.68,-0.6799999999999997,-0.6594548286603997
2013-04-24,24.55,-0.129999999999999,-0.109454828660399
2013-04-25,23.83,-0.7200000000000024,-0.6994548286604024
2013-04-26,24.51,0.6800000000000033,0.7005451713396033
2013-04-29,24.87,0.35999999999999943,0.3805451713395994
2013-04-30,24.76,-0.10999999999999943,-0.08945482866039943
2013-05-01,25.83,1.0699999999999967,1.0905451713395968
2013-05-02,24.43,-1.3999999999999986,-1.3794548286603985
2013-05-03,25.68,1.25,1.2705451713396
2013-05-06,25.87,0.19000000000000128,0.21054517133960127
2013-05-07,24.95,-0.9200000000000017,-0.8994548286604017
2013-05-08,24.25,-0.6999999999999993,-0.6794548286603993
2013-05-09,24.08,-0.1700000000000017,-0.14945482866040172
2013-05-10,24.02,-0.05999999999999872,-0.03945482866039872
2013-05-13,23.1,-0.9199999999999982,-0.8994548286603982
2013-05-14,22.28,-0.8200000000000003,-0.7994548286604003
2013-05-15,23.58,1.2999999999999972,1.3205451713395973
2013-05-16,23.8,0.22000000000000242,0.2405451713396024
2013-05-17,23.87,0.07000000000000028,0.09054517133960029
2013-05-20,24.77,0.8999999999999986,0.9205451713395986
2013-05-21,23.75,-1.0199999999999996,-0.9994548286603996
2013-05-22,24.26,0.5100000000000016,0.5305451713396016
2013-05-23,26.31,2.049999999999997,2.0705451713395973
2013-05-24,26.67,0.360000000000003,0.380545171339603
2013-05-28,27.33,0.6599999999999966,0.6805451713395966
2013-05-29,27.61,0.28000000000000114,0.3005451713396011
2013-05-30,27.84,0.23000000000000043,0.2505451713396004
2013-05-31,28.45,0.6099999999999994,0.6305451713395994
2013-06-03,29.29,0.8399999999999999,0.8605451713395998
2013-06-04,29.81,0.5199999999999996,0.5405451713395996
2013-06-05,30.01,0.20000000000000284,0.22054517133960283
2013-06-06,29.21,-0.8000000000000007,-0.7794548286604007
2013-06-07,28.12,-1.0899999999999999,-1.0694548286603998
2013-06-10,29.01,0.8900000000000006,0.9105451713396006
2013-06-11,30.12,1.1099999999999994,1.1305451713395995
2013-06-12,30.94,0.8200000000000003,0.8405451713396003
2013-06-13,29.83,-1.110000000000003,-1.0894548286604029
2013-06-14,30.04,0.21000000000000085,0.23054517133960084
2013-06-17,29.64,-0.3999999999999986,-0.3794548286603986
2013-06-18,29.23,-0.41000000000000014,-0.38945482866040015
2013-06-19,29.1,-0.129999999999999,-0.109454828660399
2013-06-20,33.64,4.539999999999999,4.560545171339599
2013-06-21,33.04,-0.6000000000000014,-0.5794548286604014
2013-06-24,33.89,0.8500000000000014,0.8705451713396014
2013-06-25,31.66,-2.2300000000000004,-2.2094548286604003
2013-06-26,31.5,-0.16000000000000014,-0.13945482866040015
2013-06-27,30.84,-0.6600000000000001,-0.6394548286604002
2013-06-28,31.26,0.4200000000000017,0.4405451713396017
2013-07-01,31.2,-0.060000000000002274,-0.03945482866040227
2013-07-02,30.86,-0.33999999999999986,-0.31945482866039987
2013-07-03,30.68,-0.17999999999999972,-0.15945482866039973
2013-07-05,29.16,-1.5199999999999996,-1.4994548286603995
2013-07-08,29.58,0.41999999999999815,0.44054517133959814
2013-07-09,28.32,-1.259999999999998,-1.239454828660398
2013-07-10,28.46,0.14000000000000057,0.16054517133960056
2013-07-11,27.59,-0.870000000000001,-0.849454828660401
2013-07-12,25.83,-1.7600000000000016,-1.7394548286604015
2013-07-15,25.46,-0.36999999999999744,-0.34945482866039745
2013-07-16,23.95,-1.5100000000000016,-1.4894548286604015
2013-07-17,22.58,-1.370000000000001,-1.349454828660401
2013-07-18,22.09,-0.48999999999999844,-0.46945482866039845
2013-07-19,21.92,-0.16999999999999815,-0.14945482866039816
2013-07-22,21.4,-0.5200000000000031,-0.49945482866040314
2013-07-23,21.63,0.23000000000000043,0.2505451713396004
2013-07-24,22.3,0.6700000000000017,0.6905451713396017
2013-07-25,22.53,0.23000000000000043,0.2505451713396004
2013-07-26,22.32,-0.21000000000000085,-0.18945482866040086
2013-07-29,23.63,1.3099999999999987,1.3305451713395988
2013-07-30,24.17,0.5400000000000027,0.5605451713396027
2013-07-31,24.13,-0.0400000000000027,-0.0194548286604027
2013-08-01,23.78,-0.34999999999999787,-0.3294548286603979
2013-08-02,23.26,-0.5199999999999996,-0.4994548286603996
2013-08-05,23.11,-0.15000000000000213,-0.12945482866040214
2013-08-06,23.85,0.740000000000002,0.760545171339602
2013-08-07,24.49,0.639999999999997,0.660545171339597
2013-08-08,24.22,-0.2699999999999996,-0.24945482866039959
2013-08-09,24.6,0.38000000000000256,0.40054517133960255
2013-08-12,23.83,-0.7700000000000031,-0.7494548286604031
2013-08-13,23.01,-0.8199999999999967,-0.7994548286603967
2013-08-14,23.05,0.03999999999999915,0.06054517133959915
2013-08-15,23.74,0.6899999999999977,0.7105451713395977
2013-08-16,23.78,0.0400000000000027,0.0605451713396027
2013-08-19,25.05,1.2699999999999996,1.2905451713395997
2013-08-20,25.83,0.7799999999999976,0.8005451713395976
2013-08-21,26.43,0.6000000000000014,0.6205451713396014
2013-08-22,25.77,-0.6600000000000001,-0.6394548286604002
2013-08-23,25.62,-0.14999999999999858,-0.1294548286603986
2013-08-26,27.51,1.8900000000000006,1.9105451713396007
2013-08-27,29.83,2.3199999999999967,2.340545171339597
2013-08-28,29.31,-0.5199999999999996,-0.4994548286603996
2013-08-29,28.87,-0.4399999999999977,-0.41945482866039774
2013-08-30,29.54,0.6699999999999982,0.6905451713395981
2013-09-03,29.52,-0.019999999999999574,0.0005451713396004247
2013-09-04,29.15,-0.370000000000001,-0.349454828660401
2013-09-05,28.44,-0.7099999999999973,-0.6894548286603973
2013-09-06,28.36,-0.08000000000000185,-0.059454828660401846
2013-09-09,28.07,-0.28999999999999915,-0.26945482866039916
2013-09-10,26.11,-1.9600000000000009,-1.9394548286604008
2013-09-11,25.52,-0.5899999999999999,-0.5694548286603999
2013-09-12,25.98,0.46000000000000085,0.48054517133960084
2013-09-13,25.91,-0.07000000000000028,-0.04945482866040028
2013-09-16,26.36,0.4499999999999993,0.4705451713395993
2013-09-17,25.9,-0.46000000000000085,-0.43945482866040086
2013-09-18,25.57,-0.3299999999999983,-0.3094548286603983
2013-09-19,24.9,-0.6700000000000017,-0.6494548286604017
2013-09-20,24.59,-0.3099999999999987,-0.28945482866039873
2013-09-23,25.79,1.1999999999999993,1.2205451713395994
2013-09-24,26.29,0.5,0.5205451713396
2013-09-25,26.46,0.1700000000000017,0.1905451713396017
2013-09-26,26.3,-0.16000000000000014,-0.13945482866040015
2013-09-27,27.25,0.9499999999999993,0.9705451713395993
2013-09-30,28.13,0.879999999999999,0.900545171339599
2013-10-01,28.71,0.5800000000000018,0.6005451713396018
2013-10-02,28.9,0.18999999999999773,0.21054517133959771
2013-10-03,30.13,1.2300000000000004,1.2505451713396005
2013-10-04,29.58,-0.5500000000000007,-0.5294548286604007
2013-10-07,31.22,1.6400000000000006,1.6605451713396007
2013-10-08,32.38,1.1600000000000037,1.1805451713396038
2013-10-09,32.33,-0.05000000000000426,-0.029454828660404265
2013-10-10,30.41,-1.9199999999999982,-1.899454828660398
2013-10-11,27.81,-2.6000000000000014,-2.5794548286604013
2013-10-14,28.84,1.0300000000000011,1.0505451713396012
2013-10-15,28.88,0.03999999999999915,0.06054517133959915
2013-10-16,26.07,-2.8099999999999987,-2.7894548286603986
2013-10-17,23.5,-2.5700000000000003,-2.5494548286604
2013-10-18,23.27,-0.23000000000000043,-0.20945482866040044
2013-10-21,22.56,-0.7100000000000009,-0.6894548286604009
2013-10-22,22.02,-0.5399999999999991,-0.5194548286603992
2013-10-23,21.57,-0.4499999999999993,-0.4294548286603993
2013-10-24,21.13,-0.4400000000000013,-0.4194548286604013
2013-10-25,21.11,-0.019999999999999574,0.0005451713396004247
2013-10-28,21.86,0.75,0.7705451713396
2013-10-29,21.58,-0.28000000000000114,-0.25945482866040115
2013-10-30,21.19,-0.389999999999997,-0.369454828660397
2013-10-31,21.05,-0.14000000000000057,-0.11945482866040057
2013-11-01,20.35,-0.6999999999999993,-0.6794548286603993
2013-11-04,20.49,0.13999999999999702,0.160545171339597
2013-11-05,20.87,0.38000000000000256,0.40054517133960255
2013-11-06,20.66,-0.21000000000000085,-0.18945482866040086
2013-11-07,21.43,0.7699999999999996,0.7905451713395996
2013-11-08,20.57,-0.8599999999999994,-0.8394548286603994
2013-11-11,19.57,-1.0,-0.9794548286604
2013-11-12,20.11,0.5399999999999991,0.5605451713395991
2013-11-13,20.2,0.08999999999999986,0.11054517133959986
2013-11-14,19.38,-0.8200000000000003,-0.7994548286604003
2013-11-15,18.42,-0.9599999999999973,-0.9394548286603973
2013-11-18,19.28,0.8599999999999994,0.8805451713395994
2013-11-19,19.76,0.4800000000000004,0.5005451713396004
2013-11-20,19.85,0.08999999999999986,0.11054517133959986
2013-11-21,19.82,-0.030000000000001137,-0.009454828660401138
2013-11-22,19.87,0.05000000000000071,0.07054517133960071
2013-11-25,20.68,0.8099999999999987,0.8305451713395987
2013-11-26,21.58,0.8999999999999986,0.9205451713395986
2013-11-27,21.24,-0.33999999999999986,-0.31945482866039987
2013-11-29,21.37,0.13000000000000256,0.15054517133960255
2013-12-02,22.73,1.3599999999999994,1.3805451713395995
2013-12-03,23.71,0.9800000000000004,1.0005451713396005
2013-12-04,24.02,0.3099999999999987,0.3305451713395987
2013-12-05,25.16,1.1400000000000006,1.1605451713396007
2013-12-06,23.86,-1.3000000000000007,-1.2794548286604006
2013-12-09,24.02,0.16000000000000014,0.18054517133960013
2013-12-10,24.2,0.17999999999999972,0.2005451713395997
2013-12-11,25.43,1.2300000000000004,1.2505451713396005
2013-12-12,25.4,-0.030000000000001137,-0.009454828660401138
2013-12-13,24.07,-1.3299999999999983,-1.3094548286603982
2013-12-16,24.93,0.8599999999999994,0.8805451713395994
2013-12-17,25.08,0.14999999999999858,0.17054517133959857
2013-12-18,23.84,-1.2399999999999984,-1.2194548286603983
2013-12-19,23.9,0.05999999999999872,0.08054517133959872
2013-12-20,23.19,-0.7099999999999973,-0.6894548286603973
2013-12-23,22.96,-0.23000000000000043,-0.20945482866040044
2013-12-24,22.4,-0.5600000000000023,-0.5394548286604023
2013-12-26,21.79,-0.6099999999999994,-0.5894548286603994
2013-12-27,21.51,-0.2799999999999976,-0.2594548286603976
2013-12-30,22.08,0.5699999999999967,0.5905451713395967
2013-12-31,22.63,0.5500000000000007,0.5705451713396007
2014-01-02,22.98,0.3500000000000014,0.3705451713396014
2014-01-03,21.86,-1.120000000000001,-1.099454828660401
2014-01-06,22.43,0.5700000000000003,0.5905451713396003
2014-01-07,21.55,-0.879999999999999,-0.859454828660399
2014-01-08,21.24,-0.3100000000000023,-0.2894548286604023
2014-01-09,21.66,0.4200000000000017,0.4405451713396017
2014-01-10,21.07,-0.5899999999999999,-0.5694548286603999
2014-01-13,21.24,0.16999999999999815,0.19054517133959814
2014-01-14,20.17,-1.0699999999999967,-1.0494548286603966
2014-01-15,20.74,0.5699999999999967,0.5905451713395967
2014-01-16,18.9,-1.8399999999999999,-1.8194548286603998
2014-01-17,17.75,-1.1499999999999986,-1.1294548286603985
2014-01-21,19.54,1.7899999999999991,1.8105451713395992
2014-01-22,19.23,-0.3099999999999987,-0.28945482866039873
2014-01-23,21.47,2.2399999999999984,2.2605451713395985
2014-01-24,23.04,1.5700000000000003,1.5905451713396004
2014-01-27,26.11,3.0700000000000003,3.0905451713396004
2014-01-28,24.81,-1.3000000000000007,-1.2794548286604006
2014-01-29,25.75,0.9400000000000013,0.9605451713396013
2014-01-30,24.32,-1.4299999999999997,-1.4094548286603996
2014-01-31,25.53,1.2100000000000009,1.230545171339601
2014-02-03,29.34,3.8099999999999987,3.830545171339599
2014-02-04,27.13,-2.210000000000001,-2.1894548286604008
2014-02-05,27.5,0.370000000000001,0.390545171339601
2014-02-06,26.69,-0.8099999999999987,-0.7894548286603987
2014-02-07,26.07,-0.620000000000001,-0.599454828660401
2014-02-10,26.28,0.21000000000000085,0.23054517133960084
2014-02-11,23.11,-3.1700000000000017,-3.1494548286604016
2014-02-12,22.96,-0.14999999999999858,-0.1294548286603986
2014-02-13,22.98,0.019999999999999574,0.040545171339599576
2014-02-14,22.19,-0.7899999999999991,-0.7694548286603992
2014-02-18,22.22,0.029999999999997584,0.050545171339597586
2014-02-19,22.43,0.21000000000000085,0.23054517133960084
2014-02-20,21.78,-0.6499999999999986,-0.6294548286603986
2014-02-21,20.99,-0.7900000000000027,-0.7694548286604027
2014-02-24,21.13,0.14000000000000057,0.16054517133960056
2014-02-25,22.1,0.9700000000000024,0.9905451713396024
2014-02-26,21.95,-0.15000000000000213,-0.12945482866040214
2014-02-27,20.93,-1.0199999999999996,-0.9994548286603996
2014-02-28,20.76,-0.16999999999999815,-0.14945482866039816
2014-03-03,22.46,1.6999999999999993,1.7205451713395994
2014-03-04,20.8,-1.6600000000000001,-1.6394548286604
2014-03-05,20.88,0.0799999999999983,0.1005451713395983
2014-03-06,20.82,-0.05999999999999872,-0.03945482866039872
2014-03-07,20.95,0.129999999999999,0.150545171339599
2014-03-10,21.85,0.9000000000000021,0.9205451713396021
2014-03-11,22.69,0.8399999999999999,0.8605451713395998
2014-03-12,22.6,-0.08999999999999986,-0.06945482866039986
2014-03-13,23.91,1.3099999999999987,1.3305451713395988
2014-03-14,25.41,1.5,1.5205451713396
2014-03-17,24.26,-1.1499999999999986,-1.1294548286603985
2014-03-18,23.63,-0.6300000000000026,-0.6094548286604026
2014-03-19,23.8,0.1700000000000017,0.1905451713396017
2014-03-20,23.01,-0.7899999999999991,-0.7694548286603992
2014-03-21,22.99,-0.020000000000003126,0.000545171339596872
2014-03-24,23.59,0.6000000000000014,0.6205451713396014
2014-03-25,24.23,0.6400000000000006,0.6605451713396006
2014-03-26,24.38,0.14999999999999858,0.17054517133959857
2014-03-27,24.14,-0.23999999999999844,-0.21945482866039845
2014-03-28,23.45,-0.6900000000000013,-0.6694548286604013
2014-03-31,22.65,-0.8000000000000007,-0.7794548286604007
2014-04-01,21.86,-0.7899999999999991,-0.7694548286603992
2014-04-02,21.64,-0.21999999999999886,-0.19945482866039888
2014-04-03,21.64,0.0,0.0205451713396
2014-04-04,22.34,0.6999999999999993,0.7205451713395993
2014-04-07,24.84,2.5,2.5205451713396
2014-04-08,25.4,0.5599999999999987,0.5805451713395987
2014-04-09,24.86,-0.5399999999999991,-0.5194548286603992
2014-04-10,25.2,0.33999999999999986,0.36054517133959985
2014-04-11,26.81,1.6099999999999994,1.6305451713395995
2014-04-14,25.76,-1.0499999999999972,-1.029454828660397
2014-04-15,25.89,0.129999999999999,0.150545171339599
2014-04-16,23.96,-1.9299999999999997,-1.9094548286603996
2014-04-17,20.45,-3.5100000000000016,-3.4894548286604015
2014-04-21,20.65,0.1999999999999993,0.22054517133959928
2014-04-22,19.32,-1.3299999999999983,-1.3094548286603982
2014-04-23,19.19,-0.129999999999999,-0.109454828660399
2014-04-24,19.08,-0.11000000000000298,-0.08945482866040298
2014-04-25,19.78,0.7000000000000028,0.7205451713396028
2014-04-28,21.11,1.3299999999999983,1.3505451713395984
2014-04-29,20.07,-1.0399999999999991,-1.019454828660399
2014-04-30,19.47,-0.6000000000000014,-0.5794548286604014
2014-05-01,18.82,-0.6499999999999986,-0.6294548286603986
2014-05-02,18.64,-0.17999999999999972,-0.15945482866039973
2014-05-05,19.56,0.9199999999999982,0.9405451713395981
2014-05-06,20.09,0.5300000000000011,0.5505451713396011
2014-05-07,19.98,-0.10999999999999943,-0.08945482866039943
2014-05-08,19.45,-0.5300000000000011,-0.5094548286604011
2014-05-09,19.18,-0.2699999999999996,-0.24945482866039959
2014-05-12,17.38,-1.8000000000000007,-1.7794548286604006
2014-05-13,17.18,-0.1999999999999993,-0.1794548286603993
2014-05-14,17.24,0.05999999999999872,0.08054517133959872
2014-05-15,18.48,1.240000000000002,1.260545171339602
2014-05-16,17.88,-0.6000000000000014,-0.5794548286604014
2014-05-19,17.75,-0.129999999999999,-0.109454828660399
2014-05-20,18.47,0.7199999999999989,0.7405451713395989
2014-05-21,17.61,-0.8599999999999994,-0.8394548286603994
2014-05-22,17.5,-0.10999999999999943,-0.08945482866039943
2014-05-23,16.93,-0.5700000000000003,-0.5494548286604003
2014-05-27,17.6,0.6700000000000017,0.6905451713396017
2014-05-28,17.58,-0.020000000000003126,0.000545171339596872
2014-05-29,17.6,0.020000000000003126,0.04054517133960313
2014-05-30,18.04,0.4399999999999977,0.4605451713395977
2014-06-02,18.74,0.6999999999999993,0.7205451713395993
2014-06-03,18.33,-0.41000000000000014,-0.38945482866040015
2014-06-04,18.16,-0.16999999999999815,-0.14945482866039816
2014-06-05,18.16,0.0,0.0205451713396
2014-06-06,17.88,-0.28000000000000114,-0.25945482866040115
2014-06-09,18.34,0.46000000000000085,0.48054517133960084
2014-06-10,18.65,0.3099999999999987,0.3305451713395987
2014-06-11,18.81,0.16000000000000014,0.18054517133960013
2014-06-12,18.91,0.10000000000000142,0.12054517133960142
2014-06-13,18.77,-0.14000000000000057,-0.11945482866040057
2014-06-16,19.12,0.3500000000000014,0.3705451713396014
2014-06-17,19.02,-0.10000000000000142,-0.07945482866040142
2014-06-18,18.78,-0.23999999999999844,-0.21945482866039845
2014-06-19,18.33,-0.45000000000000284,-0.42945482866040285
2014-06-20,18.46,0.13000000000000256,0.15054517133960255
2014-06-23,18.21,-0.25,-0.2294548286604
2014-06-24,18.61,0.3999999999999986,0.42054517133959857
2014-06-25,18.5,-0.10999999999999943,-0.08945482866039943
2014-06-26,18.64,0.14000000000000057,0.16054517133960056
2014-06-27,18.15,-0.490000000000002,-0.469454828660402
2014-06-30,18.83,0.6799999999999997,0.7005451713395997
2014-07-01,19.27,0.4400000000000013,0.46054517133960127
2014-07-02,19.24,-0.030000000000001137,-0.009454828660401138
2014-07-03,18.49,-0.75,-0.7294548286604
2014-07-07,19.29,0.8000000000000007,0.8205451713396007
2014-07-08,20.9,1.6099999999999994,1.6305451713395995
2014-07-09,20.67,-0.22999999999999687,-0.20945482866039689
2014-07-10,21.57,0.8999999999999986,0.9205451713395986
2014-07-11,21.22,-0.3500000000000014,-0.32945482866040143
2014-07-14,20.2,-1.0199999999999996,-0.9994548286603996
2014-07-15,17.22,-2.9800000000000004,-2.9594548286604003
2014-07-16,16.19,-1.0299999999999976,-1.0094548286603975
2014-07-17,17.63,1.4399999999999977,1.4605451713395978
2014-07-18,16.67,-0.9599999999999973,-0.9394548286603973
2014-07-21,17.24,0.5699999999999967,0.5905451713395967
2014-07-22,17.01,-0.22999999999999687,-0.20945482866039689
2014-07-23,16.86,-0.15000000000000213,-0.12945482866040214
2014-07-24,17.01,0.15000000000000213,0.17054517133960212
2014-07-25,17.18,0.16999999999999815,0.19054517133959814
2014-07-28,17.89,0.7100000000000009,0.7305451713396008
2014-07-29,17.75,-0.14000000000000057,-0.11945482866040057
2014-07-30,17.87,0.120000000000001,0.14054517133960098
2014-07-31,19.86,1.9899999999999984,2.0105451713395985
2014-08-01,21.68,1.8200000000000003,1.8405451713396004
2014-08-04,21.23,-0.4499999999999993,-0.4294548286603993
2014-08-05,22.41,1.1799999999999997,1.2005451713395998
2014-08-06,22.12,-0.28999999999999915,-0.26945482866039916
2014-08-07,22.31,0.18999999999999773,0.21054517133959771
2014-08-08,21.62,-0.6899999999999977,-0.6694548286603977
2014-08-11,20.4,-1.2200000000000024,-1.1994548286604023
2014-08-12,19.9,-0.5,-0.4794548286604
2014-08-13,18.77,-1.129999999999999,-1.109454828660399
2014-08-14,17.84,-0.9299999999999997,-0.9094548286603997
2014-08-15,18.63,0.7899999999999991,0.8105451713395991
2014-08-18,16.99,-1.6400000000000006,-1.6194548286604005
2014-08-19,16.95,-0.03999999999999915,-0.01945482866039915
2014-08-20,17.65,0.6999999999999993,0.7205451713395993
2014-08-21,17.65,0.0,0.0205451713396
2014-08-22,17.65,0.0,0.0205451713396
2014-08-25,17.92,0.2700000000000031,0.2905451713396031
2014-08-26,18.27,0.34999999999999787,0.37054517133959786
2014-08-27,18.26,-0.00999999999999801,0.010545171339601988
2014-08-28,18.08,-0.18000000000000327,-0.15945482866040328
2014-08-29,17.77,-0.3099999999999987,-0.28945482866039873
2014-09-02,18.87,1.1000000000000014,1.1205451713396015
2014-09-03,18.7,-0.1700000000000017,-0.14945482866040172
2014-09-04,18.8,0.10000000000000142,0.12054517133960142
2014-09-05,18.76,-0.03999999999999915,-0.01945482866039915
2014-09-08,19.62,0.8599999999999994,0.8805451713395994
2014-09-09,20.41,0.7899999999999991,0.8105451713395991
2014-09-10,20.25,-0.16000000000000014,-0.13945482866040015
2014-09-11,20.23,-0.019999999999999574,0.0005451713396004247
2014-09-12,20.52,0.28999999999999915,0.31054517133959914
2014-09-15,21.11,0.5899999999999999,0.6105451713395998
2014-09-16,20.91,-0.1999999999999993,-0.1794548286603993
2014-09-17,20.96,0.05000000000000071,0.07054517133960071
2014-09-18,19.48,-1.4800000000000004,-1.4594548286604003
2014-09-19,19.69,0.21000000000000085,0.23054517133960084
2014-09-22,19.94,0.25,0.2705451713396
2014-09-23,20.17,0.23000000000000043,0.2505451713396004
2014-09-24,19.68,-0.490000000000002,-0.469454828660402
2014-09-25,22.03,2.3500000000000014,2.3705451713396015
2014-09-26,22.53,0.5,0.5205451713396
2014-09-29,23.61,1.0799999999999983,1.1005451713395984
2014-09-30,23.33,-0.28000000000000114,-0.25945482866040115
2014-10-01,24.5,1.1700000000000017,1.1905451713396018
2014-10-02,24.1,-0.3999999999999986,-0.3794548286603986
2014-10-03,22.53,-1.5700000000000003,-1.5494548286604002
2014-10-06,22.9,0.36999999999999744,0.39054517133959743
2014-10-07,25.04,2.1400000000000006,2.1605451713396007
2014-10-08,24.71,-0.3299999999999983,-0.3094548286603983
2014-10-09,28.35,3.6400000000000006,3.6605451713396007
2014-10-10,29.33,0.9799999999999969,1.000545171339597
2014-10-13,31.89,2.5600000000000023,2.5805451713396024
2014-10-14,31.37,-0.5199999999999996,-0.4994548286603996
2014-10-15,34.21,2.84,2.8605451713396
2014-10-16,32.91,-1.3000000000000043,-1.2794548286604042
2014-10-17,28.25,-4.659999999999997,-4.639454828660397
2014-10-20,26.99,-1.2600000000000016,-1.2394548286604015
2014-10-21,24.86,-2.129999999999999,-2.109454828660399
2014-10-22,24.67,-0.18999999999999773,-0.16945482866039774
2014-10-23,23.48,-1.1900000000000013,-1.1694548286604012
2014-10-24,21.99,-1.490000000000002,-1.469454828660402
2014-10-27,22.37,0.38000000000000256,0.40054517133960255
2014-10-28,21.27,-1.1000000000000014,-1.0794548286604013
2014-10-29,20.71,-0.5599999999999987,-0.5394548286603987
2014-10-30,20.72,0.00999999999999801,0.03054517133959801
2014-10-31,20.03,-0.6899999999999977,-0.6694548286603977
2014-11-03,20.35,0.3200000000000003,0.34054517133960027
2014-11-04,20.51,0.16000000000000014,0.18054517133960013
2014-11-05,20.57,0.05999999999999872,0.08054517133959872
2014-11-06,19.89,-0.6799999999999997,-0.6594548286603997
2014-11-07,19.5,-0.39000000000000057,-0.3694548286604006
2014-11-10,18.99,-0.5100000000000016,-0.4894548286604016
2014-11-11,18.81,-0.17999999999999972,-0.15945482866039973
2014-11-12,18.91,0.10000000000000142,0.12054517133960142
2014-11-13,18.77,-0.14000000000000057,-0.11945482866040057
2014-11-14,18.34,-0.4299999999999997,-0.40945482866039973
2014-11-17,19.09,0.75,0.7705451713396
2014-11-18,19.02,-0.07000000000000028,-0.04945482866040028
2014-11-19,18.99,-0.030000000000001137,-0.009454828660401138
2014-11-20,17.99,-1.0,-0.9794548286604
2014-11-21,17.95,-0.03999999999999915,-0.01945482866039915
2014-11-24,18.1,0.15000000000000213,0.17054517133960212
2014-11-25,18.32,0.21999999999999886,0.24054517133959885
2014-11-26,18.33,0.00999999999999801,0.03054517133959801
2014-11-28,18.9,0.5700000000000003,0.5905451713396003
2014-12-01,20.76,1.860000000000003,1.880545171339603
2014-12-02,20.7,-0.060000000000002274,-0.03945482866040227
2014-12-03,20.56,-0.14000000000000057,-0.11945482866040057
2014-12-04,20.41,-0.14999999999999858,-0.1294548286603986
2014-12-05,20.25,-0.16000000000000014,-0.13945482866040015
2014-12-08,21.82,1.5700000000000003,1.5905451713396004
2014-12-09,22.14,0.3200000000000003,0.34054517133960027
2014-12-10,24.5,2.3599999999999994,2.3805451713395995
2014-12-11,24.64,0.14000000000000057,0.16054517133960056
2014-12-12,28.12,3.4800000000000004,3.5005451713396005
2014-12-15,29.01,0.8900000000000006,0.9105451713396006
2014-12-16,30.2,1.1899999999999977,1.2105451713395978
2014-12-17,29.5,-0.6999999999999993,-0.6794548286603993
2014-12-18,26.25,-3.25,-3.2294548286604
2014-12-19,25.97,-0.28000000000000114,-0.25945482866040115
2014-12-22,25.45,-0.5199999999999996,-0.4994548286603996
2014-12-23,24.22,-1.2300000000000004,-1.2094548286604003
2014-12-24,23.99,-0.23000000000000043,-0.20945482866040044
2014-12-26,23.88,-0.10999999999999943,-0.08945482866039943
2014-12-29,24.39,0.5100000000000016,0.5305451713396016
2014-12-30,24.38,-0.010000000000001563,0.010545171339598435
2014-12-31,28.04,3.66,3.6805451713396002
2015-01-02,24.88,-3.16,-3.1394548286604
2015-01-05,27.56,2.6799999999999997,2.7005451713396
2015-01-06,28.24,0.6799999999999997,0.7005451713395997
2015-01-07,27.4,-0.8399999999999999,-0.8194548286603999
2015-01-08,26.15,-1.25,-1.2294548286604
2015-01-09,26.53,0.38000000000000256,0.40054517133960255
2015-01-12,26.99,0.4599999999999973,0.4805451713395973
2015-01-13,26.68,-0.3099999999999987,-0.28945482866039873
2015-01-14,28.08,1.3999999999999986,1.4205451713395987
2015-01-15,28.67,0.5900000000000034,0.6105451713396034
2015-01-16,27.19,-1.4800000000000004,-1.4594548286604003
2015-01-20,27.01,-0.17999999999999972,-0.15945482866039973
2015-01-21,25.31,-1.7000000000000028,-1.6794548286604027
2015-01-22,22.75,-2.5599999999999987,-2.5394548286603986
2015-01-23,21.97,-0.7800000000000011,-0.7594548286604011
2015-01-26,22.79,0.8200000000000003,0.8405451713396003
2015-01-27,24.04,1.25,1.2705451713396
2015-01-28,25.72,1.6799999999999997,1.7005451713395998
2015-01-29,25.46,-0.259999999999998,-0.23945482866039802
2015-01-30,26.39,0.9299999999999997,0.9505451713395997
2015-02-02,26.04,-0.3500000000000014,-0.32945482866040143
2015-02-03,23.72,-2.3200000000000003,-2.2994548286604
2015-02-04,24.62,0.9000000000000021,0.9205451713396021
2015-02-05,23.81,-0.8100000000000023,-0.7894548286604023
2015-02-06,23.29,-0.5199999999999996,-0.4994548286603996
2015-02-09,23.96,0.6700000000000017,0.6905451713396017
2015-02-10,23.02,-0.9400000000000013,-0.9194548286604013
2015-02-11,22.46,-0.5599999999999987,-0.5394548286603987
2015-02-12,22.1,-0.35999999999999943,-0.33945482866039944
2015-02-13,21.88,-0.22000000000000242,-0.19945482866040243
2015-02-17,21.62,-0.259999999999998,-0.23945482866039802
2015-02-18,21.59,-0.030000000000001137,-0.009454828660401138
2015-02-19,21.13,-0.46000000000000085,-0.43945482866040086
2015-02-20,20.37,-0.759999999999998,-0.739454828660398
2015-02-23,20.58,0.2099999999999973,0.2305451713395973
2015-02-24,20.06,-0.5199999999999996,-0.4994548286603996
2015-02-25,19.77,-0.28999999999999915,-0.26945482866039916
2015-02-26,19.91,0.14000000000000057,0.16054517133960056
2015-02-27,19.9,-0.010000000000001563,0.010545171339598435
2015-03-02,20.04,0.14000000000000057,0.16054517133960056
2015-03-03,20.63,0.5899999999999999,0.6105451713395998
2015-03-04,21.34,0.7100000000000009,0.7305451713396008
2015-03-05,21.67,0.33000000000000185,0.35054517133960184
2015-03-06,23.08,1.4099999999999966,1.4305451713395967
2015-03-09,23.03,-0.04999999999999716,-0.02945482866039716
2015-03-10,24.92,1.8900000000000006,1.9105451713396007
2015-03-11,25.09,0.16999999999999815,0.19054517133959814
2015-03-12,22.02,-3.0700000000000003,-3.0494548286604
2015-03-13,22.7,0.6799999999999997,0.7005451713395997
2015-03-16,22.32,-0.379999999999999,-0.359454828660399
2015-03-17,22.42,0.10000000000000142,0.12054517133960142
2015-03-18,21.15,-1.2700000000000031,-1.249454828660403
2015-03-19,21.9,0.75,0.7705451713396
2015-03-20,20.6,-1.2999999999999972,-1.279454828660397
2015-03-23,20.88,0.2799999999999976,0.30054517133959757
2015-03-24,20.83,-0.05000000000000071,-0.029454828660400712
2015-03-25,22.62,1.7900000000000027,1.8105451713396028
2015-03-26,23.18,0.5599999999999987,0.5805451713395987
2015-03-27,22.96,-0.21999999999999886,-0.19945482866039888
2015-03-30,22.13,-0.8300000000000018,-0.8094548286604019
2015-03-31,22.96,0.8300000000000018,0.8505451713396018
2015-04-01,22.17,-0.7899999999999991,-0.7694548286603992
2015-04-02,22.11,-0.060000000000002274,-0.03945482866040227
2015-04-06,22.68,0.5700000000000003,0.5905451713396003
2015-04-07,21.91,-0.7699999999999996,-0.7494548286603996
2015-04-08,22.06,0.14999999999999858,0.17054517133959857
2015-04-09,21.29,-0.7699999999999996,-0.7494548286603996
2015-04-10,21.29,0.0,0.0205451713396
2015-04-13,21.51,0.22000000000000242,0.2405451713396024
2015-04-14,21.15,-0.360000000000003,-0.339454828660403
2015-04-15,20.82,-0.3299999999999983,-0.3094548286603983
2015-04-16,19.31,-1.5100000000000016,-1.4894548286604015
2015-04-17,20.36,1.0500000000000007,1.0705451713396008
2015-04-20,18.83,-1.5300000000000011,-1.509454828660401
2015-04-21,18.78,-0.04999999999999716,-0.02945482866039716
2015-04-22,18.54,-0.240000000000002,-0.219454828660402
2015-04-23,18.31,-0.23000000000000043,-0.20945482866040044
2015-04-24,18.43,0.120000000000001,0.14054517133960098
2015-04-27,19.15,0.7199999999999989,0.7405451713395989
2015-04-28,18.96,-0.18999999999999773,-0.16945482866039774
2015-04-29,18.88,-0.08000000000000185,-0.059454828660401846
2015-04-30,20.21,1.3300000000000018,1.350545171339602
2015-05-01,19.87,-0.33999999999999986,-0.31945482866039987
2015-05-04,19.59,-0.28000000000000114,-0.25945482866040115
2015-05-05,19.99,0.3999999999999986,0.42054517133959857
2015-05-06,20.7,0.7100000000000009,0.7305451713396008
2015-05-07,20.74,0.03999999999999915,0.06054517133959915
2015-05-08,19.38,-1.3599999999999994,-1.3394548286603993
2015-05-11,18.68,-0.6999999999999993,-0.6794548286603993
2015-05-12,19.09,0.41000000000000014,0.43054517133960013
2015-05-13,18.26,-0.8299999999999983,-0.8094548286603983
2015-05-14,18.18,-0.08000000000000185,-0.059454828660401846
2015-05-15,17.43,-0.75,-0.7294548286604
2015-05-18,17.73,0.3000000000000007,0.3205451713396007
2015-05-19,17.47,-0.26000000000000156,-0.23945482866040158
2015-05-20,17.46,-0.00999999999999801,0.010545171339601988
2015-05-21,17.53,0.07000000000000028,0.09054517133960029
2015-05-22,16.52,-1.0100000000000016,-0.9894548286604016
2015-05-26,18.61,2.09,2.1105451713396
2015-05-27,18.04,-0.5700000000000003,-0.5494548286604003
2015-05-28,17.8,-0.23999999999999844,-0.21945482866039845
2015-05-29,18.51,0.7100000000000009,0.7305451713396008
2015-06-01,18.79,0.2799999999999976,0.30054517133959757
2015-06-02,19.52,0.7300000000000004,0.7505451713396004
2015-06-03,19.39,-0.129999999999999,-0.109454828660399
2015-06-04,20.29,0.8999999999999986,0.9205451713395986
2015-06-05,19.85,-0.4399999999999977,-0.41945482866039774
2015-06-08,20.99,1.139999999999997,1.1605451713395971
2015-06-09,21.26,0.2700000000000031,0.2905451713396031
2015-06-10,20.02,-1.240000000000002,-1.219454828660402
2015-06-11,19.74,-0.28000000000000114,-0.25945482866040115
2015-06-12,20.03,0.2900000000000027,0.3105451713396027
2015-06-15,20.95,0.9199999999999982,0.9405451713395981
2015-06-16,20.76,-0.18999999999999773,-0.16945482866039774
2015-06-17,20.55,-0.21000000000000085,-0.18945482866040086
2015-06-18,19.79,-0.7600000000000016,-0.7394548286604016
2015-06-19,19.57,-0.21999999999999886,-0.19945482866039888
2015-06-22,18.52,-1.0500000000000007,-1.0294548286604006
2015-06-23,18.79,0.2699999999999996,0.29054517133959956
2015-06-24,19.76,0.9700000000000024,0.9905451713396024
2015-06-25,20.86,1.0999999999999979,1.120545171339598
2015-06-26,21.01,0.15000000000000213,0.17054517133960212
2015-06-29,25.01,4.0,4.0205451713396
2015-06-30,24.52,-0.490000000000002,-0.469454828660402
2015-07-01,24.14,-0.379999999999999,-0.359454828660399
2015-07-02,24.04,-0.10000000000000142,-0.07945482866040142
2015-07-06,25.06,1.0199999999999996,1.0405451713395997
2015-07-07,25.38,0.3200000000000003,0.34054517133960027
