Date,Values,Delta Calculations,Delta - Mean(-0.006627725856699999)
2010-06-01,31.08, , 
2010-06-02,27.64,-3.4399999999999977,-3.4333722741432977
2010-06-03,27.04,-0.6000000000000014,-0.5933722741433014
2010-06-04,31.56,4.52,4.5266277258567
2010-06-07,32.83,1.2699999999999996,1.2766277258566996
2010-06-08,31.96,-0.8699999999999974,-0.8633722741432974
2010-06-09,30.84,-1.120000000000001,-1.113372274143301
2010-06-10,28.12,-2.719999999999999,-2.713372274143299
2010-06-11,27.19,-0.9299999999999997,-0.9233722741432997
2010-06-14,27.11,-0.08000000000000185,-0.07337227414330184
2010-06-15,25.28,-1.8299999999999983,-1.8233722741432983
2010-06-16,24.69,-0.5899999999999999,-0.5833722741432998
2010-06-17,24.8,0.10999999999999943,0.11662772585669944
2010-06-18,23.95,-0.8500000000000014,-0.8433722741433014
2010-06-21,23.29,-0.6600000000000001,-0.6533722741433001
2010-06-22,24.17,0.8800000000000026,0.8866277258567026
2010-06-23,26.45,2.2799999999999976,2.2866277258566976
2010-06-24,28.47,2.0199999999999996,2.0266277258566996
2010-06-25,28.6,0.13000000000000256,0.13662772585670255
2010-06-28,28.11,-0.490000000000002,-0.48337227414330197
2010-06-29,33.7,5.590000000000003,5.596627725856703
2010-06-30,33.5,-0.20000000000000284,-0.19337227414330285
2010-07-01,34.23,0.7299999999999969,0.7366277258566969
2010-07-02,32.56,-1.6699999999999946,-1.6633722741432946
2010-07-06,31.24,-1.3200000000000038,-1.3133722741433038
2010-07-07,28.11,-3.129999999999999,-3.123372274143299
2010-07-08,26.91,-1.1999999999999993,-1.1933722741432993
2010-07-09,26.23,-0.6799999999999997,-0.6733722741432997
2010-07-12,25.36,-0.870000000000001,-0.863372274143301
2010-07-13,24.98,-0.379999999999999,-0.373372274143299
2010-07-14,25.12,0.14000000000000057,0.14662772585670056
2010-07-15,24.88,-0.240000000000002,-0.233372274143302
2010-07-16,27.16,2.280000000000001,2.286627725856701
2010-07-19,27.06,-0.10000000000000142,-0.09337227414330142
2010-07-20,22.07,-4.989999999999998,-4.983372274143298
2010-07-21,23.07,1.0,1.0066277258567
2010-07-22,21.37,-1.6999999999999993,-1.6933722741432993
2010-07-23,21.01,-0.35999999999999943,-0.3533722741432994
2010-07-26,21.25,0.23999999999999844,0.24662772585669843
2010-07-27,21.53,0.28000000000000114,0.28662772585670115
2010-07-28,21.28,-0.25,-0.2433722741433
2010-07-29,21.53,0.25,0.2566277258567
2010-07-30,21.4,-0.13000000000000256,-0.12337227414330255
2010-08-02,20.61,-0.7899999999999991,-0.7833722741432991
2010-08-03,20.65,0.03999999999999915,0.046627725856699144
2010-08-04,20.51,-0.13999999999999702,-0.13337227414329703
2010-08-05,20.63,0.11999999999999744,0.12662772585669743
2010-08-06,20.66,0.030000000000001137,0.036627725856701134
2010-08-09,20.55,-0.10999999999999943,-0.10337227414329943
2010-08-10,20.87,0.3200000000000003,0.3266277258567003
2010-08-11,22.4,1.5299999999999976,1.5366277258566976
2010-08-12,23.73,1.3300000000000018,1.3366277258567019
2010-08-13,23.96,0.23000000000000043,0.23662772585670042
2010-08-16,23.54,-0.4200000000000017,-0.4133722741433017
2010-08-17,22.9,-0.6400000000000006,-0.6333722741433006
2010-08-18,22.4,-0.5,-0.4933722741433
2010-08-19,23.72,1.3200000000000003,1.3266277258567003
2010-08-20,23.89,0.1700000000000017,0.1766277258567017
2010-08-23,24.01,0.120000000000001,0.12662772585670098
2010-08-24,26.12,2.1099999999999994,2.1166277258566994
2010-08-25,26.24,0.11999999999999744,0.12662772585669743
2010-08-26,27.4,1.1600000000000001,1.1666277258567002
2010-08-27,24.93,-2.469999999999999,-2.463372274143299
2010-08-30,26.17,1.240000000000002,1.246627725856702
2010-08-31,26.64,0.46999999999999886,0.4766277258566989
2010-09-01,24.3,-2.34,-2.3333722741433
2010-09-02,23.97,-0.33000000000000185,-0.32337227414330183
2010-09-03,22.22,-1.75,-1.7433722741433
2010-09-07,24.01,1.7900000000000027,1.7966277258567027
2010-09-08,24.18,0.16999999999999815,0.17662772585669814
2010-09-09,24.15,-0.030000000000001137,-0.023372274143301137
2010-09-10,22.95,-1.1999999999999993,-1.1933722741432993
2010-09-13,22.36,-0.5899999999999999,-0.5833722741432998
2010-09-14,22.73,0.370000000000001,0.376627725856701
2010-09-15,22.38,-0.3500000000000014,-0.3433722741433014
2010-09-16,22.05,-0.3299999999999983,-0.3233722741432983
2010-09-17,22.06,0.00999999999999801,0.01662772585669801
2010-09-20,21.12,-0.9399999999999977,-0.9333722741432977
2010-09-21,21.06,-0.060000000000002274,-0.05337227414330228
2010-09-22,22.07,1.0100000000000016,1.0166277258567016
2010-09-23,22.54,0.46999999999999886,0.4766277258566989
2010-09-24,21.65,-0.8900000000000006,-0.8833722741433006
2010-09-27,22.67,1.0200000000000031,1.0266277258567031
2010-09-28,22.66,-0.010000000000001563,-0.003372274143301564
2010-09-29,22.43,-0.23000000000000043,-0.22337227414330044
2010-09-30,22.45,0.019999999999999574,0.026627725856699574
2010-10-01,22.29,-0.16000000000000014,-0.15337227414330015
2010-10-04,23.03,0.740000000000002,0.746627725856702
2010-10-05,22.31,-0.7200000000000024,-0.7133722741433024
2010-10-06,22.59,0.28000000000000114,0.28662772585670115
2010-10-07,22.2,-0.39000000000000057,-0.38337227414330055
2010-10-08,21.69,-0.509999999999998,-0.503372274143298
2010-10-11,21.46,-0.23000000000000043,-0.22337227414330044
2010-10-12,21.5,0.03999999999999915,0.046627725856699144
2010-10-13,21.58,0.0799999999999983,0.0866277258566983
2010-10-14,22.68,1.1000000000000014,1.1066277258567014
2010-10-15,22.97,0.28999999999999915,0.29662772585669916
2010-10-18,25.47,2.5,2.5066277258567
2010-10-19,19.25,-6.219999999999999,-6.213372274143299
2010-10-20,19.31,0.05999999999999872,0.06662772585669872
2010-10-21,19.67,0.360000000000003,0.366627725856703
2010-10-22,19.04,-0.6300000000000026,-0.6233722741433025
2010-10-25,19.82,0.7800000000000011,0.7866277258567012
2010-10-26,19.91,0.08999999999999986,0.09662772585669986
2010-10-27,20.34,0.4299999999999997,0.43662772585669973
2010-10-28,20.79,0.4499999999999993,0.4566277258566993
2010-10-29,20.64,-0.14999999999999858,-0.1433722741432986
2010-11-01,20.84,0.1999999999999993,0.20662772585669928
2010-11-02,20.61,-0.23000000000000043,-0.22337227414330044
2010-11-03,20.29,-0.3200000000000003,-0.31337227414330027
2010-11-04,19.37,-0.9199999999999982,-0.9133722741432981
2010-11-05,19.31,-0.060000000000002274,-0.05337227414330228
2010-11-08,19.17,-0.13999999999999702,-0.13337227414329703
2010-11-09,20.02,0.8499999999999979,0.8566277258566979
2010-11-10,19.98,-0.03999999999999915,-0.03337227414329915
2010-11-11,20.3,0.3200000000000003,0.3266277258567003
2010-11-12,21.29,0.9899999999999984,0.9966277258566985
2010-11-15,20.54,-0.75,-0.7433722741433
2010-11-16,21.74,1.1999999999999993,1.2066277258566993
2010-11-17,21.58,-0.16000000000000014,-0.15337227414330015
2010-11-18,20.21,-1.3699999999999974,-1.3633722741432974
2010-11-19,19.68,-0.5300000000000011,-0.5233722741433011
2010-11-22,20.29,0.6099999999999994,0.6166277258566994
2010-11-23,21.33,1.0399999999999991,1.0466277258566992
2010-11-24,19.89,-1.4399999999999977,-1.4333722741432977
2010-11-26,21.71,1.8200000000000003,1.8266277258567003
2010-11-29,23.36,1.6499999999999986,1.6566277258566986
2010-11-30,24.54,1.1799999999999997,1.1866277258566997
2010-12-01,22.65,-1.8900000000000006,-1.8833722741433006
2010-12-02,21.89,-0.759999999999998,-0.753372274143298
2010-12-03,20.89,-1.0,-0.9933722741433
2010-12-06,21.49,0.5999999999999979,0.6066277258566979
2010-12-07,21.69,0.20000000000000284,0.20662772585670283
2010-12-08,21.13,-0.5600000000000023,-0.5533722741433023
2010-12-09,20.99,-0.14000000000000057,-0.13337227414330058
2010-12-10,20.52,-0.46999999999999886,-0.46337227414329885
2010-12-13,20.27,-0.25,-0.2433722741433
2010-12-14,19.74,-0.5300000000000011,-0.5233722741433011
2010-12-15,20.35,0.610000000000003,0.616627725856703
2010-12-16,20.22,-0.13000000000000256,-0.12337227414330255
2010-12-17,19.87,-0.34999999999999787,-0.34337227414329785
2010-12-20,19.78,-0.08999999999999986,-0.08337227414329985
2010-12-21,19.21,-0.5700000000000003,-0.5633722741433003
2010-12-22,19.35,0.14000000000000057,0.14662772585670056
2010-12-23,19.3,-0.05000000000000071,-0.043372274143300714
2010-12-27,20.79,1.4899999999999984,1.4966277258566985
2010-12-28,20.77,-0.019999999999999574,-0.013372274143299574
2010-12-29,20.83,0.05999999999999872,0.06662772585669872
2010-12-30,20.88,0.05000000000000071,0.05662772585670071
2010-12-31,21.19,0.3100000000000023,0.3166277258567023
2011-01-03,21.49,0.29999999999999716,0.3066277258566972
2011-01-04,21.02,-0.46999999999999886,-0.46337227414329885
2011-01-05,21.15,0.129999999999999,0.136627725856699
2011-01-06,21.0,-0.14999999999999858,-0.1433722741432986
2011-01-07,21.29,0.28999999999999915,0.29662772585669916
2011-01-10,21.98,0.6900000000000013,0.6966277258567013
2011-01-11,21.75,-0.23000000000000043,-0.22337227414330044
2011-01-12,20.75,-1.0,-0.9933722741433
2011-01-13,20.55,-0.1999999999999993,-0.1933722741432993
2011-01-14,20.31,-0.240000000000002,-0.233372274143302
2011-01-18,22.35,2.0400000000000027,2.0466277258567027
2011-01-19,17.91,-4.440000000000001,-4.433372274143301
2011-01-20,17.35,-0.5599999999999987,-0.5533722741432987
2011-01-21,16.78,-0.5700000000000003,-0.5633722741433003
2011-01-24,18.84,2.0599999999999987,2.0666277258566987
2011-01-25,18.81,-0.030000000000001137,-0.023372274143301137
2011-01-26,19.11,0.3000000000000007,0.30662772585670073
2011-01-27,18.84,-0.2699999999999996,-0.26337227414329956
2011-01-28,19.64,0.8000000000000007,0.8066277258567007
2011-01-31,19.39,-0.25,-0.2433722741433
2011-02-01,19.12,-0.2699999999999996,-0.26337227414329956
2011-02-02,19.18,0.05999999999999872,0.06662772585669872
2011-02-03,18.95,-0.23000000000000043,-0.22337227414330044
2011-02-04,18.85,-0.09999999999999787,-0.09337227414329786
2011-02-07,18.7,-0.15000000000000213,-0.14337227414330214
2011-02-08,18.71,0.010000000000001563,0.016627725856701563
2011-02-09,19.38,0.6699999999999982,0.6766277258566982
2011-02-10,19.36,-0.019999999999999574,-0.013372274143299574
2011-02-11,19.51,0.15000000000000213,0.15662772585670212
2011-02-14,19.31,-0.20000000000000284,-0.19337227414330285
2011-02-15,19.16,-0.14999999999999858,-0.1433722741432986
2011-02-16,18.63,-0.5300000000000011,-0.5233722741433011
2011-02-17,19.05,0.4200000000000017,0.4266277258567017
2011-02-18,18.91,-0.14000000000000057,-0.13337227414330058
2011-02-22,21.22,2.3099999999999987,2.3166277258566987
2011-02-23,22.03,0.8100000000000023,0.8166277258567023
2011-02-24,22.34,0.3099999999999987,0.31662772585669874
2011-02-25,21.38,-0.9600000000000009,-0.9533722741433008
2011-02-28,21.57,0.19000000000000128,0.19662772585670127
2011-03-01,22.44,0.870000000000001,0.876627725856701
2011-03-02,21.67,-0.7699999999999996,-0.7633722741432996
2011-03-03,20.3,-1.370000000000001,-1.363372274143301
2011-03-04,21.53,1.2300000000000004,1.2366277258567004
2011-03-07,23.26,1.7300000000000004,1.7366277258567004
2011-03-08,22.16,-1.1000000000000014,-1.0933722741433014
2011-03-09,21.88,-0.28000000000000114,-0.2733722741433011
2011-03-10,24.61,2.7300000000000004,2.7366277258567004
2011-03-11,23.44,-1.1699999999999982,-1.1633722741432981
2011-03-14,23.63,0.18999999999999773,0.19662772585669772
2011-03-15,26.04,2.41,2.4166277258567
2011-03-16,31.03,4.990000000000002,4.996627725856702
2011-03-17,28.39,-2.6400000000000006,-2.6333722741433006
2011-03-18,26.24,-2.150000000000002,-2.143372274143302
2011-03-21,23.52,-2.719999999999999,-2.713372274143299
2011-03-22,22.68,-0.8399999999999999,-0.8333722741432998
2011-03-23,21.86,-0.8200000000000003,-0.8133722741433003
2011-03-24,21.73,-0.129999999999999,-0.123372274143299
2011-03-25,21.22,-0.5100000000000016,-0.5033722741433015
2011-03-28,22.12,0.9000000000000021,0.9066277258567021
2011-03-29,21.65,-0.4700000000000024,-0.4633722741433024
2011-03-30,21.26,-0.389999999999997,-0.383372274143297
2011-03-31,21.08,-0.18000000000000327,-0.17337227414330328
2011-04-01,20.65,-0.4299999999999997,-0.4233722741432997
2011-04-04,21.12,0.4700000000000024,0.47662772585670243
2011-04-05,21.02,-0.10000000000000142,-0.09337227414330142
2011-04-06,20.79,-0.23000000000000043,-0.22337227414330044
2011-04-07,21.2,0.41000000000000014,0.41662772585670016
2011-04-08,21.04,-0.16000000000000014,-0.15337227414330015
2011-04-11,21.01,-0.029999999999997584,-0.023372274143297584
2011-04-12,21.29,0.2799999999999976,0.2866277258566976
2011-04-13,20.72,-0.5700000000000003,-0.5633722741433003
2011-04-14,21.13,0.41000000000000014,0.41662772585670016
2011-04-15,20.65,-0.4800000000000004,-0.4733722741433004
2011-04-18,22.65,2.0,2.0066277258567
2011-04-19,22.85,0.20000000000000284,0.20662772585670283
2011-04-20,17.64,-5.210000000000001,-5.203372274143301
2011-04-21,16.68,-0.9600000000000009,-0.9533722741433008
2011-04-25,17.26,0.5800000000000018,0.5866277258567019
2011-04-26,17.41,0.14999999999999858,0.15662772585669857
2011-04-27,17.12,-0.28999999999999915,-0.28337227414329913
2011-04-28,17.29,0.16999999999999815,0.17662772585669814
2011-04-29,17.42,0.13000000000000256,0.13662772585670255
2011-05-02,18.57,1.1499999999999986,1.1566277258566986
2011-05-03,18.65,0.0799999999999983,0.0866277258566983
2011-05-04,19.36,0.7100000000000009,0.7166277258567009
2011-05-05,20.16,0.8000000000000007,0.8066277258567007
2011-05-06,19.16,-1.0,-0.9933722741433
2011-05-09,19.32,0.16000000000000014,0.16662772585670013
2011-05-10,18.43,-0.8900000000000006,-0.8833722741433006
2011-05-11,19.03,0.6000000000000014,0.6066277258567014
2011-05-12,18.74,-0.2900000000000027,-0.2833722741433027
2011-05-13,18.77,0.030000000000001137,0.036627725856701134
2011-05-16,19.79,1.0199999999999996,1.0266277258566996
2011-05-17,20.35,0.5600000000000023,0.5666277258567023
2011-05-18,19.17,-1.1799999999999997,-1.1733722741432997
2011-05-19,18.81,-0.360000000000003,-0.35337227414330297
2011-05-20,18.59,-0.21999999999999886,-0.21337227414329887
2011-05-23,19.59,1.0,1.0066277258567
2011-05-24,19.36,-0.23000000000000043,-0.22337227414330044
2011-05-25,18.53,-0.8299999999999983,-0.8233722741432983
2011-05-26,17.7,-0.8300000000000018,-0.8233722741433018
2011-05-27,17.17,-0.5299999999999976,-0.5233722741432976
2011-05-31,17.14,-0.030000000000001137,-0.023372274143301137
2011-06-01,18.99,1.8499999999999979,1.8566277258566979
2011-06-02,18.88,-0.10999999999999943,-0.10337227414329943
2011-06-03,18.83,-0.05000000000000071,-0.043372274143300714
2011-06-06,19.69,0.860000000000003,0.866627725856703
2011-06-07,19.67,-0.019999999999999574,-0.013372274143299574
2011-06-08,20.02,0.34999999999999787,0.3566277258566979
2011-06-09,19.11,-0.9100000000000001,-0.9033722741433001
2011-06-10,20.68,1.5700000000000003,1.5766277258567003
2011-06-13,20.54,-0.14000000000000057,-0.13337227414330058
2011-06-14,19.15,-1.3900000000000006,-1.3833722741433006
2011-06-15,21.68,2.530000000000001,2.536627725856701
2011-06-16,23.0,1.3200000000000003,1.3266277258567003
2011-06-17,22.02,-0.9800000000000004,-0.9733722741433004
2011-06-20,21.04,-0.9800000000000004,-0.9733722741433004
2011-06-21,20.03,-1.009999999999998,-1.003372274143298
2011-06-22,19.52,-0.5100000000000016,-0.5033722741433015
2011-06-23,19.96,0.4400000000000013,0.4466277258567013
2011-06-24,21.2,1.2399999999999984,1.2466277258566985
2011-06-27,21.61,0.41000000000000014,0.41662772585670016
2011-06-28,20.81,-0.8000000000000007,-0.7933722741433007
2011-06-29,19.81,-1.0,-0.9933722741433
2011-06-30,18.37,-1.4399999999999977,-1.4333722741432977
2011-07-01,17.74,-0.6300000000000026,-0.6233722741433025
2011-07-05,18.59,0.8500000000000014,0.8566277258567014
2011-07-06,19.97,1.379999999999999,1.386627725856699
2011-07-07,20.12,0.15000000000000213,0.15662772585670212
2011-07-08,19.94,-0.17999999999999972,-0.17337227414329973
2011-07-11,21.12,1.1799999999999997,1.1866277258566997
2011-07-12,21.79,0.6699999999999982,0.6766277258566982
2011-07-13,21.31,-0.4800000000000004,-0.4733722741433004
2011-07-14,22.33,1.0199999999999996,1.0266277258566996
2011-07-15,22.01,-0.31999999999999673,-0.3133722741432967
2011-07-18,25.97,3.9599999999999973,3.9666277258566973
2011-07-19,18.77,-7.199999999999999,-7.193372274143299
2011-07-20,18.35,-0.41999999999999815,-0.41337227414329814
2011-07-21,17.71,-0.6400000000000006,-0.6333722741433006
2011-07-22,17.25,-0.46000000000000085,-0.45337227414330084
2011-07-25,18.17,0.9200000000000017,0.9266277258567017
2011-07-26,18.41,0.23999999999999844,0.24662772585669843
2011-07-27,19.8,1.3900000000000006,1.3966277258567006
2011-07-28,20.09,0.28999999999999915,0.29662772585669916
2011-07-29,22.52,2.4299999999999997,2.4366277258566997
2011-08-01,22.72,0.1999999999999993,0.20662772585669928
2011-08-02,24.22,1.5,1.5066277258567
2011-08-03,23.18,-1.0399999999999991,-1.0333722741432991
2011-08-04,30.84,7.66,7.6666277258567
2011-08-05,31.58,0.7399999999999984,0.7466277258566985
2011-08-08,38.41,6.829999999999998,6.836627725856698
2011-08-09,34.31,-4.099999999999994,-4.093372274143294
2011-08-10,40.15,5.839999999999996,5.846627725856696
2011-08-11,36.38,-3.769999999999996,-3.763372274143296
2011-08-12,33.37,-3.010000000000005,-3.003372274143305
2011-08-15,28.46,-4.909999999999997,-4.903372274143297
2011-08-16,29.09,0.629999999999999,0.636627725856699
2011-08-17,27.62,-1.4699999999999989,-1.4633722741432988
2011-08-18,39.1,11.48,11.4866277258567
2011-08-19,44.26,5.159999999999997,5.166627725856697
2011-08-22,42.29,-1.9699999999999989,-1.9633722741432988
2011-08-23,36.3,-5.990000000000002,-5.983372274143302
2011-08-24,34.45,-1.8499999999999943,-1.8433722741432943
2011-08-25,37.68,3.229999999999997,3.236627725856697
2011-08-26,33.98,-3.700000000000003,-3.693372274143303
2011-08-29,31.31,-2.669999999999998,-2.663372274143298
2011-08-30,30.68,-0.629999999999999,-0.623372274143299
2011-08-31,31.35,0.6700000000000017,0.6766277258567017
2011-09-01,31.24,-0.11000000000000298,-0.10337227414330298
2011-09-02,32.94,1.6999999999999993,1.7066277258566993
2011-09-06,35.68,2.740000000000002,2.746627725856702
2011-09-07,33.09,-2.5899999999999963,-2.5833722741432963
2011-09-08,34.21,1.1199999999999974,1.1266277258566975
2011-09-09,38.57,4.359999999999999,4.3666277258566994
2011-09-12,39.82,1.25,1.2566277258567
2011-09-13,36.64,-3.1799999999999997,-3.1733722741432997
2011-09-14,33.94,-2.700000000000003,-2.693372274143303
2011-09-15,31.7,-2.2399999999999984,-2.2333722741432984
2011-09-16,29.81,-1.8900000000000006,-1.8833722741433006
2011-09-19,31.69,1.8800000000000026,1.8866277258567026
2011-09-20,31.26,-0.4299999999999997,-0.4233722741432997
2011-09-21,34.19,2.929999999999996,2.936627725856696
2011-09-22,40.03,5.840000000000003,5.846627725856703
2011-09-23,39.54,-0.490000000000002,-0.48337227414330197
2011-09-26,37.46,-2.0799999999999983,-2.0733722741432983
2011-09-27,35.89,-1.5700000000000003,-1.5633722741433003
2011-09-28,38.75,2.8599999999999994,2.8666277258566994
2011-09-29,39.01,0.259999999999998,0.26662772585669803
2011-09-30,41.91,2.8999999999999986,2.9066277258566986
2011-10-03,44.23,2.3200000000000003,2.3266277258567003
2011-10-04,41.58,-2.6499999999999986,-2.6433722741432986
2011-10-05,37.43,-4.149999999999999,-4.143372274143299
2011-10-06,35.31,-2.1199999999999974,-2.1133722741432974
2011-10-07,34.06,-1.25,-1.2433722741433
2011-10-10,32.69,-1.3700000000000045,-1.3633722741433045
2011-10-11,32.63,-0.05999999999999517,-0.05337227414329517
2011-10-12,31.39,-1.240000000000002,-1.233372274143302
2011-10-13,31.05,-0.33999999999999986,-0.33337227414329984
2011-10-14,30.02,-1.0300000000000011,-1.0233722741433011
2011-10-17,33.33,3.3099999999999987,3.3166277258566987
2011-10-18,28.28,-5.049999999999997,-5.043372274143297
2011-10-19,29.96,1.6799999999999997,1.6866277258566997
2011-10-20,32.07,2.1099999999999994,2.1166277258566994
2011-10-21,28.6,-3.469999999999999,-3.463372274143299
2011-10-24,26.83,-1.7700000000000031,-1.763372274143303
2011-10-25,27.56,0.7300000000000004,0.7366277258567004
2011-10-26,27.26,-0.29999999999999716,-0.29337227414329714
2011-10-27,24.61,-2.650000000000002,-2.643372274143302
2011-10-28,23.04,-1.5700000000000003,-1.5633722741433003
2011-10-31,24.94,1.9000000000000021,1.9066277258567021
2011-11-01,29.56,4.619999999999997,4.6266277258566975
2011-11-02,28.19,-1.3699999999999974,-1.3633722741432974
2011-11-03,25.83,-2.360000000000003,-2.353372274143303
2011-11-04,26.06,0.23000000000000043,0.23662772585670042
2011-11-07,25.88,-0.17999999999999972,-0.17337227414329973
2011-11-08,24.81,-1.0700000000000003,-1.0633722741433003
2011-11-09,30.22,5.41,5.4166277258567
2011-11-10,28.59,-1.629999999999999,-1.623372274143299
2011-11-11,26.25,-2.34,-2.3333722741433
2011-11-14,27.13,0.879999999999999,0.886627725856699
2011-11-15,26.19,-0.9399999999999977,-0.9333722741432977
2011-11-16,27.94,1.75,1.7566277258567
2011-11-17,30.56,2.6199999999999974,2.6266277258566975
2011-11-18,29.01,-1.5499999999999972,-1.5433722741432971
2011-11-21,30.81,1.7999999999999972,1.8066277258566972
2011-11-22,29.52,-1.2899999999999991,-1.2833722741432991
2011-11-23,31.47,1.9499999999999993,1.9566277258566993
2011-11-25,35.49,4.020000000000003,4.026627725856703
2011-11-28,30.2,-5.290000000000003,-5.283372274143303
2011-11-29,30.06,-0.14000000000000057,-0.13337227414330058
2011-11-30,27.27,-2.789999999999999,-2.783372274143299
2011-12-01,26.9,-0.370000000000001,-0.363372274143301
2011-12-02,26.64,-0.259999999999998,-0.253372274143298
2011-12-05,26.36,-0.28000000000000114,-0.2733722741433011
2011-12-06,26.07,-0.28999999999999915,-0.28337227414329913
2011-12-07,26.73,0.6600000000000001,0.6666277258567002
2011-12-08,28.24,1.509999999999998,1.516627725856698
2011-12-09,25.34,-2.8999999999999986,-2.8933722741432986
2011-12-12,25.39,0.05000000000000071,0.05662772585670071
2011-12-13,25.99,0.5999999999999979,0.6066277258566979
2011-12-14,26.44,0.45000000000000284,0.45662772585670286
2011-12-15,25.72,-0.7200000000000024,-0.7133722741433024
2011-12-16,25.84,0.120000000000001,0.12662772585670098
2011-12-19,25.95,0.10999999999999943,0.11662772585669944
2011-12-20,23.81,-2.1400000000000006,-2.1333722741433006
2011-12-21,24.91,1.1000000000000014,1.1066277258567014
2011-12-22,23.84,-1.0700000000000003,-1.0633722741433003
2011-12-23,22.71,-1.129999999999999,-1.123372274143299
2011-12-27,24.04,1.3299999999999983,1.3366277258566983
2011-12-28,24.81,0.7699999999999996,0.7766277258566996
2011-12-29,24.48,-0.3299999999999983,-0.3233722741432983
2011-12-30,25.33,0.8499999999999979,0.8566277258566979
2012-01-03,26.14,0.8100000000000023,0.8166277258567023
2012-01-04,25.8,-0.33999999999999986,-0.33337227414329984
2012-01-05,25.44,-0.35999999999999943,-0.3533722741432994
2012-01-06,24.7,-0.740000000000002,-0.733372274143302
2012-01-09,24.53,-0.16999999999999815,-0.16337227414329816
2012-01-10,24.12,-0.41000000000000014,-0.4033722741433001
2012-01-11,23.54,-0.5800000000000018,-0.5733722741433018
2012-01-12,24.13,0.5899999999999999,0.5966277258566999
2012-01-13,24.04,-0.08999999999999986,-0.08337227414329985
2012-01-17,24.55,0.5100000000000016,0.5166277258567016
2012-01-18,24.88,0.3299999999999983,0.3366277258566983
2012-01-19,25.71,0.8300000000000018,0.8366277258567019
2012-01-20,18.42,-7.289999999999999,-7.283372274143299
2012-01-23,17.91,-0.5100000000000016,-0.5033722741433015
2012-01-24,17.62,-0.28999999999999915,-0.28337227414329913
2012-01-25,18.14,0.5199999999999996,0.5266277258566996
2012-01-26,18.47,0.3299999999999983,0.3366277258566983
2012-01-27,17.88,-0.5899999999999999,-0.5833722741432998
2012-01-30,18.9,1.0199999999999996,1.0266277258566996
2012-01-31,18.68,-0.21999999999999886,-0.21337227414329887
2012-02-01,17.96,-0.7199999999999989,-0.7133722741432988
2012-02-02,18.3,0.33999999999999986,0.3466277258566999
2012-02-03,17.38,-0.9200000000000017,-0.9133722741433017
2012-02-06,17.26,-0.11999999999999744,-0.11337227414329744
2012-02-07,17.14,-0.120000000000001,-0.11337227414330099
2012-02-08,17.18,0.03999999999999915,0.046627725856699144
2012-02-09,18.04,0.8599999999999994,0.8666277258566994
2012-02-10,18.13,0.08999999999999986,0.09662772585669986
2012-02-13,18.24,0.10999999999999943,0.11662772585669944
2012-02-14,18.25,0.010000000000001563,0.016627725856701563
2012-02-15,19.81,1.5599999999999987,1.5666277258566987
2012-02-16,19.43,-0.379999999999999,-0.373372274143299
2012-02-17,18.49,-0.9400000000000013,-0.9333722741433013
2012-02-21,19.64,1.1500000000000021,1.1566277258567021
2012-02-22,19.97,0.3299999999999983,0.3366277258566983
2012-02-23,19.8,-0.16999999999999815,-0.16337227414329816
2012-02-24,20.33,0.5299999999999976,0.5366277258566976
2012-02-27,21.1,0.7700000000000031,0.7766277258567031
2012-02-28,20.48,-0.620000000000001,-0.613372274143301
2012-02-29,21.15,0.6699999999999982,0.6766277258566982
2012-03-01,20.53,-0.6199999999999974,-0.6133722741432974
2012-03-02,20.44,-0.08999999999999986,-0.08337227414329985
2012-03-05,21.1,0.6600000000000001,0.6666277258567002
2012-03-06,22.18,1.0799999999999983,1.0866277258566983
2012-03-07,21.47,-0.7100000000000009,-0.7033722741433008
2012-03-08,20.73,-0.7399999999999984,-0.7333722741432984
2012-03-09,20.08,-0.6500000000000021,-0.6433722741433021
2012-03-12,19.35,-0.7299999999999969,-0.7233722741432969
2012-03-13,18.67,-0.6799999999999997,-0.6733722741432997
2012-03-14,18.7,0.029999999999997584,0.03662772585669758
2012-03-15,18.3,-0.3999999999999986,-0.39337227414329856
2012-03-16,18.78,0.4800000000000004,0.48662772585670044
2012-03-19,20.0,1.2199999999999989,1.2266277258566989
2012-03-20,20.34,0.33999999999999986,0.3466277258566999
2012-03-21,19.78,-0.5599999999999987,-0.5533722741432987
2012-03-22,20.34,0.5599999999999987,0.5666277258566987
2012-03-23,19.21,-1.129999999999999,-1.123372274143299
2012-03-26,19.05,-0.16000000000000014,-0.15337227414330015
2012-03-27,19.35,0.3000000000000007,0.30662772585670073
2012-03-28,19.68,0.3299999999999983,0.3366277258566983
2012-03-29,19.5,-0.17999999999999972,-0.17337227414329973
2012-03-30,19.02,-0.4800000000000004,-0.4733722741433004
2012-04-02,19.52,0.5,0.5066277258567
2012-04-03,20.36,0.8399999999999999,0.8466277258566999
2012-04-04,20.05,-0.3099999999999987,-0.3033722741432987
2012-04-05,19.95,-0.10000000000000142,-0.09337227414330142
2012-04-09,21.27,1.3200000000000003,1.3266277258567003
2012-04-10,22.74,1.4699999999999989,1.4766277258566989
2012-04-11,22.05,-0.6899999999999977,-0.6833722741432977
2012-04-12,20.8,-1.25,-1.2433722741433
2012-04-13,22.0,1.1999999999999993,1.2066277258566993
2012-04-16,22.27,0.2699999999999996,0.2766277258566996
2012-04-17,22.22,-0.05000000000000071,-0.043372274143300714
2012-04-18,18.57,-3.6499999999999986,-3.6433722741432986
2012-04-19,19.32,0.75,0.7566277258567
2012-04-20,17.6,-1.7199999999999989,-1.7133722741432988
2012-04-23,17.53,-0.07000000000000028,-0.06337227414330028
2012-04-24,17.38,-0.15000000000000213,-0.14337227414330214
2012-04-25,16.06,-1.3200000000000003,-1.3133722741433003
2012-04-26,16.02,-0.03999999999999915,-0.03337227414329915
2012-04-27,16.6,0.5800000000000018,0.5866277258567019
2012-04-30,17.25,0.6499999999999986,0.6566277258566986
2012-05-01,16.81,-0.4400000000000013,-0.43337227414330126
2012-05-02,17.21,0.40000000000000213,0.40662772585670215
2012-05-03,17.76,0.5500000000000007,0.5566277258567007
2012-05-04,18.86,1.0999999999999979,1.1066277258566979
2012-05-07,19.23,0.370000000000001,0.376627725856701
2012-05-08,19.45,0.21999999999999886,0.22662772585669885
2012-05-09,20.33,0.879999999999999,0.886627725856699
2012-05-10,20.06,-0.2699999999999996,-0.26337227414329956
2012-05-11,19.69,-0.36999999999999744,-0.3633722741432974
2012-05-14,21.29,1.5999999999999979,1.6066277258566979
2012-05-15,21.12,-0.16999999999999815,-0.16337227414329816
2012-05-16,22.07,0.9499999999999993,0.9566277258566993
2012-05-17,24.05,1.9800000000000004,1.9866277258567004
2012-05-18,25.13,1.0799999999999983,1.0866277258566983
2012-05-21,22.4,-2.7300000000000004,-2.7233722741433004
2012-05-22,22.53,0.13000000000000256,0.13662772585670255
2012-05-23,24.01,1.4800000000000004,1.4866277258567004
2012-05-24,23.55,-0.46000000000000085,-0.45337227414330084
2012-05-25,23.21,-0.33999999999999986,-0.33337227414329984
2012-05-29,23.83,0.6199999999999974,0.6266277258566975
2012-05-30,24.8,0.9700000000000024,0.9766277258567024
2012-05-31,25.76,0.9600000000000009,0.9666277258567009
2012-06-01,27.64,1.879999999999999,1.886627725856699
2012-06-04,27.72,0.0799999999999983,0.0866277258566983
2012-06-05,26.18,-1.5399999999999991,-1.5333722741432991
2012-06-06,23.61,-2.5700000000000003,-2.5633722741433003
2012-06-07,23.16,-0.4499999999999993,-0.44337227414329927
2012-06-08,22.11,-1.0500000000000007,-1.0433722741433007
2012-06-11,23.22,1.1099999999999994,1.1166277258566994
2012-06-12,22.87,-0.34999999999999787,-0.34337227414329785
2012-06-13,24.0,1.129999999999999,1.136627725856699
2012-06-14,23.19,-0.8099999999999987,-0.8033722741432987
2012-06-15,21.55,-1.6400000000000006,-1.6333722741433006
2012-06-18,21.05,-0.5,-0.4933722741433
2012-06-19,20.79,-0.26000000000000156,-0.25337227414330155
2012-06-20,20.47,-0.3200000000000003,-0.31337227414330027
2012-06-21,22.86,2.3900000000000006,2.3966277258567006
2012-06-22,21.41,-1.4499999999999993,-1.4433722741432993
2012-06-25,22.87,1.4600000000000009,1.4666277258567009
2012-06-26,22.96,0.08999999999999986,0.09662772585669986
2012-06-27,23.21,0.25,0.2566277258567
2012-06-28,24.17,0.9600000000000009,0.9666277258567009
2012-06-29,22.1,-2.0700000000000003,-2.0633722741433003
2012-07-02,22.14,0.03999999999999915,0.046627725856699144
2012-07-03,21.86,-0.28000000000000114,-0.2733722741433011
2012-07-05,22.47,0.6099999999999994,0.6166277258566994
2012-07-06,24.01,1.5400000000000027,1.5466277258567027
2012-07-09,25.81,1.7999999999999972,1.8066277258566972
2012-07-10,27.01,1.2000000000000028,1.2066277258567029
2012-07-11,26.8,-0.21000000000000085,-0.20337227414330086
2012-07-12,27.12,0.3200000000000003,0.3266277258567003
2012-07-13,25.81,-1.3100000000000023,-1.3033722741433023
2012-07-16,25.74,-0.07000000000000028,-0.06337227414330028
2012-07-17,25.95,0.21000000000000085,0.21662772585670084
2012-07-18,24.83,-1.120000000000001,-1.113372274143301
2012-07-19,18.45,-6.379999999999999,-6.373372274143299
2012-07-20,18.76,0.3100000000000023,0.3166277258567023
2012-07-23,20.3,1.5399999999999991,1.5466277258566992
2012-07-24,20.7,0.3999999999999986,0.4066277258566986
2012-07-25,20.72,0.019999999999999574,0.026627725856699574
2012-07-26,19.51,-1.2099999999999973,-1.2033722741432973
2012-07-27,19.04,-0.4700000000000024,-0.4633722741433024
2012-07-30,19.5,0.46000000000000085,0.46662772585670087
2012-07-31,19.85,0.3500000000000014,0.35662772585670144
2012-08-01,19.71,-0.14000000000000057,-0.13337227414330058
2012-08-02,19.95,0.23999999999999844,0.24662772585669843
2012-08-03,18.42,-1.5299999999999976,-1.5233722741432976
2012-08-06,18.47,0.04999999999999716,0.056627725856697154
2012-08-07,17.94,-0.5299999999999976,-0.5233722741432976
2012-08-08,17.4,-0.5400000000000027,-0.5333722741433027
2012-08-09,17.4,0.0,0.006627725856699999
2012-08-10,16.48,-0.9199999999999982,-0.9133722741432981
2012-08-13,13.58,-2.9000000000000004,-2.8933722741433003
2012-08-14,15.03,1.4499999999999993,1.4566277258566993
2012-08-15,14.76,-0.2699999999999996,-0.26337227414329956
2012-08-16,15.53,0.7699999999999996,0.7766277258566996
2012-08-17,14.42,-1.1099999999999994,-1.1033722741432994
2012-08-20,15.41,0.9900000000000002,0.9966277258567002
2012-08-21,16.22,0.8099999999999987,0.8166277258566987
2012-08-22,16.55,0.33000000000000185,0.33662772585670186
2012-08-23,16.98,0.4299999999999997,0.43662772585669973
2012-08-24,16.96,-0.019999999999999574,-0.013372274143299574
2012-08-27,18.17,1.2100000000000009,1.2166277258567009
2012-08-28,18.68,0.509999999999998,0.516627725856698
2012-08-29,18.54,-0.14000000000000057,-0.13337227414330058
2012-08-30,20.05,1.5100000000000016,1.5166277258567016
2012-08-31,19.43,-0.620000000000001,-0.613372274143301
2012-09-04,21.28,1.8500000000000014,1.8566277258567014
2012-09-05,20.81,-0.4700000000000024,-0.4633722741433024
2012-09-06,19.05,-1.759999999999998,-1.753372274143298
2012-09-07,18.2,-0.8500000000000014,-0.8433722741433014
2012-09-10,18.67,0.4700000000000024,0.47662772585670243
2012-09-11,18.72,0.04999999999999716,0.056627725856697154
2012-09-12,18.61,-0.10999999999999943,-0.10337227414329943
2012-09-13,18.0,-0.6099999999999994,-0.6033722741432994
2012-09-14,18.27,0.2699999999999996,0.2766277258566996
2012-09-17,19.05,0.7800000000000011,0.7866277258567012
2012-09-18,19.04,-0.010000000000001563,-0.003372274143301564
2012-09-19,18.82,-0.21999999999999886,-0.21337227414329887
2012-09-20,19.29,0.46999999999999886,0.4766277258566989
2012-09-21,18.58,-0.7100000000000009,-0.7033722741433008
2012-09-24,18.86,0.28000000000000114,0.28662772585670115
2012-09-25,19.44,0.5800000000000018,0.5866277258567019
2012-09-26,20.52,1.0799999999999983,1.0866277258566983
2012-09-27,20.09,-0.4299999999999997,-0.4233722741432997
2012-09-28,20.36,0.2699999999999996,0.2766277258566996
2012-10-01,20.78,0.4200000000000017,0.4266277258567017
2012-10-02,20.51,-0.2699999999999996,-0.26337227414329956
2012-10-03,20.6,0.08999999999999986,0.09662772585669986
2012-10-04,21.12,0.5199999999999996,0.5266277258566996
2012-10-05,20.99,-0.13000000000000256,-0.12337227414330255
2012-10-08,21.68,0.6900000000000013,0.6966277258567013
2012-10-09,22.66,0.9800000000000004,0.9866277258567004
2012-10-10,22.96,0.3000000000000007,0.30662772585670073
2012-10-11,22.81,-0.15000000000000213,-0.14337227414330214
2012-10-12,22.53,-0.2799999999999976,-0.27337227414329757
2012-10-15,21.7,-0.8300000000000018,-0.8233722741433018
2012-10-16,19.88,-1.8200000000000003,-1.8133722741433003
2012-10-17,17.43,-2.4499999999999993,-2.4433722741432993
2012-10-18,19.18,1.75,1.7566277258567
2012-10-19,19.76,0.5800000000000018,0.5866277258567019
2012-10-22,19.04,-0.7200000000000024,-0.7133722741433024
2012-10-23,20.68,1.6400000000000006,1.6466277258567006
2012-10-24,20.34,-0.33999999999999986,-0.33337227414329984
2012-10-25,19.76,-0.5799999999999983,-0.5733722741432983
2012-10-26,19.67,-0.08999999999999986,-0.08337227414329985
2012-10-31,19.98,0.3099999999999987,0.31662772585669874
2012-11-01,18.51,-1.4699999999999989,-1.4633722741432988
2012-11-02,19.23,0.7199999999999989,0.7266277258566989
2012-11-05,19.64,0.41000000000000014,0.41662772585670016
2012-11-06,19.6,-0.03999999999999915,-0.03337227414329915
2012-11-07,20.49,0.889999999999997,0.896627725856697
2012-11-08,20.85,0.360000000000003,0.366627725856703
2012-11-09,20.82,-0.030000000000001137,-0.023372274143301137
2012-11-12,19.58,-1.240000000000002,-1.233372274143302
2012-11-13,19.2,-0.379999999999999,-0.373372274143299
2012-11-14,19.7,0.5,0.5066277258567
2012-11-15,19.09,-0.6099999999999994,-0.6033722741432994
2012-11-16,18.76,-0.3299999999999983,-0.3233722741432983
2012-11-19,16.91,-1.8500000000000014,-1.8433722741433014
2012-11-20,17.26,0.3500000000000014,0.35662772585670144
2012-11-21,16.83,-0.43000000000000327,-0.42337227414330325
2012-11-23,16.83,0.0,0.006627725856699999
2012-11-26,17.36,0.5300000000000011,0.5366277258567012
2012-11-27,17.4,0.03999999999999915,0.046627725856699144
2012-11-28,17.37,-0.029999999999997584,-0.023372274143297584
2012-11-29,17.42,0.05000000000000071,0.05662772585670071
2012-11-30,17.7,0.2799999999999976,0.2866277258566976
2012-12-03,18.51,0.8100000000000023,0.8166277258567023
2012-12-04,18.54,0.029999999999997584,0.03662772585669758
2012-12-05,18.45,-0.08999999999999986,-0.08337227414329985
2012-12-06,18.37,-0.0799999999999983,-0.07337227414329829
2012-12-07,18.09,-0.28000000000000114,-0.2733722741433011
2012-12-10,18.28,0.19000000000000128,0.19662772585670127
2012-12-11,17.52,-0.7600000000000016,-0.7533722741433015
2012-12-12,17.78,0.26000000000000156,0.2666277258567016
2012-12-13,18.44,0.6600000000000001,0.6666277258567002
2012-12-14,18.76,0.3200000000000003,0.3266277258567003
2012-12-17,18.04,-0.7200000000000024,-0.7133722741433024
2012-12-18,18.68,0.6400000000000006,0.6466277258567006
2012-12-19,19.32,0.6400000000000006,0.6466277258567006
2012-12-20,19.93,0.6099999999999994,0.6166277258566994
2012-12-21,20.37,0.4400000000000013,0.4466277258567013
2012-12-24,20.37,0.0,0.006627725856699999
2012-12-26,20.95,0.5799999999999983,0.5866277258566983
2012-12-27,21.05,0.10000000000000142,0.10662772585670142
2012-12-28,22.14,1.0899999999999999,1.0966277258566999
2012-12-31,21.88,-0.26000000000000156,-0.25337227414330155
2013-01-02,19.16,-2.719999999999999,-2.713372274143299
2013-01-03,19.72,0.5599999999999987,0.5666277258566987
2013-01-04,20.04,0.3200000000000003,0.3266277258567003
2013-01-07,20.59,0.5500000000000007,0.5566277258567007
2013-01-08,20.51,-0.0799999999999983,-0.07337227414329829
2013-01-09,20.39,-0.120000000000001,-0.11337227414330099
2013-01-10,20.42,0.030000000000001137,0.036627725856701134
2013-01-11,21.26,0.8399999999999999,0.8466277258566999
2013-01-14,22.46,1.1999999999999993,1.2066277258566993
2013-01-15,22.29,-0.1700000000000017,-0.16337227414330172
2013-01-16,23.01,0.7200000000000024,0.7266277258567024
2013-01-17,23.09,0.0799999999999983,0.0866277258566983
2013-01-18,23.29,0.1999999999999993,0.20662772585669928
2013-01-22,24.99,1.6999999999999993,1.7066277258566993
2013-01-23,14.77,-10.219999999999999,-10.2133722741433
2013-01-24,15.26,0.4900000000000002,0.49662772585670023
2013-01-25,14.95,-0.3100000000000005,-0.3033722741433005
2013-01-28,15.98,1.0300000000000011,1.0366277258567012
2013-01-29,15.75,-0.23000000000000043,-0.22337227414330044
2013-01-30,15.94,0.1899999999999995,0.1966277258566995
2013-01-31,15.83,-0.10999999999999943,-0.10337227414329943
2013-02-01,15.17,-0.6600000000000001,-0.6533722741433001
2013-02-04,16.28,1.1100000000000012,1.1166277258567012
2013-02-05,16.21,-0.07000000000000028,-0.06337227414330028
2013-02-06,16.83,0.6199999999999974,0.6266277258566975
2013-02-07,17.21,0.38000000000000256,0.3866277258567026
2013-02-08,16.44,-0.7699999999999996,-0.7633722741432996
2013-02-11,16.66,0.21999999999999886,0.22662772585669885
2013-02-12,16.45,-0.21000000000000085,-0.20337227414330086
2013-02-13,15.88,-0.5699999999999985,-0.5633722741432985
2013-02-14,16.85,0.9700000000000006,0.9766277258567007
2013-02-15,16.35,-0.5,-0.4933722741433
2013-02-19,16.35,0.0,0.006627725856699999
2013-02-20,17.36,1.009999999999998,1.016627725856698
2013-02-21,18.09,0.7300000000000004,0.7366277258567004
2013-02-22,17.31,-0.7800000000000011,-0.7733722741433011
2013-02-25,20.04,2.7300000000000004,2.7366277258567004
2013-02-26,19.31,-0.7300000000000004,-0.7233722741433004
2013-02-27,18.11,-1.1999999999999993,-1.1933722741432993
2013-02-28,18.37,0.26000000000000156,0.2666277258567016
2013-03-01,18.07,-0.3000000000000007,-0.2933722741433007
2013-03-04,18.11,0.03999999999999915,0.046627725856699144
2013-03-05,18.03,-0.0799999999999983,-0.07337227414329829
2013-03-06,17.95,-0.08000000000000185,-0.07337227414330184
2013-03-07,17.56,-0.39000000000000057,-0.38337227414330055
2013-03-08,17.18,-0.379999999999999,-0.373372274143299
2013-03-11,17.71,0.5300000000000011,0.5366277258567012
2013-03-12,17.77,0.05999999999999872,0.06662772585669872
2013-03-13,17.94,0.1700000000000017,0.1766277258567017
2013-03-14,18.16,0.21999999999999886,0.22662772585669885
2013-03-15,18.5,0.33999999999999986,0.3466277258566999
2013-03-18,19.26,0.7600000000000016,0.7666277258567016
2013-03-19,19.82,0.5599999999999987,0.5666277258566987
2013-03-20,19.55,-0.2699999999999996,-0.26337227414329956
2013-03-21,20.66,1.1099999999999994,1.1166277258566994
2013-03-22,20.85,0.19000000000000128,0.19662772585670127
2013-03-25,21.27,0.41999999999999815,0.42662772585669817
2013-03-26,20.1,-1.1699999999999982,-1.1633722741432981
2013-03-27,20.52,0.41999999999999815,0.42662772585669817
2013-03-28,19.82,-0.6999999999999993,-0.6933722741432993
2013-04-01,20.36,0.5399999999999991,0.5466277258566992
2013-04-02,20.61,0.25,0.2566277258567
2013-04-03,21.45,0.8399999999999999,0.8466277258566999
2013-04-04,21.92,0.4700000000000024,0.47662772585670243
2013-04-05,22.08,0.1599999999999966,0.16662772585669658
2013-04-08,22.29,0.21000000000000085,0.21662772585670084
2013-04-09,21.8,-0.48999999999999844,-0.4833722741432984
2013-04-10,21.67,-0.129999999999999,-0.123372274143299
2013-04-11,21.46,-0.21000000000000085,-0.20337227414330086
2013-04-12,21.74,0.2799999999999976,0.2866277258566976
2013-04-15,23.89,2.150000000000002,2.156627725856702
2013-04-16,21.75,-2.1400000000000006,-2.1333722741433006
2013-04-17,23.07,1.3200000000000003,1.3266277258567003
2013-04-18,25.34,2.2699999999999996,2.2766277258566996
2013-04-19,20.38,-4.960000000000001,-4.953372274143301
2013-04-22,19.32,-1.0599999999999987,-1.0533722741432987
2013-04-23,18.16,-1.1600000000000001,-1.1533722741433001
2013-04-24,17.39,-0.7699999999999996,-0.7633722741432996
2013-04-25,17.02,-0.370000000000001,-0.363372274143301
2013-04-26,16.6,-0.41999999999999815,-0.41337227414329814
2013-04-29,16.63,0.029999999999997584,0.03662772585669758
2013-04-30,16.96,0.33000000000000185,0.33662772585670186
2013-05-01,17.22,0.259999999999998,0.26662772585669803
2013-05-02,16.44,-0.7799999999999976,-0.7733722741432976
2013-05-03,16.33,-0.11000000000000298,-0.10337227414330298
2013-05-06,16.65,0.3200000000000003,0.3266277258567003
2013-05-07,16.17,-0.4799999999999969,-0.47337227414329686
2013-05-08,16.13,-0.0400000000000027,-0.0333722741433027
2013-05-09,16.36,0.23000000000000043,0.23662772585670042
2013-05-10,16.28,-0.0799999999999983,-0.07337227414329829
2013-05-13,14.02,-2.2600000000000016,-2.2533722741433015
2013-05-14,14.68,0.6600000000000001,0.6666277258567002
2013-05-15,14.18,-0.5,-0.4933722741433
2013-05-16,15.01,0.8300000000000001,0.8366277258567001
2013-05-17,14.79,-0.22000000000000064,-0.21337227414330065
2013-05-20,16.06,1.2699999999999996,1.2766277258566996
2013-05-21,16.65,0.5899999999999999,0.5966277258566999
2013-05-22,17.2,0.5500000000000007,0.5566277258567007
2013-05-23,17.78,0.5800000000000018,0.5866277258567019
2013-05-24,17.49,-0.2900000000000027,-0.2833722741433027
2013-05-28,18.55,1.0600000000000023,1.0666277258567023
2013-05-29,18.72,0.16999999999999815,0.17662772585669814
2013-05-30,19.4,0.6799999999999997,0.6866277258566997
2013-05-31,19.86,0.46000000000000085,0.46662772585670087
2013-06-03,21.03,1.1700000000000017,1.1766277258567017
2013-06-04,21.19,0.16000000000000014,0.16662772585670013
2013-06-05,22.02,0.8299999999999983,0.8366277258566983
2013-06-06,21.74,-0.28000000000000114,-0.2733722741433011
2013-06-07,20.72,-1.0199999999999996,-1.0133722741432996
2013-06-10,21.59,0.870000000000001,0.876627725856701
2013-06-11,22.26,0.6700000000000017,0.6766277258567017
2013-06-12,23.32,1.0599999999999987,1.0666277258566987
2013-06-13,22.57,-0.75,-0.7433722741433
2013-06-14,22.8,0.23000000000000043,0.23662772585670042
2013-06-17,23.35,0.5500000000000007,0.5566277258567007
2013-06-18,22.87,-0.4800000000000004,-0.4733722741433004
2013-06-19,23.0,0.129999999999999,0.136627725856699
2013-06-20,25.95,2.9499999999999993,2.9566277258566993
2013-06-21,26.13,0.17999999999999972,0.1866277258566997
2013-06-24,26.31,0.17999999999999972,0.1866277258566997
2013-06-25,25.12,-1.1899999999999977,-1.1833722741432977
2013-06-26,24.49,-0.6300000000000026,-0.6233722741433025
2013-06-27,23.77,-0.7199999999999989,-0.7133722741432988
2013-06-28,26.87,3.1000000000000014,3.1066277258567014
2013-07-01,26.85,-0.019999999999999574,-0.013372274143299574
2013-07-02,26.58,-0.2700000000000031,-0.2633722741433031
2013-07-03,26.57,-0.00999999999999801,-0.0033722741432980112
2013-07-05,25.89,-0.6799999999999997,-0.6733722741432997
2013-07-08,25.87,-0.019999999999999574,-0.013372274143299574
2013-07-09,26.03,0.16000000000000014,0.16662772585670013
2013-07-10,25.18,-0.8500000000000014,-0.8433722741433014
2013-07-11,24.8,-0.379999999999999,-0.373372274143299
2013-07-12,24.88,0.0799999999999983,0.0866277258566983
2013-07-15,25.04,0.16000000000000014,0.16662772585670013
2013-07-16,24.86,-0.17999999999999972,-0.17337227414329973
2013-07-17,25.31,0.4499999999999993,0.4566277258566993
2013-07-18,17.12,-8.189999999999998,-8.183372274143299
2013-07-19,17.65,0.5299999999999976,0.5366277258566976
2013-07-22,17.17,-0.4799999999999969,-0.47337227414329686
2013-07-23,16.96,-0.21000000000000085,-0.20337227414330086
2013-07-24,16.7,-0.26000000000000156,-0.25337227414330155
2013-07-25,16.33,-0.370000000000001,-0.363372274143301
2013-07-26,16.33,0.0,0.006627725856699999
2013-07-29,16.81,0.4800000000000004,0.48662772585670044
2013-07-30,16.83,0.019999999999999574,0.026627725856699574
2013-07-31,16.87,0.0400000000000027,0.0466277258567027
2013-08-01,16.4,-0.4700000000000024,-0.4633722741433024
2013-08-02,16.44,0.0400000000000027,0.0466277258567027
2013-08-05,16.35,-0.08999999999999986,-0.08337227414329985
2013-08-06,17.48,1.129999999999999,1.136627725856699
2013-08-07,17.62,0.14000000000000057,0.14662772585670056
2013-08-08,17.75,0.129999999999999,0.136627725856699
2013-08-09,17.63,-0.120000000000001,-0.11337227414330099
2013-08-12,14.78,-2.8499999999999996,-2.8433722741432996
2013-08-13,14.74,-0.03999999999999915,-0.03337227414329915
2013-08-14,15.15,0.41000000000000014,0.41662772585670016
2013-08-15,16.01,0.8600000000000012,0.8666277258567012
2013-08-16,15.83,-0.1800000000000015,-0.1733722741433015
2013-08-19,17.17,1.3400000000000016,1.3466277258567017
2013-08-20,16.89,-0.28000000000000114,-0.2733722741433011
2013-08-21,17.29,0.3999999999999986,0.4066277258566986
2013-08-22,17.1,-0.18999999999999773,-0.18337227414329774
2013-08-23,16.82,-0.28000000000000114,-0.2733722741433011
2013-08-26,18.19,1.370000000000001,1.376627725856701
2013-08-27,19.71,1.5199999999999996,1.5266277258566996
2013-08-28,20.06,0.34999999999999787,0.3566277258566979
2013-08-29,20.25,0.19000000000000128,0.19662772585670127
2013-08-30,20.69,0.4400000000000013,0.4466277258567013
2013-09-03,21.26,0.5700000000000003,0.5766277258567003
2013-09-04,21.35,0.08999999999999986,0.09662772585669986
2013-09-05,20.83,-0.5200000000000031,-0.5133722741433031
2013-09-06,21.03,0.20000000000000284,0.20662772585670283
2013-09-09,21.17,0.14000000000000057,0.14662772585670056
2013-09-10,20.49,-0.6800000000000033,-0.6733722741433033
2013-09-11,20.22,-0.2699999999999996,-0.26337227414329956
2013-09-12,20.3,0.08000000000000185,0.08662772585670185
2013-09-13,20.1,-0.1999999999999993,-0.1933722741432993
2013-09-16,20.94,0.8399999999999999,0.8466277258566999
2013-09-17,20.92,-0.019999999999999574,-0.013372274143299574
2013-09-18,20.44,-0.4800000000000004,-0.4733722741433004
2013-09-19,20.25,-0.19000000000000128,-0.1833722741433013
2013-09-20,20.31,0.05999999999999872,0.06662772585669872
2013-09-23,20.52,0.21000000000000085,0.21662772585670084
2013-09-24,21.0,0.4800000000000004,0.48662772585670044
2013-09-25,21.28,0.28000000000000114,0.28662772585670115
2013-09-26,21.62,0.33999999999999986,0.3466277258566999
2013-09-27,22.61,0.9899999999999984,0.9966277258566985
2013-09-30,23.5,0.8900000000000006,0.8966277258567006
2013-10-01,22.95,-0.5500000000000007,-0.5433722741433007
2013-10-02,23.78,0.8300000000000018,0.8366277258567019
2013-10-03,24.31,0.5299999999999976,0.5366277258566976
2013-10-04,24.43,0.120000000000001,0.12662772585670098
2013-10-07,25.52,1.0899999999999999,1.0966277258566999
2013-10-08,28.04,2.5199999999999996,2.5266277258566996
2013-10-09,28.51,0.4700000000000024,0.47662772585670243
2013-10-10,26.48,-2.030000000000001,-2.023372274143301
2013-10-11,24.22,-2.2600000000000016,-2.2533722741433015
2013-10-14,25.12,0.9000000000000021,0.9066277258567021
2013-10-15,26.89,1.7699999999999996,1.7766277258566996
2013-10-16,25.65,-1.240000000000002,-1.233372274143302
2013-10-17,20.62,-5.029999999999998,-5.023372274143298
2013-10-18,19.38,-1.240000000000002,-1.233372274143302
2013-10-21,18.85,-0.5299999999999976,-0.5233722741432976
2013-10-22,17.78,-1.0700000000000003,-1.0633722741433003
2013-10-23,17.41,-0.370000000000001,-0.363372274143301
2013-10-24,16.9,-0.5100000000000016,-0.5033722741433015
2013-10-25,16.91,0.010000000000001563,0.016627725856701563
2013-10-28,16.95,0.03999999999999915,0.046627725856699144
2013-10-29,16.87,-0.0799999999999983,-0.07337227414329829
2013-10-30,16.81,-0.060000000000002274,-0.05337227414330228
2013-10-31,16.75,-0.05999999999999872,-0.053372274143298724
2013-11-01,16.75,0.0,0.006627725856699999
2013-11-04,16.66,-0.08999999999999986,-0.08337227414329985
2013-11-05,16.69,0.030000000000001137,0.036627725856701134
2013-11-06,16.31,-0.38000000000000256,-0.37337227414330254
2013-11-07,17.27,0.9600000000000009,0.9666277258567009
2013-11-08,17.3,0.030000000000001137,0.036627725856701134
2013-11-11,15.81,-1.4900000000000002,-1.4833722741433002
2013-11-12,16.18,0.3699999999999992,0.37662772585669924
2013-11-13,16.18,0.0,0.006627725856699999
2013-11-14,16.37,0.19000000000000128,0.19662772585670127
2013-11-15,15.92,-0.45000000000000107,-0.44337227414330105
2013-11-18,15.77,-0.15000000000000036,-0.14337227414330037
2013-11-19,15.75,-0.019999999999999574,-0.013372274143299574
2013-11-20,15.84,0.08999999999999986,0.09662772585669986
2013-11-21,16.13,0.28999999999999915,0.29662772585669916
2013-11-22,17.58,1.4499999999999993,1.4566277258566993
2013-11-25,18.57,0.990000000000002,0.996627725856702
2013-11-26,18.37,-0.1999999999999993,-0.1933722741432993
2013-11-27,17.41,-0.9600000000000009,-0.9533722741433008
2013-11-29,18.01,0.6000000000000014,0.6066277258567014
2013-12-02,18.76,0.75,0.7566277258567
2013-12-03,19.01,0.25,0.2566277258567
2013-12-04,19.54,0.5299999999999976,0.5366277258566976
2013-12-05,19.53,-0.00999999999999801,-0.0033722741432980112
2013-12-06,19.02,-0.5100000000000016,-0.5033722741433015
2013-12-09,19.32,0.3000000000000007,0.30662772585670073
2013-12-10,19.15,-0.1700000000000017,-0.16337227414330172
2013-12-11,19.56,0.41000000000000014,0.41662772585670016
2013-12-12,20.26,0.7000000000000028,0.7066277258567029
2013-12-13,20.63,0.36999999999999744,0.37662772585669746
2013-12-16,20.22,-0.41000000000000014,-0.4033722741433001
2013-12-17,20.71,0.490000000000002,0.496627725856702
2013-12-18,19.08,-1.6300000000000026,-1.6233722741433025
2013-12-19,18.64,-0.4399999999999977,-0.4333722741432977
2013-12-20,17.87,-0.7699999999999996,-0.7633722741432996
2013-12-23,18.2,0.3299999999999983,0.3366277258566983
2013-12-24,18.02,-0.17999999999999972,-0.17337227414329973
2013-12-26,18.64,0.620000000000001,0.626627725856701
2013-12-27,19.28,0.6400000000000006,0.6466277258567006
2013-12-30,19.66,0.379999999999999,0.386627725856699
2013-12-31,19.86,0.1999999999999993,0.20662772585669928
2014-01-02,20.57,0.7100000000000009,0.7166277258567009
2014-01-03,20.33,-0.240000000000002,-0.233372274143302
2014-01-06,20.62,0.2900000000000027,0.2966277258567027
2014-01-07,20.51,-0.10999999999999943,-0.10337227414329943
2014-01-08,21.29,0.7799999999999976,0.7866277258566976
2014-01-09,21.16,-0.129999999999999,-0.123372274143299
2014-01-10,21.26,0.10000000000000142,0.10662772585670142
2014-01-13,23.76,2.5,2.5066277258567
2014-01-14,22.38,-1.3800000000000026,-1.3733722741433025
2014-01-15,23.11,0.7300000000000004,0.7366277258567004
2014-01-16,23.41,0.3000000000000007,0.30662772585670073
2014-01-17,23.92,0.5100000000000016,0.5166277258567016
2014-01-21,24.43,0.509999999999998,0.516627725856698
2014-01-22,16.21,-8.219999999999999,-8.2133722741433
2014-01-23,16.73,0.5199999999999996,0.5266277258566996
2014-01-24,17.72,0.9899999999999984,0.9966277258566985
2014-01-27,18.32,0.6000000000000014,0.6066277258567014
2014-01-28,17.76,-0.5599999999999987,-0.5533722741432987
2014-01-29,19.17,1.4100000000000001,1.4166277258567002
2014-01-30,18.62,-0.5500000000000007,-0.5433722741433007
2014-01-31,19.29,0.6699999999999982,0.6766277258566982
2014-02-03,21.1,1.8100000000000023,1.8166277258567023
2014-02-04,20.18,-0.9200000000000017,-0.9133722741433017
2014-02-05,20.65,0.46999999999999886,0.4766277258566989
2014-02-06,19.77,-0.879999999999999,-0.873372274143299
2014-02-07,17.79,-1.9800000000000004,-1.9733722741433004
2014-02-10,18.0,0.21000000000000085,0.21662772585670084
2014-02-11,16.94,-1.0599999999999987,-1.0533722741432987
2014-02-12,16.75,-0.19000000000000128,-0.1833722741433013
2014-02-13,16.54,-0.21000000000000085,-0.20337227414330086
2014-02-14,16.03,-0.509999999999998,-0.503372274143298
2014-02-18,16.01,-0.019999999999999574,-0.013372274143299574
2014-02-19,16.79,0.7799999999999976,0.7866277258566976
2014-02-20,16.33,-0.46000000000000085,-0.45337227414330084
2014-02-21,17.03,0.7000000000000028,0.7066277258567029
2014-02-24,17.29,0.259999999999998,0.26662772585669803
2014-02-25,17.41,0.120000000000001,0.12662772585670098
2014-02-26,17.46,0.05000000000000071,0.05662772585670071
2014-02-27,17.51,0.05000000000000071,0.05662772585670071
2014-02-28,17.8,0.28999999999999915,0.29662772585669916
2014-03-03,19.26,1.4600000000000009,1.4666277258567009
2014-03-04,18.22,-1.0400000000000027,-1.0333722741433027
2014-03-05,18.49,0.2699999999999996,0.2766277258566996
2014-03-06,18.94,0.45000000000000284,0.45662772585670286
2014-03-07,19.56,0.6199999999999974,0.6266277258566975
2014-03-10,20.56,1.0,1.0066277258567
2014-03-11,20.43,-0.129999999999999,-0.123372274143299
2014-03-12,20.53,0.10000000000000142,0.10662772585670142
2014-03-13,21.36,0.8299999999999983,0.8366277258566983
2014-03-14,21.96,0.6000000000000014,0.6066277258567014
2014-03-17,21.64,-0.3200000000000003,-0.31337227414330027
2014-03-18,21.02,-0.620000000000001,-0.613372274143301
2014-03-19,21.84,0.8200000000000003,0.8266277258567003
2014-03-20,21.48,-0.35999999999999943,-0.3533722741432994
2014-03-21,21.39,-0.08999999999999986,-0.08337227414329985
2014-03-24,21.63,0.23999999999999844,0.24662772585669843
2014-03-25,22.42,0.7900000000000027,0.7966277258567027
2014-03-26,22.48,0.05999999999999872,0.06662772585669872
2014-03-27,23.18,0.6999999999999993,0.7066277258566993
2014-03-28,22.88,-0.3000000000000007,-0.2933722741433007
2014-03-31,22.75,-0.129999999999999,-0.123372274143299
2014-04-01,23.48,0.7300000000000004,0.7366277258567004
2014-04-02,23.44,-0.03999999999999915,-0.03337227414329915
2014-04-03,23.23,-0.21000000000000085,-0.20337227414330086
2014-04-04,23.56,0.3299999999999983,0.3366277258566983
2014-04-07,24.47,0.9100000000000001,0.9166277258567002
2014-04-08,24.17,-0.29999999999999716,-0.29337227414329714
2014-04-09,23.14,-1.0300000000000011,-1.0233722741433011
2014-04-10,23.94,0.8000000000000007,0.8066277258567007
2014-04-11,24.18,0.23999999999999844,0.24662772585669843
2014-04-14,24.28,0.10000000000000142,0.10662772585670142
2014-04-15,23.79,-0.490000000000002,-0.48337227414330197
2014-04-16,22.71,-1.0799999999999983,-1.0733722741432983
2014-04-17,16.92,-5.789999999999999,-5.783372274143299
2014-04-21,16.38,-0.5400000000000027,-0.5333722741433027
2014-04-22,16.19,-0.18999999999999773,-0.18337227414329774
2014-04-23,16.28,0.08999999999999986,0.09662772585669986
2014-04-24,16.56,0.2799999999999976,0.2866277258566976
2014-04-25,16.78,0.22000000000000242,0.2266277258567024
2014-04-28,17.21,0.4299999999999997,0.43662772585669973
2014-04-29,16.73,-0.4800000000000004,-0.4733722741433004
2014-04-30,16.27,-0.46000000000000085,-0.45337227414330084
2014-05-01,16.99,0.7199999999999989,0.7266277258566989
2014-05-02,17.91,0.9200000000000017,0.9266277258567017
2014-05-05,18.04,0.129999999999999,0.136627725856699
2014-05-06,18.26,0.22000000000000242,0.2266277258567024
2014-05-07,18.24,-0.020000000000003126,-0.013372274143303126
2014-05-08,17.58,-0.6600000000000001,-0.6533722741433001
2014-05-09,16.79,-0.7899999999999991,-0.7833722741432991
2014-05-12,14.53,-2.26,-2.2533722741432998
2014-05-13,14.54,0.009999999999999787,0.016627725856699787
2014-05-14,14.16,-0.379999999999999,-0.373372274143299
2014-05-15,15.06,0.9000000000000004,0.9066277258567004
2014-05-16,14.88,-0.17999999999999972,-0.17337227414329973
2014-05-19,14.95,0.06999999999999851,0.07662772585669851
2014-05-20,15.75,0.8000000000000007,0.8066277258567007
2014-05-21,15.08,-0.6699999999999999,-0.6633722741432999
2014-05-22,15.36,0.27999999999999936,0.2866277258566994
2014-05-23,14.94,-0.41999999999999993,-0.4133722741432999
2014-05-27,16.64,1.700000000000001,1.706627725856701
2014-05-28,17.01,0.370000000000001,0.376627725856701
2014-05-29,17.29,0.2799999999999976,0.2866277258566976
2014-05-30,17.13,-0.16000000000000014,-0.15337227414330015
2014-06-02,17.67,0.5400000000000027,0.5466277258567027
2014-06-03,18.13,0.4599999999999973,0.4666277258566973
2014-06-04,18.23,0.10000000000000142,0.10662772585670142
2014-06-05,17.98,-0.25,-0.2433722741433
2014-06-06,18.68,0.6999999999999993,0.7066277258566993
2014-06-09,18.92,0.240000000000002,0.24662772585670198
2014-06-10,19.09,0.16999999999999815,0.17662772585669814
2014-06-11,19.5,0.41000000000000014,0.41662772585670016
2014-06-12,19.64,0.14000000000000057,0.14662772585670056
2014-06-13,19.69,0.05000000000000071,0.05662772585670071
2014-06-16,20.47,0.7799999999999976,0.7866277258566976
2014-06-17,20.17,-0.29999999999999716,-0.29337227414329714
2014-06-18,19.92,-0.25,-0.2433722741433
2014-06-19,20.1,0.17999999999999972,0.1866277258566997
2014-06-20,19.87,-0.23000000000000043,-0.22337227414330044
2014-06-23,20.18,0.3099999999999987,0.31662772585669874
2014-06-24,20.36,0.17999999999999972,0.1866277258566997
2014-06-25,20.97,0.6099999999999994,0.6166277258566994
2014-06-26,20.82,-0.14999999999999858,-0.1433722741432986
2014-06-27,20.39,-0.4299999999999997,-0.4233722741432997
2014-06-30,20.91,0.5199999999999996,0.5266277258566996
2014-07-01,20.53,-0.379999999999999,-0.373372274143299
2014-07-02,20.98,0.4499999999999993,0.4566277258566993
2014-07-03,20.95,-0.030000000000001137,-0.023372274143301137
2014-07-07,21.14,0.19000000000000128,0.19662772585670127
2014-07-08,21.85,0.7100000000000009,0.7166277258567009
2014-07-09,21.97,0.11999999999999744,0.12662772585669743
2014-07-10,22.14,0.1700000000000017,0.1766277258567017
2014-07-11,21.67,-0.46999999999999886,-0.46337227414329885
2014-07-14,21.37,-0.3000000000000007,-0.2933722741433007
2014-07-15,21.06,-0.3100000000000023,-0.30337227414330226
2014-07-16,21.24,0.17999999999999972,0.1866277258566997
2014-07-17,22.64,1.4000000000000021,1.4066277258567021
2014-07-18,15.27,-7.370000000000001,-7.363372274143301
2014-07-21,14.95,-0.3200000000000003,-0.31337227414330027
2014-07-22,15.02,0.07000000000000028,0.07662772585670029
2014-07-23,14.78,-0.2400000000000002,-0.23337227414330022
2014-07-24,14.97,0.19000000000000128,0.19662772585670127
2014-07-25,15.3,0.33000000000000007,0.3366277258567001
2014-07-28,15.46,0.16000000000000014,0.16662772585670013
2014-07-29,15.55,0.08999999999999986,0.09662772585669986
2014-07-30,15.75,0.1999999999999993,0.20662772585669928
2014-07-31,17.28,1.5300000000000011,1.5366277258567012
2014-08-01,18.23,0.9499999999999993,0.9566277258566993
2014-08-04,17.62,-0.6099999999999994,-0.6033722741432994
2014-08-05,18.28,0.6600000000000001,0.6666277258567002
2014-08-06,18.56,0.2799999999999976,0.2866277258566976
2014-08-07,18.95,0.39000000000000057,0.3966277258567006
2014-08-08,18.29,-0.6600000000000001,-0.6533722741433001
2014-08-11,16.18,-2.1099999999999994,-2.1033722741432994
2014-08-12,15.43,-0.75,-0.7433722741433
2014-08-13,14.6,-0.8300000000000001,-0.8233722741433
2014-08-14,14.34,-0.2599999999999998,-0.25337227414329977
2014-08-15,13.94,-0.40000000000000036,-0.39337227414330034
2014-08-18,13.33,-0.6099999999999994,-0.6033722741432994
2014-08-19,13.23,-0.09999999999999964,-0.09337227414329964
2014-08-20,13.4,0.16999999999999993,0.17662772585669992
2014-08-21,13.58,0.17999999999999972,0.1866277258566997
2014-08-22,13.58,0.0,0.006627725856699999
2014-08-25,14.84,1.2599999999999998,1.2666277258566998
2014-08-26,14.87,0.02999999999999936,0.03662772585669936
2014-08-27,15.35,0.4800000000000004,0.48662772585670044
2014-08-28,16.18,0.8300000000000001,0.8366277258567001
2014-08-29,16.44,0.26000000000000156,0.2666277258567016
2014-09-02,17.74,1.2999999999999972,1.3066277258566972
2014-09-03,17.74,0.0,0.006627725856699999
2014-09-04,17.67,-0.06999999999999673,-0.06337227414329673
2014-09-05,17.64,-0.030000000000001137,-0.023372274143301137
2014-09-08,18.53,0.8900000000000006,0.8966277258567006
2014-09-09,18.99,0.4599999999999973,0.4666277258566973
2014-09-10,18.99,0.0,0.006627725856699999
2014-09-11,18.96,-0.029999999999997584,-0.023372274143297584
2014-09-12,18.78,-0.17999999999999972,-0.17337227414329973
2014-09-15,20.54,1.759999999999998,1.766627725856698
2014-09-16,20.14,-0.3999999999999986,-0.39337227414329856
2014-09-17,19.79,-0.3500000000000014,-0.3433722741433014
2014-09-18,19.73,-0.05999999999999872,-0.053372274143298724
2014-09-19,18.71,-1.0199999999999996,-1.0133722741432996
2014-09-22,19.03,0.3200000000000003,0.3266277258567003
2014-09-23,19.62,0.5899999999999999,0.5966277258566999
2014-09-24,19.71,0.08999999999999986,0.09662772585669986
2014-09-25,21.36,1.6499999999999986,1.6566277258566986
2014-09-26,20.36,-1.0,-0.9933722741433
2014-09-29,21.46,1.1000000000000014,1.1066277258567014
2014-09-30,21.36,-0.10000000000000142,-0.09337227414330142
2014-10-01,22.85,1.490000000000002,1.496627725856702
2014-10-02,22.55,-0.3000000000000007,-0.2933722741433007
2014-10-03,19.13,-3.4200000000000017,-3.4133722741433017
2014-10-06,20.03,0.9000000000000021,0.9066277258567021
2014-10-07,21.52,1.4899999999999984,1.4966277258566985
2014-10-08,20.82,-0.6999999999999993,-0.6933722741432993
2014-10-09,22.31,1.4899999999999984,1.4966277258566985
2014-10-10,23.72,1.4100000000000001,1.4166277258567002
2014-10-13,28.49,4.77,4.7766277258567
2014-10-14,27.48,-1.009999999999998,-1.003372274143298
2014-10-15,28.77,1.2899999999999991,1.2966277258566992
2014-10-16,29.61,0.8399999999999999,0.8466277258566999
2014-10-17,25.76,-3.849999999999998,-3.843372274143298
2014-10-20,22.11,-3.650000000000002,-3.643372274143302
2014-10-21,23.43,1.3200000000000003,1.3266277258567003
2014-10-22,23.12,-0.3099999999999987,-0.3033722741432987
2014-10-23,21.79,-1.3300000000000018,-1.3233722741433018
2014-10-24,20.92,-0.8699999999999974,-0.8633722741432974
2014-10-27,20.42,-0.5,-0.4933722741433
2014-10-28,18.41,-2.0100000000000016,-2.0033722741433015
2014-10-29,18.36,-0.05000000000000071,-0.043372274143300714
2014-10-30,18.22,-0.14000000000000057,-0.13337227414330058
2014-10-31,17.81,-0.41000000000000014,-0.4033722741433001
2014-11-03,17.89,0.08000000000000185,0.08662772585670185
2014-11-04,18.04,0.14999999999999858,0.15662772585669857
2014-11-05,17.76,-0.2799999999999976,-0.27337227414329757
2014-11-06,17.62,-0.14000000000000057,-0.13337227414330058
2014-11-07,16.87,-0.75,-0.7433722741433
2014-11-10,16.46,-0.41000000000000014,-0.4033722741433001
2014-11-11,16.15,-0.3100000000000023,-0.30337227414330226
2014-11-12,16.24,0.08999999999999986,0.09662772585669986
2014-11-13,16.09,-0.14999999999999858,-0.1433722741432986
2014-11-14,15.81,-0.27999999999999936,-0.27337227414329934
2014-11-17,16.0,0.1899999999999995,0.1966277258566995
2014-11-18,16.68,0.6799999999999997,0.6866277258566997
2014-11-19,16.76,0.08000000000000185,0.08662772585670185
2014-11-20,16.65,-0.11000000000000298,-0.10337227414330298
2014-11-21,15.95,-0.6999999999999993,-0.6933722741432993
2014-11-24,15.86,-0.08999999999999986,-0.08337227414329985
2014-11-25,15.78,-0.08000000000000007,-0.07337227414330007
2014-11-26,15.78,0.0,0.006627725856699999
2014-11-28,16.02,0.2400000000000002,0.2466277258567002
2014-12-01,16.99,0.9699999999999989,0.9766277258566989
2014-12-02,16.39,-0.5999999999999979,-0.5933722741432979
2014-12-03,16.19,-0.1999999999999993,-0.1933722741432993
2014-12-04,16.45,0.259999999999998,0.26662772585669803
2014-12-05,16.1,-0.34999999999999787,-0.34337227414329785
2014-12-08,17.19,1.0899999999999999,1.0966277258566999
2014-12-09,17.34,0.14999999999999858,0.15662772585669857
2014-12-10,19.69,2.3500000000000014,2.3566277258567014
2014-12-11,19.58,-0.11000000000000298,-0.10337227414330298
2014-12-12,26.32,6.740000000000002,6.746627725856702
2014-12-15,26.98,0.6600000000000001,0.6666277258567002
2014-12-16,26.58,-0.40000000000000213,-0.3933722741433021
2014-12-17,27.64,1.0600000000000023,1.0666277258567023
2014-12-18,24.7,-2.9400000000000013,-2.9333722741433013
2014-12-19,23.05,-1.6499999999999986,-1.6433722741432986
2014-12-22,22.46,-0.5899999999999999,-0.5833722741432998
2014-12-23,22.2,-0.26000000000000156,-0.25337227414330155
2014-12-24,21.81,-0.39000000000000057,-0.38337227414330055
2014-12-26,21.87,0.060000000000002274,0.06662772585670228
2014-12-29,23.41,1.5399999999999991,1.5466277258566992
2014-12-30,23.06,-0.3500000000000014,-0.3433722741433014
2014-12-31,23.85,0.7900000000000027,0.7966277258567027
2015-01-02,24.08,0.22999999999999687,0.23662772585669686
2015-01-05,26.49,2.41,2.4166277258567
2015-01-06,27.62,1.1300000000000026,1.1366277258567026
2015-01-07,27.84,0.21999999999999886,0.22662772585669885
2015-01-08,25.97,-1.870000000000001,-1.863372274143301
2015-01-09,26.51,0.5400000000000027,0.5466277258567027
2015-01-12,29.75,3.2399999999999984,3.2466277258566985
2015-01-13,29.81,0.05999999999999872,0.06662772585669872
2015-01-14,29.98,0.1700000000000017,0.1766277258567017
2015-01-15,30.54,0.5599999999999987,0.5666277258566987
2015-01-16,29.1,-1.4399999999999977,-1.4333722741432977
2015-01-20,28.89,-0.21000000000000085,-0.20337227414330086
2015-01-21,20.75,-8.14,-8.133372274143301
2015-01-22,18.65,-2.1000000000000014,-2.0933722741433014
2015-01-23,18.15,-0.5,-0.4933722741433
2015-01-26,18.71,0.5600000000000023,0.5666277258567023
2015-01-27,20.22,1.509999999999998,1.516627725856698
2015-01-28,21.18,0.9600000000000009,0.9666277258567009
2015-01-29,21.31,0.129999999999999,0.136627725856699
2015-01-30,22.75,1.4400000000000013,1.4466277258567013
2015-02-02,23.27,0.5199999999999996,0.5266277258566996
2015-02-03,21.74,-1.5300000000000011,-1.5233722741433011
2015-02-04,21.85,0.11000000000000298,0.11662772585670299
2015-02-05,21.2,-0.6500000000000021,-0.6433722741433021
2015-02-06,21.19,-0.00999999999999801,-0.0033722741432980112
2015-02-09,22.21,1.0199999999999996,1.0266277258566996
2015-02-10,21.06,-1.1500000000000021,-1.1433722741433021
2015-02-11,21.11,0.05000000000000071,0.05662772585670071
2015-02-12,20.58,-0.5300000000000011,-0.5233722741433011
2015-02-13,19.85,-0.7299999999999969,-0.7233722741432969
2015-02-17,20.05,0.1999999999999993,0.20662772585669928
2015-02-18,19.34,-0.7100000000000009,-0.7033722741433008
2015-02-19,18.58,-0.7600000000000016,-0.7533722741433015
2015-02-20,18.21,-0.36999999999999744,-0.3633722741432974
2015-02-23,18.3,0.08999999999999986,0.09662772585669986
2015-02-24,18.45,0.14999999999999858,0.15662772585669857
2015-02-25,19.44,0.990000000000002,0.996627725856702
2015-02-26,19.26,-0.17999999999999972,-0.17337227414329973
2015-02-27,18.18,-1.0800000000000018,-1.0733722741433018
2015-03-02,19.95,1.7699999999999996,1.7766277258566996
2015-03-03,19.28,-0.6699999999999982,-0.6633722741432981
2015-03-04,19.73,0.4499999999999993,0.4566277258566993
2015-03-05,19.04,-0.6900000000000013,-0.6833722741433013
2015-03-06,20.42,1.3800000000000026,1.3866277258567026
2015-03-09,20.46,0.03999999999999915,0.046627725856699144
2015-03-10,21.29,0.8299999999999983,0.8366277258566983
2015-03-11,21.6,0.3100000000000023,0.3166277258567023
2015-03-12,21.45,-0.15000000000000213,-0.14337227414330214
2015-03-13,22.34,0.8900000000000006,0.8966277258567006
2015-03-16,20.8,-1.5399999999999991,-1.5333722741432991
2015-03-17,20.67,-0.129999999999999,-0.123372274143299
2015-03-18,20.1,-0.5700000000000003,-0.5633722741433003
2015-03-19,19.88,-0.22000000000000242,-0.21337227414330243
2015-03-20,18.71,-1.1699999999999982,-1.1633722741432981
2015-03-23,19.59,0.879999999999999,0.886627725856699
2015-03-24,20.27,0.6799999999999997,0.6866277258566997
2015-03-25,21.78,1.5100000000000016,1.5166277258567016
2015-03-26,22.63,0.8499999999999979,0.8566277258566979
2015-03-27,22.48,-0.14999999999999858,-0.1433722741432986
2015-03-30,22.88,0.3999999999999986,0.4066277258566986
2015-03-31,23.44,0.5600000000000023,0.5666277258567023
2015-04-01,23.9,0.4599999999999973,0.4666277258566973
2015-04-02,24.06,0.16000000000000014,0.16662772585670013
2015-04-06,24.77,0.7100000000000009,0.7166277258567009
2015-04-07,24.64,-0.129999999999999,-0.123372274143299
2015-04-08,24.97,0.3299999999999983,0.3366277258566983
2015-04-09,25.19,0.22000000000000242,0.2266277258567024
2015-04-10,24.7,-0.490000000000002,-0.48337227414330197
2015-04-13,25.66,0.9600000000000009,0.9666277258567009
2015-04-14,25.61,-0.05000000000000071,-0.043372274143300714
2015-04-15,25.39,-0.21999999999999886,-0.21337227414329887
2015-04-16,24.87,-0.5199999999999996,-0.5133722741432996
2015-04-17,24.9,0.029999999999997584,0.03662772585669758
2015-04-20,24.27,-0.629999999999999,-0.623372274143299
2015-04-21,17.79,-6.48,-6.4733722741433
2015-04-22,17.26,-0.5299999999999976,-0.5233722741432976
2015-04-23,17.95,0.6899999999999977,0.6966277258566977
2015-04-24,17.32,-0.629999999999999,-0.623372274143299
2015-04-27,18.19,0.870000000000001,0.876627725856701
2015-04-28,17.88,-0.3100000000000023,-0.30337227414330226
2015-04-29,18.44,0.5600000000000023,0.5666277258567023
2015-04-30,19.91,1.4699999999999989,1.4766277258566989
2015-05-01,18.79,-1.120000000000001,-1.113372274143301
2015-05-04,18.61,-0.17999999999999972,-0.17337227414329973
2015-05-05,19.2,0.5899999999999999,0.5966277258566999
2015-05-06,20.07,0.870000000000001,0.876627725856701
2015-05-07,19.9,-0.1700000000000017,-0.16337227414330172
2015-05-08,18.08,-1.8200000000000003,-1.8133722741433003
2015-05-11,18.73,0.6500000000000021,0.6566277258567021
2015-05-12,18.92,0.19000000000000128,0.19662772585670127
2015-05-13,18.38,-0.5400000000000027,-0.5333722741433027
2015-05-14,17.13,-1.25,-1.2433722741433
2015-05-15,16.88,-0.25,-0.2433722741433
2015-05-18,16.55,-0.3299999999999983,-0.3233722741432983
2015-05-19,16.66,0.10999999999999943,0.11662772585669944
2015-05-20,16.72,0.05999999999999872,0.06662772585669872
2015-05-21,16.43,-0.28999999999999915,-0.28337227414329913
2015-05-22,16.36,-0.07000000000000028,-0.06337227414330028
2015-05-26,18.0,1.6400000000000006,1.6466277258567006
2015-05-27,17.27,-0.7300000000000004,-0.7233722741433004
2015-05-28,17.26,-0.00999999999999801,-0.0033722741432980112
2015-05-29,17.73,0.46999999999999886,0.4766277258566989
2015-06-01,18.18,0.4499999999999993,0.4566277258566993
2015-06-02,18.25,0.07000000000000028,0.07662772585670029
2015-06-03,17.99,-0.26000000000000156,-0.25337227414330155
2015-06-04,18.74,0.75,0.7566277258567
2015-06-05,18.65,-0.08999999999999986,-0.08337227414329985
2015-06-08,20.07,1.4200000000000017,1.4266277258567017
2015-06-09,19.82,-0.25,-0.2433722741433
2015-06-10,18.46,-1.3599999999999994,-1.3533722741432994
2015-06-11,18.28,-0.17999999999999972,-0.17337227414329973
2015-06-12,18.49,0.2099999999999973,0.2166277258566973
2015-06-15,19.33,0.8399999999999999,0.8466277258566999
2015-06-16,20.75,1.4200000000000017,1.4266277258567017
2015-06-17,19.08,-1.6700000000000017,-1.6633722741433017
2015-06-18,18.14,-0.9399999999999977,-0.9333722741432977
2015-06-19,17.29,-0.8500000000000014,-0.8433722741433014
2015-06-22,17.2,-0.08999999999999986,-0.08337227414329985
2015-06-23,17.06,-0.14000000000000057,-0.13337227414330058
2015-06-24,17.53,0.4700000000000024,0.47662772585670243
2015-06-25,18.18,0.6499999999999986,0.6566277258566986
2015-06-26,18.72,0.5399999999999991,0.5466277258566992
2015-06-29,21.96,3.240000000000002,3.246627725856702
2015-06-30,21.75,-0.21000000000000085,-0.20337227414330086
2015-07-01,21.22,-0.5300000000000011,-0.5233722741433011
2015-07-02,21.3,0.08000000000000185,0.08662772585670185
2015-07-06,22.39,1.0899999999999999,1.0966277258566999
2015-07-07,22.57,0.17999999999999972,0.1866277258566997
