Date,Values,Delta Calculations,Delta - Mean(-0.014658671586700001)
2011-03-16,45.97, , 
2011-03-17,44.75,-1.2199999999999989,-1.2053413284132988
2011-03-18,42.3,-2.450000000000003,-2.435341328413303
2011-03-21,40.68,-1.6199999999999974,-1.6053413284132974
2011-03-22,40.36,-0.3200000000000003,-0.3053413284133003
2011-03-23,39.18,-1.1799999999999997,-1.1653413284132996
2011-03-24,40.59,1.4100000000000037,1.4246586715867038
2011-03-25,39.55,-1.0400000000000063,-1.0253413284133062
2011-03-28,39.99,0.44000000000000483,0.4546586715867048
2011-03-29,39.07,-0.9200000000000017,-0.9053413284133017
2011-03-30,38.1,-0.9699999999999989,-0.9553413284132989
2011-03-31,37.77,-0.3299999999999983,-0.3153413284132983
2011-04-01,37.09,-0.6799999999999997,-0.6653413284132997
2011-04-04,36.46,-0.6300000000000026,-0.6153413284133026
2011-04-05,36.48,0.01999999999999602,0.03465867158669602
2011-04-06,36.59,0.11000000000000654,0.12465867158670654
2011-04-07,36.11,-0.480000000000004,-0.465341328413304
2011-04-08,37.08,0.9699999999999989,0.9846586715866988
2011-04-11,40.23,3.1499999999999986,3.1646586715866984
2011-04-12,40.06,-0.1699999999999946,-0.1553413284132946
2011-04-13,39.51,-0.5500000000000043,-0.5353413284133043
2011-04-14,40.42,0.9100000000000037,0.9246586715867037
2011-04-15,41.56,1.1400000000000006,1.1546586715867007
2011-04-18,43.75,2.1899999999999977,2.2046586715866976
2011-04-19,40.56,-3.1899999999999977,-3.175341328413298
2011-04-20,43.06,2.5,2.5146586715867
2011-04-21,47.16,4.099999999999994,4.114658671586694
2011-04-25,54.48,7.32,7.3346586715867
2011-04-26,50.87,-3.6099999999999994,-3.5953413284132996
2011-04-27,52.01,1.1400000000000006,1.1546586715867007
2011-04-28,52.99,0.980000000000004,0.994658671586704
2011-04-29,53.71,0.7199999999999989,0.7346586715866988
2011-05-02,60.46,6.75,6.7646586715867
2011-05-03,60.62,0.1599999999999966,0.1746586715866966
2011-05-04,59.4,-1.2199999999999989,-1.2053413284132988
2011-05-05,72.08,12.68,12.6946586715867
2011-05-06,66.5,-5.579999999999998,-5.565341328413298
2011-05-09,64.29,-2.2099999999999937,-2.195341328413294
2011-05-10,58.53,-5.760000000000005,-5.745341328413305
2011-05-11,60.98,2.4499999999999957,2.4646586715866956
2011-05-12,64.32,3.3399999999999963,3.354658671586696
2011-05-13,63.08,-1.2399999999999949,-1.2253413284132948
2011-05-16,65.99,2.9099999999999966,2.9246586715866965
2011-05-17,60.51,-5.479999999999997,-5.465341328413297
2011-05-18,54.65,-5.859999999999999,-5.8453413284133
2011-05-19,51.57,-3.0799999999999983,-3.0653413284132984
2011-05-20,49.89,-1.6799999999999997,-1.6653413284132996
2011-05-23,48.3,-1.5900000000000034,-1.5753413284133033
2011-05-24,47.67,-0.6299999999999955,-0.6153413284132955
2011-05-25,47.74,0.07000000000000028,0.08465867158670029
2011-05-26,48.34,0.6000000000000014,0.6146586715867014
2011-05-27,47.36,-0.980000000000004,-0.965341328413304
2011-05-31,48.42,1.0600000000000023,1.0746586715867024
2011-06-01,52.74,4.32,4.3346586715867
2011-06-02,52.11,-0.6300000000000026,-0.6153413284133026
2011-06-03,49.9,-2.210000000000001,-2.195341328413301
2011-06-06,50.85,0.9500000000000028,0.9646586715867028
2011-06-07,49.32,-1.5300000000000011,-1.515341328413301
2011-06-08,48.23,-1.0900000000000034,-1.0753413284133033
2011-06-09,46.19,-2.039999999999999,-2.0253413284132993
2011-06-10,46.85,0.6600000000000037,0.6746586715867037
2011-06-13,49.21,2.3599999999999994,2.3746586715866993
2011-06-14,46.15,-3.0600000000000023,-3.0453413284133024
2011-06-15,47.61,1.4600000000000009,1.474658671586701
2011-06-16,46.84,-0.769999999999996,-0.755341328413296
2011-06-17,45.11,-1.730000000000004,-1.715341328413304
2011-06-20,43.51,-1.6000000000000014,-1.5853413284133013
2011-06-21,42.97,-0.5399999999999991,-0.5253413284132992
2011-06-22,41.67,-1.2999999999999972,-1.285341328413297
2011-06-23,42.94,1.269999999999996,1.284658671586696
2011-06-24,42.83,-0.10999999999999943,-0.09534132841329943
2011-06-27,43.93,1.1000000000000014,1.1146586715867015
2011-06-28,42.15,-1.7800000000000011,-1.765341328413301
2011-06-29,38.82,-3.3299999999999983,-3.3153413284132984
2011-06-30,37.45,-1.3699999999999974,-1.3553413284132974
2011-07-01,37.39,-0.060000000000002274,-0.045341328413302275
2011-07-05,38.1,0.7100000000000009,0.7246586715867008
2011-07-06,38.03,-0.07000000000000028,-0.055341328413300285
2011-07-07,36.63,-1.3999999999999986,-1.3853413284132985
2011-07-08,36.06,-0.5700000000000003,-0.5553413284133003
2011-07-11,38.43,2.3699999999999974,2.3846586715866973
2011-07-12,38.06,-0.36999999999999744,-0.35534132841329746
2011-07-13,40.59,2.530000000000001,2.544658671586701
2011-07-14,41.24,0.6499999999999986,0.6646586715866986
2011-07-15,40.83,-0.4100000000000037,-0.3953413284133037
2011-07-18,44.5,3.6700000000000017,3.6846586715867016
2011-07-19,42.83,-1.6700000000000017,-1.6553413284133016
2011-07-20,43.97,1.1400000000000006,1.1546586715867007
2011-07-21,43.92,-0.04999999999999716,-0.03534132841329716
2011-07-22,42.49,-1.4299999999999997,-1.4153413284132996
2011-07-25,43.96,1.4699999999999989,1.484658671586699
2011-07-26,43.47,-0.490000000000002,-0.475341328413302
2011-07-27,44.38,0.9100000000000037,0.9246586715867037
2011-07-28,44.59,0.21000000000000085,0.22465867158670086
2011-07-29,44.48,-0.11000000000000654,-0.09534132841330653
2011-08-01,43.49,-0.9899999999999949,-0.9753413284132949
2011-08-02,43.87,0.37999999999999545,0.39465867158669543
2011-08-03,43.58,-0.28999999999999915,-0.27534132841329917
2011-08-04,50.92,7.340000000000003,7.354658671586703
2011-08-05,51.59,0.6700000000000017,0.6846586715867017
2011-08-08,57.86,6.269999999999996,6.284658671586696
2011-08-09,54.68,-3.1799999999999997,-3.1653413284133
2011-08-10,54.62,-0.060000000000002274,-0.045341328413302275
2011-08-11,52.87,-1.75,-1.7353413284133
2011-08-12,48.46,-4.409999999999997,-4.395341328413297
2011-08-15,45.91,-2.5500000000000043,-2.5353413284133044
2011-08-16,45.69,-0.21999999999999886,-0.20534132841329886
2011-08-17,44.58,-1.1099999999999994,-1.0953413284132993
2011-08-18,46.88,2.3000000000000043,2.314658671586704
2011-08-19,50.28,3.3999999999999986,3.4146586715866984
2011-08-22,53.18,2.8999999999999986,2.9146586715866984
2011-08-23,53.71,0.5300000000000011,0.5446586715867011
2011-08-24,54.93,1.2199999999999989,1.234658671586699
2011-08-25,53.56,-1.3699999999999974,-1.3553413284132974
2011-08-26,49.95,-3.6099999999999994,-3.5953413284132996
2011-08-29,49.97,0.01999999999999602,0.03465867158669602
2011-08-30,50.33,0.35999999999999943,0.3746586715866994
2011-08-31,49.56,-0.769999999999996,-0.755341328413296
2011-09-01,47.32,-2.240000000000002,-2.225341328413302
2011-09-02,47.88,0.5600000000000023,0.5746586715867023
2011-09-06,50.11,2.229999999999997,2.2446586715866967
2011-09-07,49.18,-0.9299999999999997,-0.9153413284132997
2011-09-08,48.45,-0.7299999999999969,-0.7153413284132969
2011-09-09,50.13,1.6799999999999997,1.6946586715866998
2011-09-12,52.19,2.059999999999995,2.074658671586695
2011-09-13,48.32,-3.8699999999999974,-3.8553413284132976
2011-09-14,46.69,-1.6300000000000026,-1.6153413284133025
2011-09-15,45.35,-1.3399999999999963,-1.3253413284132962
2011-09-16,44.14,-1.2100000000000009,-1.1953413284133008
2011-09-19,45.46,1.3200000000000003,1.3346586715867004
2011-09-20,45.45,-0.00999999999999801,0.0046586715867019905
2011-09-21,45.25,-0.20000000000000284,-0.18534132841330284
2011-09-22,55.72,10.469999999999999,10.484658671586699
2011-09-23,75.87,20.150000000000006,20.164658671586707
2011-09-26,79.46,3.589999999999989,3.604658671586689
2011-09-27,73.93,-5.529999999999987,-5.515341328413287
2011-09-28,80.64,6.709999999999994,6.724658671586694
2011-09-29,76.65,-3.989999999999995,-3.975341328413295
2011-09-30,76.39,-0.2600000000000051,-0.2453413284133051
2011-10-03,76.21,-0.18000000000000682,-0.16534132841330682
2011-10-04,78.03,1.8200000000000074,1.8346586715867075
2011-10-05,73.31,-4.719999999999999,-4.705341328413299
2011-10-06,69.83,-3.480000000000004,-3.465341328413304
2011-10-07,67.96,-1.8700000000000045,-1.8553413284133045
2011-10-10,64.96,-3.0,-2.9853413284133
2011-10-11,62.8,-2.1599999999999966,-2.1453413284132967
2011-10-12,59.35,-3.4499999999999957,-3.435341328413296
2011-10-13,59.34,-0.00999999999999801,0.0046586715867019905
2011-10-14,55.14,-4.200000000000003,-4.185341328413303
2011-10-17,59.12,3.979999999999997,3.9946586715866967
2011-10-18,58.44,-0.6799999999999997,-0.6653413284132997
2011-10-19,61.96,3.520000000000003,3.534658671586703
2011-10-20,66.27,4.309999999999995,4.324658671586695
2011-10-21,62.89,-3.3799999999999955,-3.3653413284132956
2011-10-24,59.92,-2.969999999999999,-2.955341328413299
2011-10-25,59.04,-0.8800000000000026,-0.8653413284133026
2011-10-26,59.38,0.3400000000000034,0.3546586715867034
2011-10-27,57.33,-2.0500000000000043,-2.0353413284133044
2011-10-28,55.12,-2.210000000000001,-2.195341328413301
2011-10-31,57.43,2.3100000000000023,2.324658671586702
2011-11-01,62.23,4.799999999999997,4.814658671586697
2011-11-02,58.83,-3.3999999999999986,-3.3853413284132987
2011-11-03,55.41,-3.4200000000000017,-3.405341328413302
2011-11-04,54.11,-1.2999999999999972,-1.285341328413297
2011-11-07,54.27,0.1600000000000037,0.1746586715867037
2011-11-08,53.49,-0.7800000000000011,-0.7653413284133012
2011-11-09,57.43,3.9399999999999977,3.9546586715866976
2011-11-10,55.34,-2.0899999999999963,-2.0753413284132964
2011-11-11,51.79,-3.5500000000000043,-3.5353413284133044
2011-11-14,51.42,-0.36999999999999744,-0.35534132841329746
2011-11-15,51.08,-0.3400000000000034,-0.32534132841330343
2011-11-16,52.04,0.9600000000000009,0.9746586715867008
2011-11-17,55.95,3.9100000000000037,3.9246586715867036
2011-11-18,53.09,-2.8599999999999994,-2.8453413284132996
2011-11-21,53.23,0.13999999999999346,0.15465867158669347
2011-11-22,50.07,-3.1599999999999966,-3.1453413284132967
2011-11-23,52.27,2.200000000000003,2.2146586715867027
2011-11-25,57.55,5.279999999999994,5.294658671586694
2011-11-28,51.55,-6.0,-5.9853413284133
2011-11-29,49.77,-1.779999999999994,-1.765341328413294
2011-11-30,47.6,-2.1700000000000017,-2.155341328413302
2011-12-01,47.76,0.1599999999999966,0.1746586715866966
2011-12-02,46.49,-1.269999999999996,-1.255341328413296
2011-12-05,47.78,1.2899999999999991,1.3046586715866992
2011-12-06,47.39,-0.39000000000000057,-0.3753413284133006
2011-12-07,44.63,-2.759999999999998,-2.745341328413298
2011-12-08,48.07,3.4399999999999977,3.4546586715866976
2011-12-09,44.2,-3.8699999999999974,-3.8553413284132976
2011-12-12,43.97,-0.23000000000000398,-0.21534132841330397
2011-12-13,45.39,1.4200000000000017,1.4346586715867018
2011-12-14,52.11,6.719999999999999,6.734658671586699
2011-12-15,50.21,-1.8999999999999986,-1.8853413284132985
2011-12-16,47.02,-3.1899999999999977,-3.175341328413298
2011-12-19,46.51,-0.5100000000000051,-0.49534132841330514
2011-12-20,43.05,-3.460000000000001,-3.445341328413301
2011-12-21,41.71,-1.3399999999999963,-1.3253413284132962
2011-12-22,42.18,0.46999999999999886,0.48465867158669884
2011-12-23,41.61,-0.5700000000000003,-0.5553413284133003
2011-12-27,43.25,1.6400000000000006,1.6546586715867007
2011-12-28,48.07,4.82,4.8346586715867
2011-12-29,45.69,-2.3800000000000026,-2.3653413284133027
2011-12-30,45.16,-0.5300000000000011,-0.5153413284133012
2012-01-03,44.32,-0.8399999999999963,-0.8253413284132963
2012-01-04,44.58,0.259999999999998,0.274658671586698
2012-01-05,44.52,-0.05999999999999517,-0.04534132841329517
2012-01-06,43.68,-0.8400000000000034,-0.8253413284133034
2012-01-09,44.47,0.7899999999999991,0.8046586715866991
2012-01-10,42.93,-1.5399999999999991,-1.525341328413299
2012-01-11,43.51,0.5799999999999983,0.5946586715866983
2012-01-12,42.83,-0.6799999999999997,-0.6653413284132997
2012-01-13,43.48,0.6499999999999986,0.6646586715866986
2012-01-17,44.5,1.0200000000000031,1.0346586715867032
2012-01-18,42.64,-1.8599999999999994,-1.8453413284132993
2012-01-19,41.04,-1.6000000000000014,-1.5853413284133013
2012-01-20,40.53,-0.509999999999998,-0.49534132841329803
2012-01-23,41.57,1.0399999999999991,1.0546586715866992
2012-01-24,40.74,-0.8299999999999983,-0.8153413284132983
2012-01-25,42.97,2.229999999999997,2.2446586715866967
2012-01-26,43.17,0.20000000000000284,0.21465867158670285
2012-01-27,42.06,-1.1099999999999994,-1.0953413284132993
2012-01-30,42.92,0.8599999999999994,0.8746586715866994
2012-01-31,42.47,-0.45000000000000284,-0.43534132841330286
2012-02-01,41.75,-0.7199999999999989,-0.7053413284132989
2012-02-02,42.98,1.2299999999999969,1.244658671586697
2012-02-03,40.28,-2.6999999999999957,-2.685341328413296
2012-02-06,41.22,0.9399999999999977,0.9546586715866977
2012-02-07,41.15,-0.07000000000000028,-0.055341328413300285
2012-02-08,39.77,-1.3799999999999955,-1.3653413284132954
2012-02-09,38.0,-1.7700000000000031,-1.755341328413303
2012-02-10,37.79,-0.21000000000000085,-0.19534132841330085
2012-02-13,36.12,-1.6700000000000017,-1.6553413284133016
2012-02-14,37.12,1.0,1.0146586715867
2012-02-15,36.48,-0.6400000000000006,-0.6253413284133006
2012-02-16,36.39,-0.0899999999999963,-0.0753413284132963
2012-02-17,34.8,-1.5900000000000034,-1.5753413284133033
2012-02-21,36.18,1.3800000000000026,1.3946586715867026
2012-02-22,36.28,0.10000000000000142,0.11465867158670143
2012-02-23,35.95,-0.3299999999999983,-0.3153413284132983
2012-02-24,35.11,-0.8400000000000034,-0.8253413284133034
2012-02-27,36.73,1.6199999999999974,1.6346586715866975
2012-02-28,37.79,1.0600000000000023,1.0746586715867024
2012-02-29,41.4,3.6099999999999994,3.6246586715866993
2012-03-01,39.73,-1.6700000000000017,-1.6553413284133016
2012-03-02,38.95,-0.779999999999994,-0.765341328413294
2012-03-05,40.16,1.2099999999999937,1.2246586715866938
2012-03-06,41.43,1.2700000000000031,1.2846586715867032
2012-03-07,39.79,-1.6400000000000006,-1.6253413284133005
2012-03-08,39.19,-0.6000000000000014,-0.5853413284133014
2012-03-09,37.41,-1.7800000000000011,-1.765341328413301
2012-03-12,37.52,0.11000000000000654,0.12465867158670654
2012-03-13,35.76,-1.7600000000000051,-1.745341328413305
2012-03-14,38.64,2.8800000000000026,2.8946586715867024
2012-03-15,34.62,-4.020000000000003,-4.005341328413303
2012-03-16,34.62,0.0,0.014658671586700001
2012-03-19,32.52,-2.0999999999999943,-2.0853413284132944
2012-03-20,35.6,3.0799999999999983,3.094658671586698
2012-03-21,35.28,-0.3200000000000003,-0.3053413284133003
2012-03-22,36.53,1.25,1.2646586715867
2012-03-23,34.17,-2.3599999999999994,-2.3453413284132996
2012-03-26,34.01,-0.1600000000000037,-0.1453413284133037
2012-03-27,33.4,-0.6099999999999994,-0.5953413284132995
2012-03-28,33.2,-0.19999999999999574,-0.18534132841329573
2012-03-29,33.58,0.37999999999999545,0.39465867158669543
2012-03-30,32.26,-1.3200000000000003,-1.3053413284133002
2012-04-02,33.01,0.75,0.7646586715867
2012-04-03,32.48,-0.5300000000000011,-0.5153413284133012
2012-04-04,35.61,3.1300000000000026,3.1446586715867024
2012-04-05,34.09,-1.519999999999996,-1.505341328413296
2012-04-09,36.19,2.0999999999999943,2.114658671586694
2012-04-10,36.19,0.0,0.014658671586700001
2012-04-11,35.4,-0.7899999999999991,-0.7753413284132992
2012-04-12,33.63,-1.769999999999996,-1.755341328413296
2012-04-13,35.93,2.299999999999997,2.314658671586697
2012-04-16,36.8,0.8699999999999974,0.8846586715866974
2012-04-17,34.33,-2.469999999999999,-2.455341328413299
2012-04-18,32.71,-1.6199999999999974,-1.6053413284132974
2012-04-19,32.45,-0.259999999999998,-0.245341328413298
2012-04-20,31.29,-1.1600000000000037,-1.1453413284133036
2012-04-23,33.73,2.4399999999999977,2.4546586715866976
2012-04-24,32.65,-1.0799999999999983,-1.0653413284132982
2012-04-25,33.74,1.0900000000000034,1.1046586715867035
2012-04-26,30.87,-2.870000000000001,-2.855341328413301
2012-04-27,30.13,-0.740000000000002,-0.725341328413302
2012-04-30,30.45,0.3200000000000003,0.33465867158670026
2012-05-01,30.01,-0.4399999999999977,-0.42534132841329775
2012-05-02,30.34,0.3299999999999983,0.3446586715866983
2012-05-03,32.25,1.9100000000000001,1.9246586715867002
2012-05-04,32.06,-0.18999999999999773,-0.17534132841329772
2012-05-07,33.28,1.2199999999999989,1.234658671586699
2012-05-08,34.27,0.990000000000002,1.004658671586702
2012-05-09,34.83,0.5599999999999952,0.5746586715866951
2012-05-10,31.98,-2.849999999999998,-2.835341328413298
2012-05-11,33.44,1.4599999999999973,1.4746586715866974
2012-05-14,35.03,1.5900000000000034,1.6046586715867035
2012-05-15,36.87,1.8399999999999963,1.8546586715866964
2012-05-16,40.79,3.9200000000000017,3.9346586715867016
2012-05-17,40.94,0.14999999999999858,0.16465867158669859
2012-05-18,40.77,-0.1699999999999946,-0.1553413284132946
2012-05-21,38.66,-2.1100000000000065,-2.0953413284133067
2012-05-22,36.09,-2.569999999999993,-2.5553413284132933
2012-05-23,37.77,1.6799999999999997,1.6946586715866998
2012-05-24,38.1,0.3299999999999983,0.3446586715866983
2012-05-25,37.14,-0.9600000000000009,-0.9453413284133009
2012-05-29,39.0,1.8599999999999994,1.8746586715866995
2012-05-30,40.11,1.1099999999999994,1.1246586715866995
2012-05-31,39.17,-0.9399999999999977,-0.9253413284132977
2012-06-01,40.06,0.8900000000000006,0.9046586715867005
2012-06-04,40.24,0.17999999999999972,0.19465867158669972
2012-06-05,38.67,-1.5700000000000003,-1.5553413284133002
2012-06-06,37.25,-1.4200000000000017,-1.4053413284133016
2012-06-07,36.93,-0.3200000000000003,-0.3053413284133003
2012-06-08,36.51,-0.4200000000000017,-0.4053413284133017
2012-06-11,34.85,-1.6599999999999966,-1.6453413284132965
2012-06-12,34.59,-0.259999999999998,-0.245341328413298
2012-06-13,35.97,1.3799999999999955,1.3946586715866955
2012-06-14,37.37,1.3999999999999986,1.4146586715866987
2012-06-15,37.57,0.20000000000000284,0.21465867158670285
2012-06-18,34.57,-3.0,-2.9853413284133
2012-06-19,34.08,-0.490000000000002,-0.475341328413302
2012-06-20,33.21,-0.8699999999999974,-0.8553413284132975
2012-06-21,37.74,4.530000000000001,4.544658671586701
2012-06-22,35.84,-1.8999999999999986,-1.8853413284132985
2012-06-25,36.17,0.3299999999999983,0.3446586715866983
2012-06-26,35.21,-0.9600000000000009,-0.9453413284133009
2012-06-27,35.24,0.030000000000001137,0.044658671586701136
2012-06-28,37.73,2.489999999999995,2.5046586715866948
2012-06-29,35.08,-2.6499999999999986,-2.6353413284132987
2012-07-02,34.0,-1.0799999999999983,-1.0653413284132982
2012-07-03,33.66,-0.3400000000000034,-0.32534132841330343
2012-07-05,33.59,-0.06999999999999318,-0.05534132841329318
2012-07-06,35.06,1.4699999999999989,1.484658671586699
2012-07-09,34.77,-0.28999999999999915,-0.27534132841329917
2012-07-10,36.95,2.1799999999999997,2.1946586715866996
2012-07-11,34.82,-2.1300000000000026,-2.1153413284133027
2012-07-12,35.62,0.7999999999999972,0.8146586715866971
2012-07-13,34.25,-1.3699999999999974,-1.3553413284132974
2012-07-16,34.46,0.21000000000000085,0.22465867158670086
2012-07-17,33.75,-0.7100000000000009,-0.6953413284133009
2012-07-18,32.09,-1.6599999999999966,-1.6453413284132965
2012-07-19,31.21,-0.8800000000000026,-0.8653413284133026
2012-07-20,31.61,0.3999999999999986,0.41465867158669856
2012-07-23,33.48,1.8699999999999974,1.8846586715866975
2012-07-24,34.47,0.990000000000002,1.004658671586702
2012-07-25,33.7,-0.769999999999996,-0.755341328413296
2012-07-26,32.92,-0.7800000000000011,-0.7653413284133012
2012-07-27,32.27,-0.6499999999999986,-0.6353413284132986
2012-07-30,33.34,1.0700000000000003,1.0846586715867004
2012-07-31,33.05,-0.29000000000000625,-0.2753413284133063
2012-08-01,32.55,-0.5,-0.4853413284133
2012-08-02,30.9,-1.6499999999999986,-1.6353413284132985
2012-08-03,29.76,-1.139999999999997,-1.125341328413297
2012-08-06,29.78,0.019999999999999574,0.03465867158669957
2012-08-07,29.47,-0.3100000000000023,-0.2953413284133023
2012-08-08,29.3,-0.16999999999999815,-0.15534132841329815
2012-08-09,27.45,-1.8500000000000014,-1.8353413284133013
2012-08-10,27.15,-0.3000000000000007,-0.28534132841330073
2012-08-13,25.5,-1.6499999999999986,-1.6353413284132985
2012-08-14,26.01,0.5100000000000016,0.5246586715867015
2012-08-15,25.77,-0.240000000000002,-0.22534132841330198
2012-08-16,27.44,1.6700000000000017,1.6846586715867018
2012-08-17,26.28,-1.1600000000000001,-1.1453413284133
2012-08-20,28.04,1.759999999999998,1.774658671586698
2012-08-21,27.42,-0.6199999999999974,-0.6053413284132975
2012-08-22,28.63,1.2099999999999973,1.2246586715866974
2012-08-23,31.54,2.91,2.9246586715867
2012-08-24,31.11,-0.4299999999999997,-0.41534132841329974
2012-08-27,32.25,1.1400000000000006,1.1546586715867007
2012-08-28,32.35,0.10000000000000142,0.11465867158670143
2012-08-29,31.97,-0.38000000000000256,-0.3653413284133026
2012-08-30,32.16,0.18999999999999773,0.20465867158669773
2012-08-31,33.22,1.0600000000000023,1.0746586715867024
2012-09-04,36.8,3.5799999999999983,3.594658671586698
2012-09-05,35.12,-1.6799999999999997,-1.6653413284132996
2012-09-06,34.68,-0.4399999999999977,-0.42534132841329775
2012-09-07,35.4,0.7199999999999989,0.7346586715866988
2012-09-10,36.14,0.740000000000002,0.754658671586702
2012-09-11,36.12,-0.020000000000003126,-0.0053413284133031255
2012-09-12,38.13,2.010000000000005,2.024658671586705
2012-09-13,35.73,-2.4000000000000057,-2.385341328413306
2012-09-14,33.91,-1.8200000000000003,-1.8053413284133002
2012-09-17,34.88,0.970000000000006,0.984658671586706
2012-09-18,34.35,-0.5300000000000011,-0.5153413284133012
2012-09-19,33.76,-0.5900000000000034,-0.5753413284133034
2012-09-20,33.39,-0.36999999999999744,-0.35534132841329746
2012-09-21,34.06,0.6700000000000017,0.6846586715867017
2012-09-24,34.66,0.5999999999999943,0.6146586715866943
2012-09-25,33.03,-1.6299999999999955,-1.6153413284132954
2012-09-26,32.04,-0.990000000000002,-0.975341328413302
2012-09-27,31.41,-0.629999999999999,-0.615341328413299
2012-09-28,31.41,0.0,0.014658671586700001
2012-10-01,31.27,-0.14000000000000057,-0.12534132841330056
2012-10-02,31.18,-0.08999999999999986,-0.07534132841329985
2012-10-03,30.57,-0.6099999999999994,-0.5953413284132995
2012-10-04,30.2,-0.370000000000001,-0.355341328413301
2012-10-05,29.28,-0.9199999999999982,-0.9053413284132982
2012-10-08,30.19,0.9100000000000001,0.9246586715867001
2012-10-09,30.08,-0.11000000000000298,-0.09534132841330298
2012-10-10,29.82,-0.259999999999998,-0.245341328413298
2012-10-11,28.97,-0.8500000000000014,-0.8353413284133014
2012-10-12,28.48,-0.48999999999999844,-0.47534132841329846
2012-10-15,28.82,0.33999999999999986,0.35465867158669984
2012-10-16,28.15,-0.6700000000000017,-0.6553413284133017
2012-10-17,27.26,-0.889999999999997,-0.875341328413297
2012-10-18,27.55,0.28999999999999915,0.3046586715866991
2012-10-19,29.16,1.6099999999999994,1.6246586715866995
2012-10-22,29.25,0.08999999999999986,0.10465867158669986
2012-10-23,30.63,1.379999999999999,1.394658671586699
2012-10-24,30.17,-0.4599999999999973,-0.4453413284132973
2012-10-25,27.94,-2.2300000000000004,-2.2153413284133006
2012-10-26,27.54,-0.40000000000000213,-0.38534132841330215
2012-10-31,27.25,-0.28999999999999915,-0.27534132841329917
2012-11-01,26.91,-0.33999999999999986,-0.3253413284132999
2012-11-02,29.69,2.780000000000001,2.794658671586701
2012-11-05,30.14,0.4499999999999993,0.46465867158669927
2012-11-06,30.55,0.41000000000000014,0.4246586715867001
2012-11-07,27.94,-2.6099999999999994,-2.5953413284132996
2012-11-08,28.69,0.75,0.7646586715867
2012-11-09,27.91,-0.7800000000000011,-0.7653413284133012
2012-11-12,27.62,-0.28999999999999915,-0.27534132841329917
2012-11-13,27.11,-0.5100000000000016,-0.4953413284133016
2012-11-14,26.58,-0.5300000000000011,-0.5153413284133012
2012-11-15,25.72,-0.8599999999999994,-0.8453413284132995
2012-11-16,25.43,-0.28999999999999915,-0.27534132841329917
2012-11-19,23.87,-1.5599999999999987,-1.5453413284132986
2012-11-20,22.76,-1.1099999999999994,-1.0953413284132993
2012-11-21,23.33,0.5699999999999967,0.5846586715866967
2012-11-23,23.33,0.0,0.014658671586700001
2012-11-26,24.68,1.3500000000000014,1.3646586715867015
2012-11-27,24.9,0.21999999999999886,0.23465867158669887
2012-11-28,25.04,0.14000000000000057,0.15465867158670057
2012-11-29,25.13,0.08999999999999986,0.10465867158669986
2012-11-30,25.94,0.8100000000000023,0.8246586715867023
2012-12-03,26.64,0.6999999999999993,0.7146586715866993
2012-12-04,26.35,-0.28999999999999915,-0.27534132841329917
2012-12-05,25.92,-0.4299999999999997,-0.41534132841329974
2012-12-06,25.51,-0.41000000000000014,-0.39534132841330016
2012-12-07,24.53,-0.9800000000000004,-0.9653413284133004
2012-12-10,25.71,1.1799999999999997,1.1946586715866998
2012-12-11,26.14,0.4299999999999997,0.4446586715866997
2012-12-12,24.72,-1.4200000000000017,-1.4053413284133016
2012-12-13,26.54,1.8200000000000003,1.8346586715867004
2012-12-14,25.72,-0.8200000000000003,-0.8053413284133003
2012-12-17,24.53,-1.1899999999999977,-1.1753413284132976
2012-12-18,25.43,0.8999999999999986,0.9146586715866986
2012-12-19,25.75,0.3200000000000003,0.33465867158670026
2012-12-20,27.28,1.5300000000000011,1.5446586715867012
2012-12-21,27.32,0.03999999999999915,0.05465867158669915
2012-12-24,21.25,-6.07,-6.0553413284133
2012-12-26,27.75,6.5,6.5146586715867
2012-12-27,27.99,0.23999999999999844,0.2546586715866984
2012-12-28,27.65,-0.33999999999999986,-0.3253413284132999
2012-12-31,28.08,0.4299999999999997,0.4446586715866997
2013-01-02,26.29,-1.7899999999999991,-1.775341328413299
2013-01-03,26.53,0.240000000000002,0.25465867158670197
2013-01-04,26.61,0.0799999999999983,0.0946586715866983
2013-01-07,27.17,0.5600000000000023,0.5746586715867023
2013-01-08,26.59,-0.5800000000000018,-0.5653413284133019
2013-01-09,25.84,-0.75,-0.7353413284133
2013-01-10,25.78,-0.05999999999999872,-0.04534132841329872
2013-01-11,25.64,-0.14000000000000057,-0.12534132841330056
2013-01-14,26.59,0.9499999999999993,0.9646586715866993
2013-01-15,26.69,0.10000000000000142,0.11465867158670143
2013-01-16,27.24,0.5499999999999972,0.5646586715866971
2013-01-17,27.08,-0.16000000000000014,-0.14534132841330014
2013-01-18,25.38,-1.6999999999999993,-1.6853413284132992
2013-01-22,24.06,-1.3200000000000003,-1.3053413284133002
2013-01-23,23.13,-0.9299999999999997,-0.9153413284132997
2013-01-24,22.72,-0.41000000000000014,-0.39534132841330016
2013-01-25,24.01,1.2900000000000027,1.3046586715867028
2013-01-28,25.17,1.1600000000000001,1.1746586715867002
2013-01-29,23.57,-1.6000000000000014,-1.5853413284133013
2013-01-30,24.28,0.7100000000000009,0.7246586715867008
2013-01-31,24.83,0.5499999999999972,0.5646586715866971
2013-02-01,23.36,-1.4699999999999989,-1.4553413284132988
2013-02-04,24.4,1.0399999999999991,1.0546586715866992
2013-02-05,24.41,0.010000000000001563,0.024658671586701562
2013-02-06,24.17,-0.23999999999999844,-0.22534132841329843
2013-02-07,24.74,0.5699999999999967,0.5846586715866967
2013-02-08,23.61,-1.129999999999999,-1.115341328413299
2013-02-11,25.28,1.6700000000000017,1.6846586715867018
2013-02-12,25.1,-0.17999999999999972,-0.1653413284132997
2013-02-13,24.79,-0.3100000000000023,-0.2953413284133023
2013-02-14,25.32,0.5300000000000011,0.5446586715867011
2013-02-15,25.33,0.00999999999999801,0.02465867158669801
2013-02-19,26.67,1.3400000000000034,1.3546586715867035
2013-02-20,29.22,2.549999999999997,2.564658671586697
2013-02-21,28.41,-0.8099999999999987,-0.7953413284132987
2013-02-22,28.95,0.5399999999999991,0.5546586715866991
2013-02-25,29.72,0.7699999999999996,0.7846586715866996
2013-02-26,26.4,-3.3200000000000003,-3.3053413284133004
2013-02-27,26.73,0.33000000000000185,0.3446586715867018
2013-02-28,26.51,-0.21999999999999886,-0.20534132841329886
2013-03-01,26.7,0.18999999999999773,0.20465867158669773
2013-03-04,27.2,0.5,0.5146586715867
2013-03-05,26.41,-0.7899999999999991,-0.7753413284132992
2013-03-06,25.12,-1.2899999999999991,-1.275341328413299
2013-03-07,24.76,-0.35999999999999943,-0.34534132841329945
2013-03-08,23.22,-1.5400000000000027,-1.5253413284133026
2013-03-11,22.57,-0.6499999999999986,-0.6353413284132986
2013-03-12,21.64,-0.9299999999999997,-0.9153413284132997
2013-03-13,21.93,0.28999999999999915,0.3046586715866991
2013-03-14,22.22,0.28999999999999915,0.3046586715866991
2013-03-15,21.68,-0.5399999999999991,-0.5253413284132992
2013-03-18,22.51,0.8300000000000018,0.8446586715867018
2013-03-19,24.35,1.8399999999999999,1.8546586715867
2013-03-20,22.68,-1.6700000000000017,-1.6553413284133016
2013-03-21,22.95,0.2699999999999996,0.28465867158669955
2013-03-22,22.93,-0.019999999999999574,-0.005341328413299573
2013-03-25,22.25,-0.6799999999999997,-0.6653413284132997
2013-03-26,21.38,-0.870000000000001,-0.855341328413301
2013-03-27,20.9,-0.4800000000000004,-0.46534132841330045
2013-03-28,20.86,-0.03999999999999915,-0.025341328413299148
2013-04-01,23.15,2.289999999999999,2.304658671586699
2013-04-02,24.16,1.0100000000000016,1.0246586715867017
2013-04-03,25.62,1.4600000000000009,1.474658671586701
2013-04-04,26.01,0.39000000000000057,0.40465867158670055
2013-04-05,24.43,-1.5800000000000018,-1.5653413284133018
2013-04-08,23.59,-0.8399999999999999,-0.8253413284132999
2013-04-09,23.25,-0.33999999999999986,-0.3253413284132999
2013-04-10,24.67,1.4200000000000017,1.4346586715867018
2013-04-11,23.99,-0.6800000000000033,-0.6653413284133033
2013-04-12,31.18,7.190000000000001,7.204658671586701
2013-04-15,54.92,23.740000000000002,23.754658671586704
2013-04-16,43.77,-11.149999999999999,-11.135341328413299
2013-04-17,39.35,-4.420000000000002,-4.405341328413302
2013-04-18,38.38,-0.9699999999999989,-0.9553413284132989
2013-04-19,37.35,-1.0300000000000011,-1.015341328413301
2013-04-22,36.04,-1.3100000000000023,-1.2953413284133022
2013-04-23,38.1,2.0600000000000023,2.074658671586702
2013-04-24,34.67,-3.4299999999999997,-3.4153413284133
2013-04-25,33.64,-1.0300000000000011,-1.015341328413301
2013-04-26,36.4,2.759999999999998,2.774658671586698
2013-04-29,35.48,-0.9200000000000017,-0.9053413284133017
2013-04-30,34.29,-1.1899999999999977,-1.1753413284132976
2013-05-01,36.62,2.3299999999999983,2.344658671586698
2013-05-02,33.73,-2.8900000000000006,-2.8753413284133007
2013-05-03,32.09,-1.6399999999999935,-1.6253413284132934
2013-05-06,31.35,-0.740000000000002,-0.725341328413302
2013-05-07,32.67,1.3200000000000003,1.3346586715867004
2013-05-08,32.05,-0.6200000000000045,-0.6053413284133046
2013-05-09,32.18,0.13000000000000256,0.14465867158670256
2013-05-10,32.48,0.29999999999999716,0.31465867158669714
2013-05-13,33.59,1.1100000000000065,1.1246586715867066
2013-05-14,34.91,1.3199999999999932,1.3346586715866933
2013-05-15,41.88,6.970000000000006,6.984658671586706
2013-05-16,38.33,-3.5500000000000043,-3.5353413284133044
2013-05-17,38.88,0.5500000000000043,0.5646586715867042
2013-05-20,40.69,1.8099999999999952,1.8246586715866953
2013-05-21,42.21,1.5200000000000031,1.5346586715867032
2013-05-22,44.04,1.8299999999999983,1.8446586715866984
2013-05-23,41.11,-2.9299999999999997,-2.9153413284133
2013-05-24,39.23,-1.8800000000000026,-1.8653413284133025
2013-05-28,38.59,-0.6399999999999935,-0.6253413284132935
2013-05-29,36.27,-2.3200000000000003,-2.3053413284133004
2013-05-30,35.02,-1.25,-1.2353413284133
2013-05-31,36.02,1.0,1.0146586715867
2013-06-03,35.59,-0.4299999999999997,-0.41534132841329974
2013-06-04,35.17,-0.4200000000000017,-0.4053413284133017
2013-06-05,35.34,0.1700000000000017,0.1846586715867017
2013-06-06,35.19,-0.15000000000000568,-0.13534132841330568
2013-06-07,41.16,5.969999999999999,5.984658671586699
2013-06-10,36.49,-4.669999999999995,-4.655341328413295
2013-06-11,38.29,1.7999999999999972,1.8146586715866972
2013-06-12,36.82,-1.4699999999999989,-1.4553413284132988
2013-06-13,36.8,-0.020000000000003126,-0.0053413284133031255
2013-06-14,34.85,-1.9499999999999957,-1.9353413284132956
2013-06-17,35.57,0.7199999999999989,0.7346586715866988
2013-06-18,36.8,1.2299999999999969,1.244658671586697
2013-06-19,36.27,-0.529999999999994,-0.515341328413294
2013-06-20,47.77,11.5,11.5146586715867
2013-06-21,43.04,-4.730000000000004,-4.715341328413304
2013-06-24,43.05,0.00999999999999801,0.02465867158669801
2013-06-25,40.29,-2.759999999999998,-2.745341328413298
2013-06-26,45.7,5.410000000000004,5.424658671586704
2013-06-27,47.87,2.1699999999999946,2.1846586715866945
2013-06-28,46.26,-1.6099999999999994,-1.5953413284132993
2013-07-01,42.75,-3.509999999999998,-3.495341328413298
2013-07-02,40.82,-1.9299999999999997,-1.9153413284132996
2013-07-03,40.71,-0.10999999999999943,-0.09534132841329943
2013-07-05,43.2,2.490000000000002,2.504658671586702
2013-07-08,41.69,-1.5100000000000051,-1.495341328413305
2013-07-09,39.59,-2.0999999999999943,-2.0853413284132944
2013-07-10,38.69,-0.9000000000000057,-0.8853413284133057
2013-07-11,35.89,-2.799999999999997,-2.7853413284132973
2013-07-12,34.79,-1.1000000000000014,-1.0853413284133013
2013-07-15,34.85,0.060000000000002274,0.07465867158670228
2013-07-16,34.27,-0.5799999999999983,-0.5653413284132983
2013-07-17,36.22,1.9499999999999957,1.9646586715866958
2013-07-18,34.74,-1.4799999999999969,-1.4653413284132968
2013-07-19,33.94,-0.8000000000000043,-0.7853413284133043
2013-07-22,34.78,0.8400000000000034,0.8546586715867034
2013-07-23,33.92,-0.8599999999999994,-0.8453413284132995
2013-07-24,34.16,0.23999999999999488,0.25465867158669486
2013-07-25,33.57,-0.5899999999999963,-0.5753413284132963
2013-07-26,33.69,0.11999999999999744,0.13465867158669745
2013-07-29,34.55,0.8599999999999994,0.8746586715866994
2013-07-30,34.98,0.4299999999999997,0.4446586715866997
2013-07-31,36.13,1.1500000000000057,1.1646586715867058
2013-08-01,35.63,-0.5,-0.4853413284133
2013-08-02,33.45,-2.1799999999999997,-2.1653413284133
2013-08-05,32.83,-0.6200000000000045,-0.6053413284133046
2013-08-06,33.49,0.6600000000000037,0.6746586715867037
2013-08-07,32.9,-0.5900000000000034,-0.5753413284133034
2013-08-08,32.17,-0.7299999999999969,-0.7153413284132969
2013-08-09,33.29,1.1199999999999974,1.1346586715866975
2013-08-12,34.19,0.8999999999999986,0.9146586715866986
2013-08-13,33.55,-0.6400000000000006,-0.6253413284133006
2013-08-14,33.82,0.2700000000000031,0.2846586715867031
2013-08-15,39.62,5.799999999999997,5.814658671586697
2013-08-16,38.95,-0.6699999999999946,-0.6553413284132946
2013-08-19,38.14,-0.8100000000000023,-0.7953413284133023
2013-08-20,37.99,-0.14999999999999858,-0.13534132841329857
2013-08-21,37.91,-0.0800000000000054,-0.0653413284133054
2013-08-22,36.58,-1.3299999999999983,-1.3153413284132982
2013-08-23,38.77,2.190000000000005,2.2046586715867047
2013-08-26,40.06,1.2899999999999991,1.3046586715866992
2013-08-27,40.93,0.8699999999999974,0.8846586715866974
2013-08-28,41.16,0.22999999999999687,0.24465867158669688
2013-08-29,40.32,-0.8399999999999963,-0.8253413284132963
2013-08-30,40.87,0.5499999999999972,0.5646586715866971
2013-09-03,42.23,1.3599999999999994,1.3746586715866995
2013-09-04,41.95,-0.27999999999999403,-0.26534132841329405
2013-09-05,41.81,-0.14000000000000057,-0.12534132841330056
2013-09-06,39.78,-2.030000000000001,-2.0153413284133013
2013-09-09,38.24,-1.5399999999999991,-1.525341328413299
2013-09-10,38.77,0.5300000000000011,0.5446586715867011
2013-09-11,37.11,-1.6600000000000037,-1.6453413284133036
2013-09-12,40.73,3.6199999999999974,3.6346586715866973
2013-09-13,40.78,0.05000000000000426,0.06465867158670427
2013-09-16,40.78,0.0,0.014658671586700001
2013-09-17,40.97,0.18999999999999773,0.20465867158669773
2013-09-18,41.13,0.1600000000000037,0.1746586715867037
2013-09-19,37.57,-3.5600000000000023,-3.5453413284133024
2013-09-20,38.14,0.5700000000000003,0.5846586715867003
2013-09-23,38.95,0.8100000000000023,0.8246586715867023
2013-09-24,37.96,-0.990000000000002,-0.975341328413302
2013-09-25,37.09,-0.8699999999999974,-0.8553413284132975
2013-09-26,36.21,-0.8800000000000026,-0.8653413284133026
2013-09-27,36.39,0.17999999999999972,0.19465867158669972
2013-09-30,38.03,1.6400000000000006,1.6546586715867007
2013-10-01,38.96,0.9299999999999997,0.9446586715866997
2013-10-02,37.64,-1.3200000000000003,-1.3053413284133002
2013-10-03,37.73,0.0899999999999963,0.10465867158669631
2013-10-04,36.98,-0.75,-0.7353413284133
2013-10-07,38.29,1.3100000000000023,1.3246586715867024
2013-10-08,38.1,-0.18999999999999773,-0.17534132841329772
2013-10-09,38.47,0.36999999999999744,0.3846586715866974
2013-10-10,37.52,-0.9499999999999957,-0.9353413284132958
2013-10-11,37.97,0.44999999999999574,0.4646586715866957
2013-10-14,38.31,0.3400000000000034,0.3546586715867034
2013-10-15,38.09,-0.21999999999999886,-0.20534132841329886
2013-10-16,36.62,-1.470000000000006,-1.4553413284133059
2013-10-17,35.71,-0.9099999999999966,-0.8953413284132966
2013-10-18,34.96,-0.75,-0.7353413284133
2013-10-21,35.01,0.04999999999999716,0.06465867158669716
2013-10-22,34.59,-0.4199999999999946,-0.4053413284132946
2013-10-23,33.66,-0.9300000000000068,-0.9153413284133068
2013-10-24,33.19,-0.46999999999999886,-0.4553413284132989
2013-10-25,32.66,-0.5300000000000011,-0.5153413284133012
2013-10-28,32.71,0.05000000000000426,0.06465867158670427
2013-10-29,32.07,-0.6400000000000006,-0.6253413284133006
2013-10-30,31.32,-0.75,-0.7353413284133
2013-10-31,31.93,0.6099999999999994,0.6246586715866994
2013-11-01,31.22,-0.7100000000000009,-0.6953413284133009
2013-11-04,30.94,-0.2799999999999976,-0.2653413284132976
2013-11-05,30.43,-0.5100000000000016,-0.4953413284133016
2013-11-06,30.23,-0.1999999999999993,-0.18534132841329928
2013-11-07,30.44,0.21000000000000085,0.22465867158670086
2013-11-08,30.23,-0.21000000000000085,-0.19534132841330085
2013-11-11,30.47,0.23999999999999844,0.2546586715866984
2013-11-12,33.46,2.990000000000002,3.004658671586702
2013-11-13,33.74,0.28000000000000114,0.2946586715867011
2013-11-14,32.92,-0.8200000000000003,-0.8053413284133003
2013-11-15,30.02,-2.900000000000002,-2.8853413284133023
2013-11-18,31.42,1.4000000000000021,1.4146586715867022
2013-11-19,31.02,-0.40000000000000213,-0.38534132841330215
2013-11-20,34.17,3.150000000000002,3.164658671586702
2013-11-21,32.25,-1.9200000000000017,-1.9053413284133016
2013-11-22,30.27,-1.9800000000000004,-1.9653413284133003
2013-11-25,30.04,-0.23000000000000043,-0.21534132841330042
2013-11-26,29.48,-0.5599999999999987,-0.5453413284132987
2013-11-27,30.26,0.7800000000000011,0.7946586715867011
2013-11-29,30.14,-0.120000000000001,-0.10534132841330099
2013-12-02,34.88,4.740000000000002,4.754658671586702
2013-12-03,34.34,-0.5399999999999991,-0.5253413284132992
2013-12-04,33.31,-1.0300000000000011,-1.015341328413301
2013-12-05,34.25,0.9399999999999977,0.9546586715866977
2013-12-06,32.31,-1.9399999999999977,-1.9253413284132976
2013-12-09,31.91,-0.40000000000000213,-0.38534132841330215
2013-12-10,32.43,0.5199999999999996,0.5346586715866996
2013-12-11,31.91,-0.5199999999999996,-0.5053413284132996
2013-12-12,33.5,1.5899999999999999,1.6046586715867
2013-12-13,33.0,-0.5,-0.4853413284133
2013-12-16,35.41,2.4099999999999966,2.4246586715866965
2013-12-17,34.61,-0.7999999999999972,-0.7853413284132972
2013-12-18,32.54,-2.0700000000000003,-2.0553413284133004
2013-12-19,33.51,0.9699999999999989,0.9846586715866988
2013-12-20,32.88,-0.6299999999999955,-0.6153413284132955
2013-12-23,31.5,-1.3800000000000026,-1.3653413284133025
2013-12-24,30.89,-0.6099999999999994,-0.5953413284132995
2013-12-26,30.63,-0.26000000000000156,-0.24534132841330156
2013-12-27,30.39,-0.23999999999999844,-0.22534132841329843
2013-12-30,31.94,1.5500000000000007,1.5646586715867008
2013-12-31,33.87,1.9299999999999962,1.9446586715866963
2014-01-02,31.88,-1.9899999999999984,-1.9753413284132983
2014-01-03,31.07,-0.8099999999999987,-0.7953413284132987
2014-01-06,31.28,0.21000000000000085,0.22465867158670086
2014-01-07,31.48,0.1999999999999993,0.2146586715866993
2014-01-08,31.73,0.25,0.2646586715867
2014-01-09,30.51,-1.2199999999999989,-1.2053413284132988
2014-01-10,29.09,-1.4200000000000017,-1.4053413284133016
2014-01-13,29.6,0.5100000000000016,0.5246586715867015
2014-01-14,29.05,-0.5500000000000007,-0.5353413284133007
2014-01-15,28.88,-0.1700000000000017,-0.1553413284133017
2014-01-16,28.93,0.05000000000000071,0.06465867158670072
2014-01-17,27.87,-1.0599999999999987,-1.0453413284132986
2014-01-21,29.19,1.3200000000000003,1.3346586715867004
2014-01-22,28.96,-0.23000000000000043,-0.21534132841330042
2014-01-23,30.13,1.1699999999999982,1.1846586715866982
2014-01-24,31.79,1.6600000000000001,1.6746586715867002
2014-01-27,31.98,0.19000000000000128,0.20465867158670129
2014-01-28,31.37,-0.6099999999999994,-0.5953413284132995
2014-01-29,30.72,-0.6500000000000021,-0.6353413284133022
2014-01-30,31.02,0.3000000000000007,0.3146586715867007
2014-01-31,31.26,0.240000000000002,0.25465867158670197
2014-02-03,31.27,0.00999999999999801,0.02465867158669801
2014-02-04,29.7,-1.5700000000000003,-1.5553413284133002
2014-02-05,30.21,0.5100000000000016,0.5246586715867015
2014-02-06,30.28,0.07000000000000028,0.08465867158670029
2014-02-07,26.86,-3.4200000000000017,-3.405341328413302
2014-02-10,28.25,1.3900000000000006,1.4046586715867007
2014-02-11,29.13,0.879999999999999,0.894658671586699
2014-02-12,28.49,-0.6400000000000006,-0.6253413284133006
2014-02-13,29.29,0.8000000000000007,0.8146586715867007
2014-02-14,31.07,1.7800000000000011,1.7946586715867012
2014-02-18,31.56,0.48999999999999844,0.5046586715866984
2014-02-19,31.57,0.010000000000001563,0.024658671586701562
2014-02-20,31.08,-0.490000000000002,-0.475341328413302
2014-02-21,32.03,0.9500000000000028,0.9646586715867028
2014-02-24,30.72,-1.3100000000000023,-1.2953413284133022
2014-02-25,29.76,-0.9599999999999973,-0.9453413284132973
2014-02-26,30.83,1.0699999999999967,1.0846586715866968
2014-02-27,28.84,-1.9899999999999984,-1.9753413284132983
2014-02-28,27.91,-0.9299999999999997,-0.9153413284132997
2014-03-03,29.54,1.629999999999999,1.644658671586699
2014-03-04,28.18,-1.3599999999999994,-1.3453413284132993
2014-03-05,28.19,0.010000000000001563,0.024658671586701562
2014-03-06,28.65,0.4599999999999973,0.4746586715866973
2014-03-07,27.94,-0.7099999999999973,-0.6953413284132973
2014-03-10,28.16,0.21999999999999886,0.23465867158669887
2014-03-11,28.79,0.629999999999999,0.644658671586699
2014-03-12,29.59,0.8000000000000007,0.8146586715867007
2014-03-13,29.62,0.030000000000001137,0.044658671586701136
2014-03-14,30.98,1.3599999999999994,1.3746586715866995
2014-03-17,30.84,-0.14000000000000057,-0.12534132841330056
2014-03-18,31.33,0.48999999999999844,0.5046586715866984
2014-03-19,29.73,-1.5999999999999979,-1.5853413284132978
2014-03-20,28.63,-1.1000000000000014,-1.0853413284133013
2014-03-21,28.19,-0.4399999999999977,-0.42534132841329775
2014-03-24,29.06,0.8699999999999974,0.8846586715866974
2014-03-25,28.6,-0.4599999999999973,-0.4453413284132973
2014-03-26,28.73,0.129999999999999,0.144658671586699
2014-03-27,28.67,-0.05999999999999872,-0.04534132841329872
2014-03-28,27.23,-1.4400000000000013,-1.4253413284133012
2014-03-31,27.09,-0.14000000000000057,-0.12534132841330056
2014-04-01,25.65,-1.4400000000000013,-1.4253413284133012
2014-04-02,25.31,-0.33999999999999986,-0.3253413284132999
2014-04-03,24.74,-0.5700000000000003,-0.5553413284133003
2014-04-04,25.0,0.26000000000000156,0.27465867158670154
2014-04-07,25.31,0.3099999999999987,0.3246586715866987
2014-04-08,25.41,0.10000000000000142,0.11465867158670143
2014-04-09,24.91,-0.5,-0.4853413284133
2014-04-10,25.52,0.6099999999999994,0.6246586715866994
2014-04-11,25.83,0.3099999999999987,0.3246586715866987
2014-04-14,26.08,0.25,0.2646586715867
2014-04-15,27.43,1.3500000000000014,1.3646586715867015
2014-04-16,26.28,-1.1499999999999986,-1.1353413284132985
2014-04-17,25.34,-0.9400000000000013,-0.9253413284133013
2014-04-21,25.9,0.5599999999999987,0.5746586715866987
2014-04-22,26.73,0.8300000000000018,0.8446586715867018
2014-04-23,25.04,-1.6900000000000013,-1.6753413284133012
2014-04-24,24.99,-0.05000000000000071,-0.03534132841330071
2014-04-25,24.27,-0.7199999999999989,-0.7053413284132989
2014-04-28,24.6,0.33000000000000185,0.3446586715867018
2014-04-29,24.24,-0.360000000000003,-0.345341328413303
2014-04-30,26.16,1.9200000000000017,1.9346586715867018
2014-05-01,26.78,0.620000000000001,0.634658671586701
2014-05-02,26.43,-0.3500000000000014,-0.33534132841330144
2014-05-05,26.3,-0.129999999999999,-0.115341328413299
2014-05-06,25.52,-0.7800000000000011,-0.7653413284133012
2014-05-07,26.23,0.7100000000000009,0.7246586715867008
2014-05-08,25.54,-0.6900000000000013,-0.6753413284133013
2014-05-09,25.75,0.21000000000000085,0.22465867158670086
2014-05-12,25.57,-0.17999999999999972,-0.1653413284132997
2014-05-13,23.8,-1.7699999999999996,-1.7553413284132995
2014-05-14,25.15,1.3499999999999979,1.364658671586698
2014-05-15,24.37,-0.7799999999999976,-0.7653413284132976
2014-05-16,23.7,-0.6700000000000017,-0.6553413284133017
2014-05-19,23.74,0.03999999999999915,0.05465867158669915
2014-05-20,23.02,-0.7199999999999989,-0.7053413284132989
2014-05-21,23.47,0.4499999999999993,0.46465867158669927
2014-05-22,23.25,-0.21999999999999886,-0.20534132841329886
2014-05-23,22.74,-0.5100000000000016,-0.4953413284133016
2014-05-27,24.21,1.4700000000000024,1.4846586715867025
2014-05-28,23.37,-0.8399999999999999,-0.8253413284132999
2014-05-29,22.82,-0.5500000000000007,-0.5353413284133007
2014-05-30,23.69,0.870000000000001,0.884658671586701
2014-06-02,23.19,-0.5,-0.4853413284133
2014-06-03,22.61,-0.5800000000000018,-0.5653413284133019
2014-06-04,21.86,-0.75,-0.7353413284133
2014-06-05,21.86,0.0,0.014658671586700001
2014-06-06,20.23,-1.629999999999999,-1.615341328413299
2014-06-09,19.32,-0.9100000000000001,-0.8953413284133002
2014-06-10,18.33,-0.990000000000002,-0.975341328413302
2014-06-11,18.47,0.14000000000000057,0.15465867158670057
2014-06-12,19.08,0.6099999999999994,0.6246586715866994
2014-06-13,19.18,0.10000000000000142,0.11465867158670143
2014-06-16,19.6,0.4200000000000017,0.4346586715867017
2014-06-17,19.65,0.04999999999999716,0.06465867158669716
2014-06-18,19.85,0.20000000000000284,0.21465867158670285
2014-06-19,24.64,4.789999999999999,4.804658671586699
2014-06-20,22.23,-2.41,-2.3953413284133003
2014-06-23,21.9,-0.33000000000000185,-0.31534132841330187
2014-06-24,22.27,0.370000000000001,0.384658671586701
2014-06-25,22.39,0.120000000000001,0.134658671586701
2014-06-26,22.1,-0.28999999999999915,-0.27534132841329917
2014-06-27,21.78,-0.3200000000000003,-0.3053413284133003
2014-06-30,23.33,1.5499999999999972,1.5646586715866972
2014-07-01,22.48,-0.8499999999999979,-0.8353413284132979
2014-07-02,22.49,0.00999999999999801,0.02465867158669801
2014-07-03,21.75,-0.7399999999999984,-0.7253413284132985
2014-07-07,21.73,-0.019999999999999574,-0.005341328413299573
2014-07-08,21.99,0.259999999999998,0.274658671586698
2014-07-09,22.06,0.07000000000000028,0.08465867158670029
2014-07-10,21.95,-0.10999999999999943,-0.09534132841329943
2014-07-11,21.6,-0.34999999999999787,-0.3353413284132979
2014-07-14,22.54,0.9399999999999977,0.9546586715866977
2014-07-15,22.17,-0.36999999999999744,-0.35534132841329746
2014-07-16,22.2,0.029999999999997584,0.04465867158669758
2014-07-17,23.58,1.379999999999999,1.394658671586699
2014-07-18,21.67,-1.9099999999999966,-1.8953413284132965
2014-07-21,21.84,0.16999999999999815,0.18465867158669816
2014-07-22,21.56,-0.28000000000000114,-0.26534132841330116
2014-07-23,21.11,-0.4499999999999993,-0.4353413284132993
2014-07-24,22.45,1.3399999999999999,1.3546586715867
2014-07-25,22.55,0.10000000000000142,0.11465867158670143
2014-07-28,22.44,-0.10999999999999943,-0.09534132841329943
2014-07-29,22.85,0.41000000000000014,0.4246586715867001
2014-07-30,22.43,-0.4200000000000017,-0.4053413284133017
2014-07-31,21.85,-0.5799999999999983,-0.5653413284132983
2014-08-01,20.64,-1.2100000000000009,-1.1953413284133008
2014-08-04,20.37,-0.2699999999999996,-0.2553413284132996
2014-08-05,21.41,1.0399999999999991,1.0546586715866992
2014-08-06,21.19,-0.21999999999999886,-0.20534132841329886
2014-08-07,20.77,-0.4200000000000017,-0.4053413284133017
2014-08-08,20.74,-0.030000000000001137,-0.015341328413301136
2014-08-11,20.67,-0.06999999999999673,-0.05534132841329673
2014-08-12,20.43,-0.240000000000002,-0.22534132841330198
2014-08-13,20.17,-0.259999999999998,-0.245341328413298
2014-08-14,18.64,-1.5300000000000011,-1.515341328413301
2014-08-15,19.82,1.1799999999999997,1.1946586715866998
2014-08-18,19.61,-0.21000000000000085,-0.19534132841330085
2014-08-19,19.43,-0.17999999999999972,-0.1653413284132997
2014-08-20,19.34,-0.08999999999999986,-0.07534132841329985
2014-08-21,19.66,0.3200000000000003,0.33465867158670026
2014-08-22,19.68,0.019999999999999574,0.03465867158669957
2014-08-25,20.36,0.6799999999999997,0.6946586715866997
2014-08-26,19.83,-0.5300000000000011,-0.5153413284133012
2014-08-27,19.33,-0.5,-0.4853413284133
2014-08-28,20.0,0.6700000000000017,0.6846586715867017
2014-08-29,19.59,-0.41000000000000014,-0.39534132841330016
2014-09-02,20.36,0.7699999999999996,0.7846586715866996
2014-09-03,19.62,-0.7399999999999984,-0.7253413284132985
2014-09-04,20.12,0.5,0.5146586715867
2014-09-05,19.14,-0.9800000000000004,-0.9653413284133004
2014-09-08,20.29,1.1499999999999986,1.1646586715866987
2014-09-09,19.79,-0.5,-0.4853413284133
2014-09-10,20.8,1.0100000000000016,1.0246586715867017
2014-09-11,22.56,1.759999999999998,1.774658671586698
2014-09-12,22.89,0.33000000000000185,0.3446586715867018
2014-09-15,21.98,-0.9100000000000001,-0.8953413284133002
2014-09-16,21.02,-0.9600000000000009,-0.9453413284133009
2014-09-17,20.93,-0.08999999999999986,-0.07534132841329985
2014-09-18,20.68,-0.25,-0.2353413284133
2014-09-19,26.64,5.960000000000001,5.974658671586701
2014-09-22,27.91,1.2699999999999996,1.2846586715866997
2014-09-23,27.58,-0.33000000000000185,-0.31534132841330187
2014-09-24,29.38,1.8000000000000007,1.8146586715867008
2014-09-25,33.37,3.9899999999999984,4.004658671586698
2014-09-26,31.39,-1.9799999999999969,-1.9653413284132968
2014-09-29,30.41,-0.9800000000000004,-0.9653413284133004
2014-09-30,36.99,6.580000000000002,6.594658671586702
2014-10-01,35.34,-1.6499999999999986,-1.6353413284132985
2014-10-02,34.42,-0.9200000000000017,-0.9053413284133017
2014-10-03,31.21,-3.210000000000001,-3.195341328413301
2014-10-06,29.5,-1.7100000000000009,-1.6953413284133008
2014-10-07,29.84,0.33999999999999986,0.35465867158669984
2014-10-08,29.61,-0.23000000000000043,-0.21534132841330042
2014-10-09,30.94,1.3300000000000018,1.344658671586702
2014-10-10,30.79,-0.15000000000000213,-0.13534132841330213
2014-10-13,31.49,0.6999999999999993,0.7146586715866993
2014-10-14,29.36,-2.129999999999999,-2.115341328413299
2014-10-15,32.79,3.4299999999999997,3.4446586715866996
2014-10-16,32.14,-0.6499999999999986,-0.6353413284132986
2014-10-17,31.07,-1.0700000000000003,-1.0553413284133002
2014-10-20,29.02,-2.0500000000000007,-2.035341328413301
2014-10-21,26.19,-2.8299999999999983,-2.8153413284132984
2014-10-22,27.6,1.4100000000000001,1.4246586715867002
2014-10-23,27.29,-0.3100000000000023,-0.2953413284133023
2014-10-24,27.2,-0.08999999999999986,-0.07534132841329985
2014-10-27,27.7,0.5,0.5146586715867
2014-10-28,28.47,0.7699999999999996,0.7846586715866996
2014-10-29,29.13,0.6600000000000001,0.6746586715867001
2014-10-30,33.96,4.830000000000002,4.844658671586702
2014-10-31,38.4,4.439999999999998,4.454658671586698
2014-11-03,37.27,-1.1299999999999955,-1.1153413284132954
2014-11-04,36.28,-0.990000000000002,-0.975341328413302
2014-11-05,41.0,4.719999999999999,4.734658671586699
2014-11-06,39.23,-1.7700000000000031,-1.755341328413303
2014-11-07,35.91,-3.3200000000000003,-3.3053413284133004
2014-11-10,33.55,-2.3599999999999994,-2.3453413284132996
2014-11-11,35.05,1.5,1.5146586715867
2014-11-12,34.67,-0.37999999999999545,-0.3653413284132955
2014-11-13,32.02,-2.6499999999999986,-2.6353413284132987
2014-11-14,36.32,4.299999999999997,4.314658671586697
2014-11-17,37.14,0.8200000000000003,0.8346586715867003
2014-11-18,36.09,-1.0499999999999972,-1.035341328413297
2014-11-19,37.84,1.75,1.7646586715867
2014-11-20,33.86,-3.980000000000004,-3.965341328413304
2014-11-21,32.41,-1.4500000000000028,-1.4353413284133028
2014-11-24,31.33,-1.0799999999999983,-1.0653413284132982
2014-11-25,30.86,-0.46999999999999886,-0.4553413284132989
2014-11-26,31.2,0.33999999999999986,0.35465867158669984
2014-11-28,38.41,7.209999999999997,7.224658671586697
2014-12-01,40.68,2.270000000000003,2.284658671586703
2014-12-02,36.82,-3.8599999999999994,-3.8453413284132996
2014-12-03,35.15,-1.6700000000000017,-1.6553413284133016
2014-12-04,34.93,-0.21999999999999886,-0.20534132841329886
2014-12-05,33.34,-1.5899999999999963,-1.5753413284132962
2014-12-08,33.65,0.30999999999999517,0.32465867158669515
2014-12-09,32.69,-0.9600000000000009,-0.9453413284133009
2014-12-10,33.57,0.8800000000000026,0.8946586715867025
2014-12-11,33.35,-0.21999999999999886,-0.20534132841329886
2014-12-12,33.92,0.5700000000000003,0.5846586715867003
2014-12-15,35.87,1.9499999999999957,1.9646586715866958
2014-12-16,39.84,3.970000000000006,3.984658671586706
2014-12-17,39.3,-0.5400000000000063,-0.5253413284133063
2014-12-18,34.88,-4.419999999999995,-4.405341328413295
2014-12-19,33.61,-1.2700000000000031,-1.255341328413303
2014-12-22,34.74,1.1300000000000026,1.1446586715867026
2014-12-23,33.28,-1.4600000000000009,-1.4453413284133008
2014-12-24,32.98,-0.30000000000000426,-0.2853413284133043
2014-12-26,32.17,-0.8099999999999952,-0.7953413284132952
2014-12-29,35.23,3.059999999999995,3.074658671586695
2014-12-30,32.43,-2.799999999999997,-2.7853413284132973
2014-12-31,36.65,4.219999999999999,4.234658671586699
2015-01-02,35.19,-1.4600000000000009,-1.4453413284133008
2015-01-05,35.12,-0.07000000000000028,-0.055341328413300285
2015-01-06,33.95,-1.1699999999999946,-1.1553413284132945
2015-01-07,32.9,-1.0500000000000043,-1.0353413284133042
2015-01-08,32.13,-0.769999999999996,-0.755341328413296
2015-01-09,30.76,-1.370000000000001,-1.355341328413301
2015-01-12,30.36,-0.40000000000000213,-0.38534132841330215
2015-01-13,31.72,1.3599999999999994,1.3746586715866995
2015-01-14,33.45,1.730000000000004,1.744658671586704
2015-01-15,35.71,2.259999999999998,2.274658671586698
2015-01-16,38.07,2.3599999999999994,2.3746586715866993
2015-01-20,37.74,-0.3299999999999983,-0.3153413284132983
2015-01-21,37.14,-0.6000000000000014,-0.5853413284133014
2015-01-22,34.45,-2.6899999999999977,-2.675341328413298
2015-01-23,33.8,-0.6500000000000057,-0.6353413284133057
2015-01-26,33.58,-0.21999999999999886,-0.20534132841329886
2015-01-27,33.72,0.14000000000000057,0.15465867158670057
2015-01-28,32.91,-0.8100000000000023,-0.7953413284133023
2015-01-29,36.28,3.3700000000000045,3.3846586715867044
2015-01-30,34.86,-1.4200000000000017,-1.4053413284133016
2015-02-02,34.69,-0.1700000000000017,-0.1553413284133017
2015-02-03,33.89,-0.7999999999999972,-0.7853413284132972
2015-02-04,33.24,-0.6499999999999986,-0.6353413284132986
2015-02-05,33.71,0.46999999999999886,0.48465867158669884
2015-02-06,34.34,0.6300000000000026,0.6446586715867025
2015-02-09,33.89,-0.45000000000000284,-0.43534132841330286
2015-02-10,33.74,-0.14999999999999858,-0.13534132841329857
2015-02-11,33.58,-0.1600000000000037,-0.1453413284133037
2015-02-12,32.33,-1.25,-1.2353413284133
2015-02-13,31.81,-0.5199999999999996,-0.5053413284132996
2015-02-17,35.83,4.02,4.034658671586699
2015-02-18,35.23,-0.6000000000000014,-0.5853413284133014
2015-02-19,33.72,-1.509999999999998,-1.495341328413298
2015-02-20,35.04,1.3200000000000003,1.3346586715867004
2015-02-23,34.22,-0.8200000000000003,-0.8053413284133003
2015-02-24,33.38,-0.8399999999999963,-0.8253413284132963
2015-02-25,31.82,-1.5600000000000023,-1.5453413284133022
2015-02-26,31.26,-0.5599999999999987,-0.5453413284132987
2015-02-27,30.52,-0.740000000000002,-0.725341328413302
2015-03-02,31.55,1.0300000000000011,1.0446586715867012
2015-03-03,31.35,-0.1999999999999993,-0.18534132841329928
2015-03-04,30.6,-0.75,-0.7353413284133
2015-03-05,30.67,0.07000000000000028,0.08465867158670029
2015-03-06,31.14,0.46999999999999886,0.48465867158669884
2015-03-09,31.53,0.39000000000000057,0.40465867158670055
2015-03-10,31.11,-0.4200000000000017,-0.4053413284133017
2015-03-11,33.07,1.9600000000000009,1.974658671586701
2015-03-12,32.52,-0.5499999999999972,-0.5353413284132972
2015-03-13,31.72,-0.8000000000000043,-0.7853413284133043
2015-03-16,31.63,-0.08999999999999986,-0.07534132841329985
2015-03-17,32.18,0.5500000000000007,0.5646586715867007
2015-03-18,31.56,-0.620000000000001,-0.605341328413301
2015-03-19,28.16,-3.3999999999999986,-3.3853413284132987
2015-03-20,29.27,1.1099999999999994,1.1246586715866995
2015-03-23,29.64,0.370000000000001,0.384658671586701
2015-03-24,29.41,-0.23000000000000043,-0.21534132841330042
2015-03-25,28.3,-1.1099999999999994,-1.0953413284132993
2015-03-26,28.75,0.4499999999999993,0.46465867158669927
2015-03-27,28.76,0.010000000000001563,0.024658671586701562
2015-03-30,29.02,0.259999999999998,0.274658671586698
2015-03-31,28.69,-0.3299999999999983,-0.3153413284132983
2015-04-01,28.62,-0.07000000000000028,-0.055341328413300285
2015-04-02,27.97,-0.6500000000000021,-0.6353413284133022
2015-04-06,27.85,-0.11999999999999744,-0.10534132841329744
2015-04-07,27.19,-0.6600000000000001,-0.6453413284133002
2015-04-08,27.78,0.5899999999999999,0.6046586715866998
2015-04-09,28.9,1.1199999999999974,1.1346586715866975
2015-04-10,28.12,-0.7799999999999976,-0.7653413284132976
2015-04-13,27.68,-0.4400000000000013,-0.4253413284133013
2015-04-14,27.25,-0.4299999999999997,-0.41534132841329974
2015-04-15,26.48,-0.7699999999999996,-0.7553413284132996
2015-04-16,26.83,0.34999999999999787,0.36465867158669785
2015-04-17,26.75,-0.0799999999999983,-0.06534132841329829
2015-04-20,27.73,0.9800000000000004,0.9946586715867004
2015-04-21,27.36,-0.370000000000001,-0.355341328413301
2015-04-22,27.66,0.3000000000000007,0.3146586715867007
2015-04-23,27.97,0.3099999999999987,0.3246586715866987
2015-04-24,29.09,1.120000000000001,1.134658671586701
2015-04-27,28.2,-0.8900000000000006,-0.8753413284133006
2015-04-28,27.41,-0.7899999999999991,-0.7753413284132992
2015-04-29,27.45,0.03999999999999915,0.05465867158669915
2015-04-30,27.39,-0.05999999999999872,-0.04534132841329872
2015-05-01,27.77,0.379999999999999,0.394658671586699
2015-05-04,28.19,0.4200000000000017,0.4346586715867017
2015-05-05,28.66,0.46999999999999886,0.48465867158669884
2015-05-06,28.33,-0.33000000000000185,-0.31534132841330187
2015-05-07,28.76,0.43000000000000327,0.44465867158670325
2015-05-08,26.7,-2.0600000000000023,-2.0453413284133024
2015-05-11,26.1,-0.5999999999999979,-0.5853413284132979
2015-05-12,26.61,0.509999999999998,0.524658671586698
2015-05-13,25.94,-0.6699999999999982,-0.6553413284132982
2015-05-14,26.52,0.5799999999999983,0.5946586715866983
2015-05-15,25.99,-0.5300000000000011,-0.5153413284133012
2015-05-18,26.47,0.4800000000000004,0.4946586715867004
2015-05-19,27.7,1.2300000000000004,1.2446586715867005
2015-05-20,26.82,-0.879999999999999,-0.865341328413299
2015-05-21,26.07,-0.75,-0.7353413284133
2015-05-22,25.35,-0.7199999999999989,-0.7053413284132989
2015-05-26,26.99,1.639999999999997,1.654658671586697
2015-05-27,26.31,-0.6799999999999997,-0.6653413284132997
2015-05-28,26.41,0.10000000000000142,0.11465867158670143
2015-05-29,24.7,-1.7100000000000009,-1.6953413284133008
2015-06-01,27.25,2.5500000000000007,2.5646586715867006
2015-06-02,26.3,-0.9499999999999993,-0.9353413284132993
2015-06-03,26.63,0.3299999999999983,0.3446586715866983
2015-06-04,27.92,1.2900000000000027,1.3046586715867028
2015-06-05,26.98,-0.9400000000000013,-0.9253413284133013
2015-06-08,27.67,0.6900000000000013,0.7046586715867013
2015-06-09,26.53,-1.1400000000000006,-1.1253413284133005
2015-06-10,26.62,0.08999999999999986,0.10465867158669986
2015-06-11,26.15,-0.4700000000000024,-0.45534132841330244
2015-06-12,25.92,-0.22999999999999687,-0.21534132841329687
2015-06-15,26.48,0.5599999999999987,0.5746586715866987
2015-06-16,26.14,-0.33999999999999986,-0.3253413284132999
2015-06-17,25.1,-1.0399999999999991,-1.025341328413299
2015-06-18,24.76,-0.33999999999999986,-0.3253413284132999
2015-06-19,24.99,0.22999999999999687,0.24465867158669688
2015-06-22,24.33,-0.6600000000000001,-0.6453413284133002
2015-06-23,24.8,0.4700000000000024,0.4846586715867024
2015-06-24,24.91,0.10999999999999943,0.12465867158669944
2015-06-25,23.49,-1.4200000000000017,-1.4053413284133016
2015-06-26,22.87,-0.6199999999999974,-0.6053413284132975
2015-06-29,24.38,1.509999999999998,1.524658671586698
2015-06-30,25.08,0.6999999999999993,0.7146586715866993
2015-07-01,24.64,-0.4399999999999977,-0.42534132841329775
2015-07-02,24.14,-0.5,-0.4853413284133
2015-07-06,25.0,0.8599999999999994,0.8746586715866994
2015-07-07,30.08,5.079999999999998,5.094658671586698
