Date,Values,Delta Calculations,Delta - Mean(-0.010369003690000001)
2011-03-16,32.16, , 
2011-03-17,29.36,-2.799999999999997,-2.789630996309997
2011-03-18,28.56,-0.8000000000000007,-0.7896309963100007
2011-03-21,26.21,-2.349999999999998,-2.3396309963099977
2011-03-22,25.71,-0.5,-0.48963099631
2011-03-23,24.96,-0.75,-0.73963099631
2011-03-24,24.49,-0.4700000000000024,-0.4596309963100024
2011-03-25,24.01,-0.4799999999999969,-0.4696309963099969
2011-03-28,24.74,0.7299999999999969,0.7403690036899969
2011-03-29,24.56,-0.17999999999999972,-0.16963099630999973
2011-03-30,24.08,-0.4800000000000004,-0.46963099631000044
2011-03-31,24.45,0.370000000000001,0.380369003690001
2011-04-01,23.81,-0.6400000000000006,-0.6296309963100005
2011-04-04,24.05,0.240000000000002,0.250369003690002
2011-04-05,23.37,-0.6799999999999997,-0.6696309963099997
2011-04-06,23.92,0.5500000000000007,0.5603690036900008
2011-04-07,23.77,-0.15000000000000213,-0.13963099631000214
2011-04-08,24.84,1.0700000000000003,1.0803690036900002
2011-04-11,23.99,-0.8500000000000014,-0.8396309963100014
2011-04-12,24.94,0.9500000000000028,0.9603690036900029
2011-04-13,25.12,0.17999999999999972,0.1903690036899997
2011-04-14,23.59,-1.5300000000000011,-1.5196309963100012
2011-04-15,23.16,-0.4299999999999997,-0.4196309963099997
2011-04-18,24.12,0.9600000000000009,0.9703690036900009
2011-04-19,22.27,-1.8500000000000014,-1.8396309963100015
2011-04-20,21.16,-1.1099999999999994,-1.0996309963099995
2011-04-21,21.28,0.120000000000001,0.13036900369000098
2011-04-25,23.44,2.16,2.1703690036900003
2011-04-26,22.81,-0.6300000000000026,-0.6196309963100025
2011-04-27,23.16,0.3500000000000014,0.3603690036900014
2011-04-28,23.13,-0.030000000000001137,-0.019630996310001134
2011-04-29,22.88,-0.25,-0.23963099631
2011-05-02,24.96,2.080000000000002,2.090369003690002
2011-05-03,26.72,1.759999999999998,1.770369003689998
2011-05-04,26.95,0.23000000000000043,0.24036900369000042
2011-05-05,30.34,3.3900000000000006,3.4003690036900007
2011-05-06,28.73,-1.6099999999999994,-1.5996309963099995
2011-05-09,26.7,-2.030000000000001,-2.019630996310001
2011-05-10,25.47,-1.2300000000000004,-1.2196309963100005
2011-05-11,27.96,2.490000000000002,2.500369003690002
2011-05-12,28.29,0.3299999999999983,0.3403690036899983
2011-05-13,28.45,0.16000000000000014,0.17036900369000013
2011-05-16,29.23,0.7800000000000011,0.7903690036900012
2011-05-17,28.37,-0.8599999999999994,-0.8496309963099994
2011-05-18,27.04,-1.3300000000000018,-1.319630996310002
2011-05-19,26.68,-0.35999999999999943,-0.34963099630999944
2011-05-20,26.43,-0.25,-0.23963099631
2011-05-23,27.53,1.1000000000000014,1.1103690036900014
2011-05-24,26.03,-1.5,-1.48963099631
2011-05-25,24.93,-1.1000000000000014,-1.0896309963100015
2011-05-26,24.13,-0.8000000000000007,-0.7896309963100007
2011-05-27,23.44,-0.6899999999999977,-0.6796309963099977
2011-05-31,23.53,0.08999999999999986,0.10036900368999986
2011-06-01,25.51,1.9800000000000004,1.9903690036900004
2011-06-02,25.41,-0.10000000000000142,-0.08963099631000142
2011-06-03,25.28,-0.129999999999999,-0.119630996309999
2011-06-06,27.31,2.0299999999999976,2.0403690036899977
2011-06-07,26.42,-0.889999999999997,-0.879630996309997
2011-06-08,26.97,0.5499999999999972,0.5603690036899972
2011-06-09,25.0,-1.9699999999999989,-1.959630996309999
2011-06-10,26.93,1.9299999999999997,1.9403690036899996
2011-06-13,28.15,1.2199999999999989,1.2303690036899988
2011-06-14,26.13,-2.0199999999999996,-2.0096309963099994
2011-06-15,29.06,2.9299999999999997,2.94036900369
2011-06-16,30.12,1.0600000000000023,1.0703690036900022
2011-06-17,29.46,-0.6600000000000001,-0.6496309963100001
2011-06-20,28.08,-1.3800000000000026,-1.3696309963100026
2011-06-21,25.57,-2.509999999999998,-2.499630996309998
2011-06-22,25.45,-0.120000000000001,-0.10963099631000099
2011-06-23,26.36,0.9100000000000001,0.9203690036900002
2011-06-24,28.25,1.8900000000000006,1.9003690036900005
2011-06-27,27.84,-0.41000000000000014,-0.39963099631000015
2011-06-28,25.91,-1.9299999999999997,-1.9196309963099998
2011-06-29,25.01,-0.8999999999999986,-0.8896309963099985
2011-06-30,23.44,-1.5700000000000003,-1.5596309963100004
2011-07-01,22.8,-0.6400000000000006,-0.6296309963100005
2011-07-05,23.37,0.5700000000000003,0.5803690036900003
2011-07-06,24.0,0.629999999999999,0.640369003689999
2011-07-07,23.4,-0.6000000000000014,-0.5896309963100014
2011-07-08,23.58,0.17999999999999972,0.1903690036899997
2011-07-11,25.25,1.6700000000000017,1.6803690036900016
2011-07-12,26.17,0.9200000000000017,0.9303690036900018
2011-07-13,25.25,-0.9200000000000017,-0.9096309963100017
2011-07-14,27.32,2.0700000000000003,2.0803690036900004
2011-07-15,26.15,-1.1700000000000017,-1.1596309963100018
2011-07-18,27.34,1.1900000000000013,1.2003690036900012
2011-07-19,24.83,-2.5100000000000016,-2.4996309963100014
2011-07-20,24.92,0.09000000000000341,0.10036900369000341
2011-07-21,24.22,-0.7000000000000028,-0.6896309963100028
2011-07-22,25.21,0.990000000000002,1.000369003690002
2011-07-25,26.47,1.259999999999998,1.270369003689998
2011-07-26,26.49,0.019999999999999574,0.030369003689999577
2011-07-27,27.93,1.4400000000000013,1.4503690036900012
2011-07-28,29.18,1.25,1.26036900369
2011-07-29,30.17,0.990000000000002,1.000369003690002
2011-08-01,29.19,-0.9800000000000004,-0.9696309963100004
2011-08-02,30.22,1.0299999999999976,1.0403690036899975
2011-08-03,29.53,-0.6899999999999977,-0.6796309963099977
2011-08-04,39.17,9.64,9.65036900369
2011-08-05,40.47,1.2999999999999972,1.310369003689997
2011-08-08,52.04,11.57,11.58036900369
2011-08-09,44.05,-7.990000000000002,-7.979630996310002
2011-08-10,49.17,5.1200000000000045,5.130369003690005
2011-08-11,45.66,-3.510000000000005,-3.499630996310005
2011-08-12,42.61,-3.049999999999997,-3.039630996309997
2011-08-15,38.14,-4.469999999999999,-4.459630996309999
2011-08-16,39.36,1.2199999999999989,1.2303690036899988
2011-08-17,37.46,-1.8999999999999986,-1.8896309963099986
2011-08-18,47.17,9.71,9.720369003690001
2011-08-19,47.96,0.7899999999999991,0.8003690036899992
2011-08-22,48.53,0.5700000000000003,0.5803690036900003
2011-08-23,42.97,-5.560000000000002,-5.549630996310002
2011-08-24,42.58,-0.39000000000000057,-0.3796309963100006
2011-08-25,46.04,3.460000000000001,3.470369003690001
2011-08-26,42.4,-3.6400000000000006,-3.6296309963100004
2011-08-29,39.55,-2.8500000000000014,-2.8396309963100013
2011-08-30,39.13,-0.4199999999999946,-0.4096309963099946
2011-08-31,39.29,0.1599999999999966,0.17036900368999658
2011-09-01,39.13,-0.1599999999999966,-0.1496309963099966
2011-09-02,41.36,2.229999999999997,2.240369003689997
2011-09-06,45.77,4.410000000000004,4.420369003690004
2011-09-07,41.72,-4.050000000000004,-4.039630996310004
2011-09-08,42.74,1.0200000000000031,1.030369003690003
2011-09-09,47.92,5.18,5.19036900369
2011-09-12,48.94,1.019999999999996,1.030369003689996
2011-09-13,46.36,-2.5799999999999983,-2.569630996309998
2011-09-14,43.18,-3.1799999999999997,-3.1696309963099996
2011-09-15,39.37,-3.8100000000000023,-3.799630996310002
2011-09-16,38.42,-0.9499999999999957,-0.9396309963099957
2011-09-19,41.59,3.1700000000000017,3.180369003690002
2011-09-20,41.34,-0.25,-0.23963099631
2011-09-21,44.66,3.319999999999993,3.3303690036899933
2011-09-22,52.31,7.650000000000006,7.660369003690006
2011-09-23,53.19,0.8799999999999955,0.8903690036899955
2011-09-26,49.01,-4.18,-4.16963099631
2011-09-27,48.0,-1.009999999999998,-0.999630996309998
2011-09-28,52.66,4.659999999999997,4.670369003689997
2011-09-29,51.3,-1.3599999999999994,-1.3496309963099995
2011-09-30,53.72,2.4200000000000017,2.430369003690002
2011-10-03,57.47,3.75,3.76036900369
2011-10-04,52.73,-4.740000000000002,-4.729630996310002
2011-10-05,48.03,-4.699999999999996,-4.689630996309996
2011-10-06,46.34,-1.6899999999999977,-1.6796309963099978
2011-10-07,47.21,0.8699999999999974,0.8803690036899975
2011-10-10,43.7,-3.509999999999998,-3.499630996309998
2011-10-11,42.84,-0.8599999999999994,-0.8496309963099994
2011-10-12,40.63,-2.210000000000001,-2.1996309963100007
2011-10-13,39.91,-0.720000000000006,-0.7096309963100059
2011-10-14,36.45,-3.4599999999999937,-3.4496309963099936
2011-10-17,42.31,5.859999999999999,5.87036900369
2011-10-18,39.64,-2.6700000000000017,-2.6596309963100015
2011-10-19,42.86,3.219999999999999,3.230369003689999
2011-10-20,43.24,0.38000000000000256,0.39036900369000255
2011-10-21,40.07,-3.1700000000000017,-3.1596309963100015
2011-10-24,37.53,-2.539999999999999,-2.529630996309999
2011-10-25,41.18,3.6499999999999986,3.6603690036899987
2011-10-26,37.95,-3.229999999999997,-3.2196309963099967
2011-10-27,34.33,-3.6200000000000045,-3.6096309963100044
2011-10-28,32.61,-1.7199999999999989,-1.709630996309999
2011-10-31,39.0,6.390000000000001,6.400369003690001
2011-11-01,45.62,6.619999999999997,6.630369003689998
2011-11-02,42.71,-2.9099999999999966,-2.8996309963099964
2011-11-03,39.76,-2.950000000000003,-2.9396309963100027
2011-11-04,39.68,-0.0799999999999983,-0.06963099630999829
2011-11-07,39.8,0.11999999999999744,0.13036900368999743
2011-11-08,37.29,-2.509999999999998,-2.499630996309998
2011-11-09,44.45,7.160000000000004,7.170369003690004
2011-11-10,42.08,-2.3700000000000045,-2.3596309963100044
2011-11-11,38.6,-3.479999999999997,-3.4696309963099967
2011-11-14,40.81,2.210000000000001,2.220369003690001
2011-11-15,40.81,0.0,0.010369003690000001
2011-11-16,41.87,1.0599999999999952,1.070369003689995
2011-11-17,43.83,1.9600000000000009,1.9703690036900008
2011-11-18,41.26,-2.5700000000000003,-2.55963099631
2011-11-21,41.66,0.3999999999999986,0.41036900368999857
2011-11-22,40.32,-1.3399999999999963,-1.3296309963099964
2011-11-23,43.07,2.75,2.76036900369
2011-11-25,44.33,1.259999999999998,1.270369003689998
2011-11-28,41.68,-2.6499999999999986,-2.6396309963099984
2011-11-29,39.51,-2.1700000000000017,-2.1596309963100015
2011-11-30,36.19,-3.3200000000000003,-3.30963099631
2011-12-01,36.33,0.14000000000000057,0.15036900369000056
2011-12-02,36.23,-0.10000000000000142,-0.08963099631000142
2011-12-05,36.0,-0.22999999999999687,-0.21963099630999688
2011-12-06,35.56,-0.4399999999999977,-0.42963099630999774
2011-12-07,36.57,1.009999999999998,1.020369003689998
2011-12-08,38.58,2.009999999999998,2.020369003689998
2011-12-09,34.64,-3.9399999999999977,-3.9296309963099976
2011-12-12,34.63,-0.00999999999999801,0.000369003690001991
2011-12-13,34.6,-0.030000000000001137,-0.019630996310001134
2011-12-14,36.6,2.0,2.01036900369
2011-12-15,35.1,-1.5,-1.48963099631
2011-12-16,33.18,-1.9200000000000017,-1.9096309963100018
2011-12-19,33.58,0.3999999999999986,0.41036900368999857
2011-12-20,30.12,-3.4599999999999973,-3.449630996309997
2011-12-21,27.78,-2.34,-2.3296309963099997
2011-12-22,27.08,-0.7000000000000028,-0.6896309963100028
2011-12-23,25.75,-1.3299999999999983,-1.3196309963099984
2011-12-27,28.26,2.5100000000000016,2.5203690036900017
2011-12-28,30.36,2.099999999999998,2.110369003689998
2011-12-29,29.34,-1.0199999999999996,-1.0096309963099996
2011-12-30,29.56,0.21999999999999886,0.23036900368999885
2012-01-03,29.15,-0.41000000000000014,-0.39963099631000015
2012-01-04,28.27,-0.879999999999999,-0.869630996309999
2012-01-05,28.1,-0.16999999999999815,-0.15963099630999816
2012-01-06,27.65,-0.45000000000000284,-0.43963099631000285
2012-01-09,27.53,-0.11999999999999744,-0.10963099630999744
2012-01-10,26.64,-0.8900000000000006,-0.8796309963100005
2012-01-11,27.65,1.009999999999998,1.020369003689998
2012-01-12,27.64,-0.00999999999999801,0.000369003690001991
2012-01-13,27.8,0.16000000000000014,0.17036900369000013
2012-01-17,27.11,-0.6900000000000013,-0.6796309963100012
2012-01-18,26.85,-0.259999999999998,-0.24963099630999802
2012-01-19,25.3,-1.5500000000000007,-1.5396309963100008
2012-01-20,23.94,-1.3599999999999994,-1.3496309963099995
2012-01-23,22.6,-1.3399999999999999,-1.32963099631
2012-01-24,22.77,0.16999999999999815,0.18036900368999814
2012-01-25,22.95,0.17999999999999972,0.1903690036899997
2012-01-26,24.29,1.3399999999999999,1.3503690036899998
2012-01-27,24.2,-0.08999999999999986,-0.07963099630999985
2012-01-30,25.66,1.4600000000000009,1.4703690036900008
2012-01-31,26.34,0.6799999999999997,0.6903690036899998
2012-02-01,25.3,-1.0399999999999991,-1.0296309963099992
2012-02-02,24.85,-0.4499999999999993,-0.4396309963099993
2012-02-03,22.9,-1.9500000000000028,-1.939630996310003
2012-02-06,23.99,1.0899999999999999,1.1003690036899998
2012-02-07,24.02,0.030000000000001137,0.04036900369000114
2012-02-08,24.19,0.1700000000000017,0.1803690036900017
2012-02-09,24.55,0.35999999999999943,0.3703690036899994
2012-02-10,27.56,3.009999999999998,3.020369003689998
2012-02-13,25.88,-1.6799999999999997,-1.6696309963099998
2012-02-14,25.82,-0.05999999999999872,-0.04963099630999872
2012-02-15,26.56,0.7399999999999984,0.7503690036899985
2012-02-16,24.98,-1.5799999999999983,-1.5696309963099984
2012-02-17,23.05,-1.9299999999999997,-1.9196309963099998
2012-02-21,23.04,-0.010000000000001563,0.0003690036899984383
2012-02-22,22.92,-0.11999999999999744,-0.10963099630999744
2012-02-23,21.83,-1.0900000000000034,-1.0796309963100035
2012-02-24,22.21,0.38000000000000256,0.39036900369000255
2012-02-27,23.3,1.0899999999999999,1.1003690036899998
2012-02-28,23.11,-0.19000000000000128,-0.1796309963100013
2012-02-29,23.49,0.379999999999999,0.390369003689999
2012-03-01,22.19,-1.2999999999999972,-1.2896309963099972
2012-03-02,22.84,0.6499999999999986,0.6603690036899986
2012-03-05,23.09,0.25,0.26036900369
2012-03-06,25.28,2.1900000000000013,2.2003690036900014
2012-03-07,24.11,-1.1700000000000017,-1.1596309963100018
2012-03-08,23.0,-1.1099999999999994,-1.0996309963099995
2012-03-09,21.83,-1.1700000000000017,-1.1596309963100018
2012-03-12,19.84,-1.9899999999999984,-1.9796309963099985
2012-03-13,17.67,-2.169999999999998,-2.159630996309998
2012-03-14,19.22,1.5499999999999972,1.560369003689997
2012-03-15,19.63,0.41000000000000014,0.42036900369000013
2012-03-16,17.79,-1.8399999999999999,-1.82963099631
2012-03-19,17.43,-0.35999999999999943,-0.34963099630999944
2012-03-20,19.36,1.9299999999999997,1.9403690036899996
2012-03-21,19.24,-0.120000000000001,-0.10963099631000099
2012-03-22,20.96,1.7200000000000024,1.7303690036900023
2012-03-23,20.66,-0.3000000000000007,-0.2896309963100007
2012-03-26,20.37,-0.28999999999999915,-0.27963099630999916
2012-03-27,21.12,0.75,0.76036900369
2012-03-28,21.28,0.16000000000000014,0.17036900369000013
2012-03-29,21.89,0.6099999999999994,0.6203690036899995
2012-03-30,21.12,-0.7699999999999996,-0.7596309963099995
2012-04-02,20.92,-0.1999999999999993,-0.1896309963099993
2012-04-03,21.16,0.23999999999999844,0.2503690036899984
2012-04-04,22.22,1.0599999999999987,1.0703690036899987
2012-04-05,22.47,0.25,0.26036900369
2012-04-09,24.5,2.030000000000001,2.0403690036900013
2012-04-10,26.65,2.1499999999999986,2.1603690036899987
2012-04-11,26.37,-0.2799999999999976,-0.2696309963099976
2012-04-12,24.52,-1.8500000000000014,-1.8396309963100015
2012-04-13,26.52,2.0,2.01036900369
2012-04-16,26.52,0.0,0.010369003690000001
2012-04-17,24.41,-2.1099999999999994,-2.0996309963099993
2012-04-18,24.82,0.41000000000000014,0.42036900369000013
2012-04-19,24.51,-0.3099999999999987,-0.29963099630999873
2012-04-20,23.73,-0.7800000000000011,-0.7696309963100011
2012-04-23,24.73,1.0,1.01036900369
2012-04-24,23.94,-0.7899999999999991,-0.7796309963099991
2012-04-25,22.5,-1.4400000000000013,-1.4296309963100013
2012-04-26,21.57,-0.9299999999999997,-0.9196309963099997
2012-04-27,21.38,-0.19000000000000128,-0.1796309963100013
2012-04-30,21.72,0.33999999999999986,0.35036900368999985
2012-05-01,20.9,-0.8200000000000003,-0.8096309963100002
2012-05-02,22.06,1.1600000000000001,1.17036900369
2012-05-03,23.47,1.4100000000000001,1.42036900369
2012-05-04,26.15,2.6799999999999997,2.69036900369
2012-05-07,26.43,0.28000000000000114,0.2903690036900011
2012-05-08,27.05,0.620000000000001,0.630369003690001
2012-05-09,27.48,0.4299999999999997,0.4403690036899997
2012-05-10,26.65,-0.8300000000000018,-0.8196309963100018
2012-05-11,27.38,0.7300000000000004,0.7403690036900005
2012-05-14,29.97,2.59,2.60036900369
2012-05-15,31.23,1.2600000000000016,1.2703690036900015
2012-05-16,31.81,0.5799999999999983,0.5903690036899983
2012-05-17,33.34,1.5300000000000047,1.5403690036900046
2012-05-18,33.39,0.04999999999999716,0.06036900368999716
2012-05-21,30.48,-2.91,-2.89963099631
2012-05-22,29.99,-0.490000000000002,-0.479630996310002
2012-05-23,29.98,-0.00999999999999801,0.000369003690001991
2012-05-24,29.8,-0.17999999999999972,-0.16963099630999973
2012-05-25,29.37,-0.4299999999999997,-0.4196309963099997
2012-05-29,28.6,-0.7699999999999996,-0.7596309963099995
2012-05-30,30.99,2.389999999999997,2.400369003689997
2012-05-31,31.8,0.8100000000000023,0.8203690036900023
2012-06-01,34.41,2.609999999999996,2.620369003689996
2012-06-04,33.74,-0.6699999999999946,-0.6596309963099946
2012-06-05,31.86,-1.8800000000000026,-1.8696309963100026
2012-06-06,29.8,-2.0599999999999987,-2.0496309963099986
2012-06-07,28.95,-0.8500000000000014,-0.8396309963100014
2012-06-08,28.71,-0.23999999999999844,-0.22963099630999845
2012-06-11,32.1,3.3900000000000006,3.4003690036900007
2012-06-12,30.13,-1.9700000000000024,-1.9596309963100025
2012-06-13,32.05,1.9199999999999982,1.930369003689998
2012-06-14,30.78,-1.269999999999996,-1.259630996309996
2012-06-15,27.39,-3.3900000000000006,-3.3796309963100004
2012-06-18,24.96,-2.4299999999999997,-2.4196309963099996
2012-06-19,23.93,-1.0300000000000011,-1.0196309963100012
2012-06-20,23.37,-0.5599999999999987,-0.5496309963099987
2012-06-21,27.11,3.7399999999999984,3.7503690036899986
2012-06-22,25.64,-1.4699999999999989,-1.459630996309999
2012-06-25,27.84,2.1999999999999993,2.2103690036899994
2012-06-26,27.05,-0.7899999999999991,-0.7796309963099991
2012-06-27,25.85,-1.1999999999999993,-1.1896309963099994
2012-06-28,26.02,0.16999999999999815,0.18036900368999814
2012-06-29,23.89,-2.129999999999999,-2.119630996309999
2012-07-02,23.83,-0.060000000000002274,-0.04963099631000227
2012-07-03,23.83,0.0,0.010369003690000001
2012-07-05,23.61,-0.21999999999999886,-0.20963099630999887
2012-07-06,24.05,0.4400000000000013,0.45036900369000127
2012-07-09,24.88,0.8299999999999983,0.8403690036899983
2012-07-10,25.92,1.0400000000000027,1.0503690036900026
2012-07-11,25.12,-0.8000000000000007,-0.7896309963100007
2012-07-12,25.92,0.8000000000000007,0.8103690036900008
2012-07-13,23.8,-2.120000000000001,-2.109630996310001
2012-07-16,24.45,0.6499999999999986,0.6603690036899986
2012-07-17,23.42,-1.0299999999999976,-1.0196309963099977
2012-07-18,22.98,-0.4400000000000013,-0.4296309963100013
2012-07-19,22.75,-0.23000000000000043,-0.21963099631000044
2012-07-20,22.73,-0.019999999999999574,-0.009630996309999572
2012-07-23,25.29,2.5599999999999987,2.570369003689999
2012-07-24,26.81,1.5199999999999996,1.5303690036899995
2012-07-25,25.77,-1.0399999999999991,-1.0296309963099992
2012-07-26,23.41,-2.3599999999999994,-2.3496309963099993
2012-07-27,22.56,-0.8500000000000014,-0.8396309963100014
2012-07-30,23.87,1.3100000000000023,1.3203690036900022
2012-07-31,25.56,1.6899999999999977,1.7003690036899977
2012-08-01,24.56,-1.0,-0.98963099631
2012-08-02,24.24,-0.3200000000000003,-0.3096309963100003
2012-08-03,22.02,-2.219999999999999,-2.2096309963099987
2012-08-06,22.07,0.05000000000000071,0.060369003690000714
2012-08-07,21.82,-0.25,-0.23963099631
2012-08-08,21.7,-0.120000000000001,-0.10963099631000099
2012-08-09,21.39,-0.3099999999999987,-0.29963099630999873
2012-08-10,20.55,-0.8399999999999999,-0.8296309963099998
2012-08-13,18.92,-1.629999999999999,-1.619630996309999
2012-08-14,19.47,0.5499999999999972,0.5603690036899972
2012-08-15,19.12,-0.34999999999999787,-0.3396309963099979
2012-08-16,20.09,0.9699999999999989,0.9803690036899989
2012-08-17,18.55,-1.5399999999999991,-1.5296309963099992
2012-08-20,19.8,1.25,1.26036900369
2012-08-21,20.93,1.129999999999999,1.140369003689999
2012-08-22,20.23,-0.6999999999999993,-0.6896309963099992
2012-08-23,21.63,1.3999999999999986,1.4103690036899985
2012-08-24,20.96,-0.6699999999999982,-0.6596309963099981
2012-08-27,21.4,0.4399999999999977,0.4503690036899977
2012-08-28,22.14,0.740000000000002,0.750369003690002
2012-08-29,22.78,0.6400000000000006,0.6503690036900006
2012-08-30,23.98,1.1999999999999993,1.2103690036899992
2012-08-31,23.36,-0.620000000000001,-0.609630996310001
2012-09-04,24.38,1.0199999999999996,1.0303690036899995
2012-09-05,24.3,-0.0799999999999983,-0.06963099630999829
2012-09-06,21.64,-2.66,-2.64963099631
2012-09-07,19.99,-1.6500000000000021,-1.6396309963100022
2012-09-10,20.96,0.9700000000000024,0.9803690036900025
2012-09-11,21.31,0.34999999999999787,0.36036900368999786
2012-09-12,21.14,-0.16999999999999815,-0.15963099630999816
2012-09-13,20.31,-0.8300000000000018,-0.8196309963100018
2012-09-14,20.16,-0.14999999999999858,-0.1396309963099986
2012-09-17,20.41,0.25,0.26036900369
2012-09-18,21.05,0.6400000000000006,0.6503690036900006
2012-09-19,21.0,-0.05000000000000071,-0.03963099631000071
2012-09-20,20.01,-0.9899999999999984,-0.9796309963099984
2012-09-21,19.52,-0.490000000000002,-0.479630996310002
2012-09-24,19.57,0.05000000000000071,0.060369003690000714
2012-09-25,20.1,0.5300000000000011,0.5403690036900012
2012-09-26,21.29,1.1899999999999977,1.2003690036899977
2012-09-27,19.97,-1.3200000000000003,-1.3096309963100004
2012-09-28,19.74,-0.23000000000000043,-0.21963099631000044
2012-10-01,20.81,1.0700000000000003,1.0803690036900002
2012-10-02,20.44,-0.36999999999999744,-0.35963099630999745
2012-10-03,20.67,0.23000000000000043,0.24036900369000042
2012-10-04,19.89,-0.7800000000000011,-0.7696309963100011
2012-10-05,19.74,-0.15000000000000213,-0.13963099631000214
2012-10-08,20.16,0.4200000000000017,0.4303690036900017
2012-10-09,20.87,0.7100000000000009,0.7203690036900009
2012-10-10,21.37,0.5,0.51036900369
2012-10-11,20.33,-1.0400000000000027,-1.0296309963100028
2012-10-12,20.32,-0.00999999999999801,0.000369003690001991
2012-10-15,19.83,-0.490000000000002,-0.479630996310002
2012-10-16,19.17,-0.6599999999999966,-0.6496309963099965
2012-10-17,19.07,-0.10000000000000142,-0.08963099631000142
2012-10-18,19.25,0.17999999999999972,0.1903690036899997
2012-10-19,20.46,1.2100000000000009,1.2203690036900008
2012-10-22,21.03,0.5700000000000003,0.5803690036900003
2012-10-23,23.2,2.169999999999998,2.1803690036899983
2012-10-24,23.3,0.10000000000000142,0.11036900369000142
2012-10-25,23.0,-0.3000000000000007,-0.2896309963100007
2012-10-26,23.0,0.0,0.010369003690000001
2012-10-31,23.23,0.23000000000000043,0.24036900369000042
2012-11-01,21.77,-1.4600000000000009,-1.449630996310001
2012-11-02,22.57,0.8000000000000007,0.8103690036900008
2012-11-05,23.76,1.1900000000000013,1.2003690036900012
2012-11-06,23.01,-0.75,-0.73963099631
2012-11-07,24.16,1.1499999999999986,1.1603690036899985
2012-11-08,24.8,0.6400000000000006,0.6503690036900006
2012-11-09,24.3,-0.5,-0.48963099631
2012-11-12,21.95,-2.3500000000000014,-2.3396309963100013
2012-11-13,22.31,0.35999999999999943,0.3703690036899994
2012-11-14,23.09,0.7800000000000011,0.7903690036900012
2012-11-15,23.4,0.3099999999999987,0.3203690036899987
2012-11-16,21.89,-1.509999999999998,-1.499630996309998
2012-11-19,19.82,-2.0700000000000003,-2.05963099631
2012-11-20,19.71,-0.10999999999999943,-0.09963099630999943
2012-11-21,19.54,-0.1700000000000017,-0.15963099631000172
2012-11-23,19.54,0.0,0.010369003690000001
2012-11-26,20.21,0.6700000000000017,0.6803690036900018
2012-11-27,20.66,0.4499999999999993,0.4603690036899993
2012-11-28,20.25,-0.41000000000000014,-0.39963099631000015
2012-11-29,19.92,-0.3299999999999983,-0.3196309963099983
2012-11-30,20.11,0.18999999999999773,0.20036900368999772
2012-12-03,21.25,1.1400000000000006,1.1503690036900005
2012-12-04,22.05,0.8000000000000007,0.8103690036900008
2012-12-05,21.22,-0.8300000000000018,-0.8196309963100018
2012-12-06,20.71,-0.509999999999998,-0.499630996309998
2012-12-07,20.31,-0.40000000000000213,-0.38963099631000214
2012-12-10,20.25,-0.05999999999999872,-0.04963099630999872
2012-12-11,20.29,0.03999999999999915,0.05036900368999915
2012-12-12,20.0,-0.28999999999999915,-0.27963099630999916
2012-12-13,20.36,0.35999999999999943,0.3703690036899994
2012-12-14,20.52,0.16000000000000014,0.17036900369000013
2012-12-17,20.21,-0.3099999999999987,-0.29963099630999873
2012-12-18,19.41,-0.8000000000000007,-0.7896309963100007
2012-12-19,20.99,1.5799999999999983,1.5903690036899982
2012-12-20,20.36,-0.629999999999999,-0.619630996309999
2012-12-21,21.78,1.4200000000000017,1.4303690036900016
2012-12-24,21.78,0.0,0.010369003690000001
2012-12-26,22.16,0.379999999999999,0.390369003689999
2012-12-27,22.82,0.6600000000000001,0.6703690036900002
2012-12-28,24.63,1.8099999999999987,1.8203690036899987
2012-12-31,22.49,-2.1400000000000006,-2.1296309963100004
2013-01-02,18.17,-4.319999999999997,-4.309630996309997
2013-01-03,17.91,-0.26000000000000156,-0.24963099631000157
2013-01-04,17.18,-0.7300000000000004,-0.7196309963100004
2013-01-07,17.61,0.4299999999999997,0.4403690036899997
2013-01-08,17.36,-0.25,-0.23963099631
2013-01-09,17.39,0.030000000000001137,0.04036900369000114
2013-01-10,16.96,-0.4299999999999997,-0.4196309963099997
2013-01-11,16.55,-0.41000000000000014,-0.39963099631000015
2013-01-14,16.43,-0.120000000000001,-0.10963099631000099
2013-01-15,16.09,-0.33999999999999986,-0.32963099630999987
2013-01-16,16.23,0.14000000000000057,0.15036900369000056
2013-01-17,16.42,0.19000000000000128,0.20036900369000127
2013-01-18,15.01,-1.410000000000002,-1.399630996310002
2013-01-22,15.77,0.7599999999999998,0.7703690036899998
2013-01-23,15.7,-0.07000000000000028,-0.05963099631000028
2013-01-24,15.96,0.26000000000000156,0.27036900369000155
2013-01-25,16.21,0.25,0.26036900369
2013-01-28,17.31,1.0999999999999979,1.1103690036899978
2013-01-29,17.02,-0.28999999999999915,-0.27963099630999916
2013-01-30,17.87,0.8500000000000014,0.8603690036900015
2013-01-31,18.52,0.6499999999999986,0.6603690036899986
2013-02-01,17.4,-1.120000000000001,-1.109630996310001
2013-02-04,19.21,1.8100000000000023,1.8203690036900022
2013-02-05,18.36,-0.8500000000000014,-0.8396309963100014
2013-02-06,18.25,-0.10999999999999943,-0.09963099630999943
2013-02-07,18.71,0.46000000000000085,0.47036900369000084
2013-02-08,18.11,-0.6000000000000014,-0.5896309963100014
2013-02-11,17.72,-0.39000000000000057,-0.3796309963100006
2013-02-12,17.42,-0.29999999999999716,-0.28963099630999717
2013-02-13,17.29,-0.13000000000000256,-0.11963099631000255
2013-02-14,17.67,0.38000000000000256,0.39036900369000255
2013-02-15,17.6,-0.07000000000000028,-0.05963099631000028
2013-02-19,16.7,-0.9000000000000021,-0.8896309963100021
2013-02-20,18.66,1.9600000000000009,1.9703690036900008
2013-02-21,19.74,1.0799999999999983,1.0903690036899982
2013-02-22,18.64,-1.0999999999999979,-1.089630996309998
2013-02-25,22.87,4.23,4.240369003690001
2013-02-26,21.33,-1.5400000000000027,-1.5296309963100028
2013-02-27,19.48,-1.8499999999999979,-1.839630996309998
2013-02-28,19.5,0.019999999999999574,0.030369003689999577
2013-03-01,19.54,0.03999999999999915,0.05036900368999915
2013-03-04,19.48,-0.05999999999999872,-0.04963099630999872
2013-03-05,18.32,-1.1600000000000001,-1.1496309963100002
2013-03-06,17.86,-0.46000000000000085,-0.44963099631000086
2013-03-07,17.14,-0.7199999999999989,-0.7096309963099988
2013-03-08,16.46,-0.6799999999999997,-0.6696309963099997
2013-03-11,14.88,-1.58,-1.5696309963100001
2013-03-12,15.09,0.20999999999999908,0.22036900368999907
2013-03-13,15.06,-0.02999999999999936,-0.019630996309999357
2013-03-14,14.61,-0.45000000000000107,-0.4396309963100011
2013-03-15,15.47,0.8600000000000012,0.8703690036900013
2013-03-18,17.81,2.339999999999998,2.3503690036899982
2013-03-19,18.62,0.8100000000000023,0.8203690036900023
2013-03-20,17.3,-1.3200000000000003,-1.3096309963100004
2013-03-21,18.38,1.0799999999999983,1.0903690036899982
2013-03-22,17.84,-0.5399999999999991,-0.5296309963099991
2013-03-25,17.64,-0.1999999999999993,-0.1896309963099993
2013-03-26,16.52,-1.120000000000001,-1.109630996310001
2013-03-27,16.7,0.17999999999999972,0.1903690036899997
2013-03-28,16.78,0.08000000000000185,0.09036900369000185
2013-04-01,17.28,0.5,0.51036900369
2013-04-02,17.41,0.129999999999999,0.140369003689999
2013-04-03,18.84,1.4299999999999997,1.4403690036899996
2013-04-04,19.22,0.379999999999999,0.390369003689999
2013-04-05,19.36,0.14000000000000057,0.15036900369000056
2013-04-08,18.79,-0.5700000000000003,-0.5596309963100002
2013-04-09,18.32,-0.46999999999999886,-0.4596309963099989
2013-04-10,17.99,-0.33000000000000185,-0.31963099631000186
2013-04-11,17.71,-0.2799999999999976,-0.2696309963099976
2013-04-12,18.09,0.379999999999999,0.390369003689999
2013-04-15,23.66,5.57,5.58036900369
2013-04-16,20.81,-2.8500000000000014,-2.8396309963100013
2013-04-17,23.18,2.370000000000001,2.380369003690001
2013-04-18,23.86,0.6799999999999997,0.6903690036899998
2013-04-19,22.5,-1.3599999999999994,-1.3496309963099995
2013-04-22,20.88,-1.620000000000001,-1.609630996310001
2013-04-23,19.96,-0.9199999999999982,-0.9096309963099981
2013-04-24,19.65,-0.3100000000000023,-0.2996309963100023
2013-04-25,19.75,0.10000000000000142,0.11036900369000142
2013-04-26,19.73,-0.019999999999999574,-0.009630996309999572
2013-04-29,19.37,-0.35999999999999943,-0.34963099630999944
2013-04-30,19.31,-0.060000000000002274,-0.04963099631000227
2013-05-01,20.67,1.360000000000003,1.370369003690003
2013-05-02,19.91,-0.7600000000000016,-0.7496309963100015
2013-05-03,18.87,-1.0399999999999991,-1.0296309963099992
2013-05-06,18.94,0.07000000000000028,0.08036900369000029
2013-05-07,18.9,-0.0400000000000027,-0.029630996310002697
2013-05-08,18.87,-0.029999999999997584,-0.01963099630999758
2013-05-09,19.07,0.1999999999999993,0.21036900368999928
2013-05-10,19.03,-0.03999999999999915,-0.029630996309999144
2013-05-13,18.52,-0.5100000000000016,-0.4996309963100016
2013-05-14,18.31,-0.21000000000000085,-0.19963099631000086
2013-05-15,18.77,0.46000000000000085,0.47036900369000084
2013-05-16,18.76,-0.00999999999999801,0.000369003690001991
2013-05-17,18.28,-0.4800000000000004,-0.46963099631000044
2013-05-20,18.09,-0.19000000000000128,-0.1796309963100013
2013-05-21,18.62,0.5300000000000011,0.5403690036900012
2013-05-22,19.0,0.379999999999999,0.390369003689999
2013-05-23,19.84,0.8399999999999999,0.8503690036899999
2013-05-24,19.55,-0.28999999999999915,-0.27963099630999916
2013-05-28,19.45,-0.10000000000000142,-0.08963099631000142
2013-05-29,19.92,0.4700000000000024,0.4803690036900024
2013-05-30,20.1,0.17999999999999972,0.1903690036899997
2013-05-31,21.23,1.129999999999999,1.140369003689999
2013-06-03,21.32,0.08999999999999986,0.10036900368999986
2013-06-04,21.64,0.3200000000000003,0.3303690036900003
2013-06-05,22.66,1.0199999999999996,1.0303690036899995
2013-06-06,22.52,-0.14000000000000057,-0.12963099631000058
2013-06-07,20.7,-1.8200000000000003,-1.8096309963100004
2013-06-10,20.72,0.019999999999999574,0.030369003689999577
2013-06-11,22.31,1.5899999999999999,1.6003690036899998
2013-06-12,23.43,1.120000000000001,1.130369003690001
2013-06-13,21.46,-1.9699999999999989,-1.959630996309999
2013-06-14,21.97,0.509999999999998,0.520369003689998
2013-06-17,21.35,-0.6199999999999974,-0.6096309963099974
2013-06-18,20.73,-0.620000000000001,-0.609630996310001
2013-06-19,19.99,-0.740000000000002,-0.729630996310002
2013-06-20,24.93,4.940000000000001,4.950369003690001
2013-06-21,23.3,-1.629999999999999,-1.619630996309999
2013-06-24,23.89,0.5899999999999999,0.6003690036899999
2013-06-25,22.68,-1.2100000000000009,-1.199630996310001
2013-06-26,20.98,-1.6999999999999993,-1.6896309963099994
2013-06-27,20.63,-0.3500000000000014,-0.33963099631000143
2013-06-28,20.61,-0.019999999999999574,-0.009630996309999572
2013-07-01,20.29,-0.3200000000000003,-0.3096309963100003
2013-07-02,20.13,-0.16000000000000014,-0.14963099631000015
2013-07-03,20.08,-0.05000000000000071,-0.03963099631000071
2013-07-05,19.26,-0.8199999999999967,-0.8096309963099967
2013-07-08,18.79,-0.4700000000000024,-0.4596309963100024
2013-07-09,18.07,-0.7199999999999989,-0.7096309963099988
2013-07-10,18.09,0.019999999999999574,0.030369003689999577
2013-07-11,17.31,-0.7800000000000011,-0.7696309963100011
2013-07-12,16.84,-0.46999999999999886,-0.4596309963099989
2013-07-15,16.69,-0.14999999999999858,-0.1396309963099986
2013-07-16,17.32,0.629999999999999,0.640369003689999
2013-07-17,16.87,-0.4499999999999993,-0.4396309963099993
2013-07-18,16.92,0.05000000000000071,0.060369003690000714
2013-07-19,16.29,-0.6300000000000026,-0.6196309963100025
2013-07-22,16.72,0.4299999999999997,0.4403690036899997
2013-07-23,16.85,0.13000000000000256,0.14036900369000255
2013-07-24,17.42,0.5700000000000003,0.5803690036900003
2013-07-25,17.0,-0.4200000000000017,-0.4096309963100017
2013-07-26,16.8,-0.1999999999999993,-0.1896309963099993
2013-07-29,17.89,1.0899999999999999,1.1003690036899998
2013-07-30,17.92,0.030000000000001137,0.04036900369000114
2013-07-31,18.05,0.129999999999999,0.140369003689999
2013-08-01,17.27,-0.7800000000000011,-0.7696309963100011
2013-08-02,16.57,-0.6999999999999993,-0.6896309963099992
2013-08-05,16.52,-0.05000000000000071,-0.03963099631000071
2013-08-06,17.1,0.5800000000000018,0.5903690036900019
2013-08-07,17.25,0.14999999999999858,0.16036900368999857
2013-08-08,16.53,-0.7199999999999989,-0.7096309963099988
2013-08-09,16.88,0.34999999999999787,0.36036900368999786
2013-08-12,15.82,-1.0599999999999987,-1.0496309963099988
2013-08-13,15.67,-0.15000000000000036,-0.13963099631000037
2013-08-14,16.4,0.7299999999999986,0.7403690036899987
2013-08-15,17.81,1.4100000000000001,1.42036900369
2013-08-16,17.38,-0.4299999999999997,-0.4196309963099997
2013-08-19,18.65,1.2699999999999996,1.2803690036899995
2013-08-20,18.2,-0.4499999999999993,-0.4396309963099993
2013-08-21,18.77,0.5700000000000003,0.5803690036900003
2013-08-22,18.12,-0.6499999999999986,-0.6396309963099985
2013-08-23,17.18,-0.9400000000000013,-0.9296309963100012
2013-08-26,18.7,1.5199999999999996,1.5303690036899995
2013-08-27,19.91,1.2100000000000009,1.2203690036900008
2013-08-28,19.36,-0.5500000000000007,-0.5396309963100007
2013-08-29,20.57,1.2100000000000009,1.2203690036900008
2013-08-30,21.19,0.620000000000001,0.630369003690001
2013-09-03,20.91,-0.28000000000000114,-0.26963099631000115
2013-09-04,19.88,-1.0300000000000011,-1.0196309963100012
2013-09-05,19.31,-0.5700000000000003,-0.5596309963100002
2013-09-06,19.48,0.1700000000000017,0.1803690036900017
2013-09-09,19.19,-0.28999999999999915,-0.27963099630999916
2013-09-10,18.76,-0.4299999999999997,-0.4196309963099997
2013-09-11,17.16,-1.6000000000000014,-1.5896309963100015
2013-09-12,17.64,0.4800000000000004,0.4903690036900004
2013-09-13,17.25,-0.39000000000000057,-0.3796309963100006
2013-09-16,17.71,0.46000000000000085,0.47036900369000084
2013-09-17,17.43,-0.28000000000000114,-0.26963099631000115
2013-09-18,17.12,-0.3099999999999987,-0.29963099630999873
2013-09-19,16.41,-0.7100000000000009,-0.6996309963100008
2013-09-20,16.46,0.05000000000000071,0.060369003690000714
2013-09-23,17.03,0.5700000000000003,0.5803690036900003
2013-09-24,16.92,-0.10999999999999943,-0.09963099630999943
2013-09-25,16.83,-0.09000000000000341,-0.07963099631000341
2013-09-26,16.82,-0.00999999999999801,0.000369003690001991
2013-09-27,17.7,0.879999999999999,0.890369003689999
2013-09-30,19.55,1.8500000000000014,1.8603690036900014
2013-10-01,18.96,-0.5899999999999999,-0.5796309963099998
2013-10-02,18.92,-0.03999999999999915,-0.029630996309999144
2013-10-03,19.85,0.9299999999999997,0.9403690036899998
2013-10-04,19.28,-0.5700000000000003,-0.5596309963100002
2013-10-07,21.52,2.2399999999999984,2.2503690036899986
2013-10-08,23.26,1.740000000000002,1.750369003690002
2013-10-09,23.02,-0.240000000000002,-0.229630996310002
2013-10-10,19.94,-3.0799999999999983,-3.069630996309998
2013-10-11,18.85,-1.0899999999999999,-1.07963099631
2013-10-14,19.14,0.28999999999999915,0.30036900368999914
2013-10-15,20.44,1.3000000000000007,1.3103690036900006
2013-10-16,17.53,-2.91,-2.89963099631
2013-10-17,16.45,-1.0800000000000018,-1.069630996310002
2013-10-18,16.16,-0.28999999999999915,-0.27963099630999916
2013-10-21,16.64,0.4800000000000004,0.4903690036900004
2013-10-22,17.09,0.4499999999999993,0.4603690036899993
2013-10-23,18.11,1.0199999999999996,1.0303690036899995
2013-10-24,17.0,-1.1099999999999994,-1.0996309963099995
2013-10-25,16.21,-0.7899999999999991,-0.7796309963099991
2013-10-28,16.71,0.5,0.51036900369
2013-10-29,16.39,-0.3200000000000003,-0.3096309963100003
2013-10-30,16.98,0.5899999999999999,0.6003690036899999
2013-10-31,16.92,-0.05999999999999872,-0.04963099630999872
2013-11-01,17.21,0.28999999999999915,0.30036900368999914
2013-11-04,16.67,-0.5399999999999991,-0.5296309963099991
2013-11-05,16.93,0.259999999999998,0.270369003689998
2013-11-06,16.79,-0.14000000000000057,-0.12963099631000058
2013-11-07,18.29,1.5,1.51036900369
2013-11-08,17.07,-1.2199999999999989,-1.209630996309999
2013-11-11,16.51,-0.5599999999999987,-0.5496309963099987
2013-11-12,17.36,0.8499999999999979,0.8603690036899979
2013-11-13,16.53,-0.8299999999999983,-0.8196309963099982
2013-11-14,16.38,-0.15000000000000213,-0.13963099631000214
2013-11-15,16.1,-0.2799999999999976,-0.2696309963099976
2013-11-18,16.81,0.7099999999999973,0.7203690036899973
2013-11-19,16.92,0.11000000000000298,0.12036900369000299
2013-11-20,16.75,-0.1700000000000017,-0.15963099631000172
2013-11-21,16.21,-0.5399999999999991,-0.5296309963099991
2013-11-22,15.34,-0.870000000000001,-0.859630996310001
2013-11-25,16.24,0.8999999999999986,0.9103690036899986
2013-11-26,16.22,-0.019999999999999574,-0.009630996309999572
2013-11-27,16.61,0.39000000000000057,0.40036900369000056
2013-11-29,16.75,0.14000000000000057,0.15036900369000056
2013-12-02,17.33,0.5799999999999983,0.5903690036899983
2013-12-03,17.9,0.5700000000000003,0.5803690036900003
2013-12-04,18.13,0.23000000000000043,0.24036900369000042
2013-12-05,18.77,0.6400000000000006,0.6503690036900006
2013-12-06,17.59,-1.1799999999999997,-1.1696309963099998
2013-12-09,17.19,-0.3999999999999986,-0.3896309963099986
2013-12-10,17.29,0.09999999999999787,0.11036900368999787
2013-12-11,18.47,1.1799999999999997,1.1903690036899996
2013-12-12,18.25,-0.21999999999999886,-0.20963099630999887
2013-12-13,18.63,0.379999999999999,0.390369003689999
2013-12-16,18.17,-0.4599999999999973,-0.4496309963099973
2013-12-17,18.31,0.13999999999999702,0.150369003689997
2013-12-18,15.83,-2.4799999999999986,-2.4696309963099985
2013-12-19,15.48,-0.34999999999999964,-0.33963099630999966
2013-12-20,15.04,-0.4400000000000013,-0.4296309963100013
2013-12-23,14.44,-0.5999999999999996,-0.5896309963099996
2013-12-24,14.48,0.040000000000000924,0.05036900369000093
2013-12-26,14.91,0.4299999999999997,0.4403690036899997
2013-12-27,14.74,-0.16999999999999993,-0.15963099630999994
2013-12-30,15.61,0.8699999999999992,0.8803690036899993
2013-12-31,16.02,0.41000000000000014,0.42036900369000013
2014-01-02,17.01,0.990000000000002,1.000369003690002
2014-01-03,16.45,-0.5600000000000023,-0.5496309963100022
2014-01-06,16.09,-0.35999999999999943,-0.34963099630999944
2014-01-07,15.39,-0.6999999999999993,-0.6896309963099992
2014-01-08,15.66,0.2699999999999996,0.28036900368999956
2014-01-09,15.71,0.05000000000000071,0.060369003690000714
2014-01-10,15.48,-0.23000000000000043,-0.21963099631000044
2014-01-13,15.51,0.02999999999999936,0.040369003689999364
2014-01-14,14.57,-0.9399999999999995,-0.9296309963099995
2014-01-15,14.57,0.0,0.010369003690000001
2014-01-16,14.09,-0.4800000000000004,-0.46963099631000044
2014-01-17,14.15,0.0600000000000005,0.0703690036900005
2014-01-21,14.27,0.11999999999999922,0.1303690036899992
2014-01-22,13.53,-0.7400000000000002,-0.7296309963100002
2014-01-23,15.04,1.5099999999999998,1.5203690036899997
2014-01-24,16.93,1.8900000000000006,1.9003690036900005
2014-01-27,18.11,1.1799999999999997,1.1903690036899996
2014-01-28,17.9,-0.21000000000000085,-0.19963099631000086
2014-01-29,18.48,0.5800000000000018,0.5903690036900019
2014-01-30,18.21,-0.2699999999999996,-0.2596309963099996
2014-01-31,20.07,1.8599999999999994,1.8703690036899994
2014-02-03,21.52,1.4499999999999993,1.4603690036899992
2014-02-04,20.52,-1.0,-0.98963099631
2014-02-05,21.28,0.7600000000000016,0.7703690036900016
2014-02-06,19.28,-2.0,-1.98963099631
2014-02-07,17.8,-1.4800000000000004,-1.4696309963100005
2014-02-10,17.97,0.16999999999999815,0.18036900368999814
2014-02-11,16.8,-1.1699999999999982,-1.1596309963099982
2014-02-12,16.79,-0.010000000000001563,0.0003690036899984383
2014-02-13,16.85,0.060000000000002274,0.07036900369000228
2014-02-14,15.97,-0.8800000000000008,-0.8696309963100007
2014-02-18,16.4,0.42999999999999794,0.44036900368999793
2014-02-19,16.6,0.20000000000000284,0.21036900369000283
2014-02-20,16.39,-0.21000000000000085,-0.19963099631000086
2014-02-21,16.55,0.16000000000000014,0.17036900369000013
2014-02-24,16.26,-0.28999999999999915,-0.27963099630999916
2014-02-25,16.55,0.28999999999999915,0.30036900368999914
2014-02-26,16.8,0.25,0.26036900369
2014-02-27,16.7,-0.10000000000000142,-0.08963099631000142
2014-02-28,16.93,0.23000000000000043,0.24036900369000042
2014-03-03,18.3,1.370000000000001,1.380369003690001
2014-03-04,17.24,-1.0600000000000023,-1.0496309963100023
2014-03-05,17.5,0.26000000000000156,0.27036900369000155
2014-03-06,16.99,-0.5100000000000016,-0.4996309963100016
2014-03-07,16.68,-0.3099999999999987,-0.29963099630999873
2014-03-10,17.02,0.33999999999999986,0.35036900368999985
2014-03-11,17.68,0.6600000000000001,0.6703690036900002
2014-03-12,17.56,-0.120000000000001,-0.10963099631000099
2014-03-13,18.6,1.0400000000000027,1.0503690036900026
2014-03-14,19.43,0.8299999999999983,0.8403690036899983
2014-03-17,17.89,-1.5399999999999991,-1.5296309963099992
2014-03-18,16.53,-1.3599999999999994,-1.3496309963099995
2014-03-19,16.66,0.129999999999999,0.140369003689999
2014-03-20,16.53,-0.129999999999999,-0.119630996309999
2014-03-21,15.92,-0.6100000000000012,-0.5996309963100012
2014-03-24,16.4,0.47999999999999865,0.49036900368999864
2014-03-25,15.62,-0.7799999999999994,-0.7696309963099993
2014-03-26,15.77,0.15000000000000036,0.16036900369000034
2014-03-27,16.48,0.7100000000000009,0.7203690036900009
2014-03-28,15.64,-0.8399999999999999,-0.8296309963099998
2014-03-31,15.73,0.08999999999999986,0.10036900368999986
2014-04-01,14.85,-0.8800000000000008,-0.8696309963100007
2014-04-02,14.81,-0.03999999999999915,-0.029630996309999144
2014-04-03,15.42,0.6099999999999994,0.6203690036899995
2014-04-04,16.17,0.7500000000000018,0.7603690036900018
2014-04-07,17.49,1.3199999999999967,1.3303690036899967
2014-04-08,17.19,-0.29999999999999716,-0.28963099630999717
2014-04-09,16.36,-0.8300000000000018,-0.8196309963100018
2014-04-10,17.3,0.9400000000000013,0.9503690036900013
2014-04-11,18.15,0.8499999999999979,0.8603690036899979
2014-04-14,17.41,-0.7399999999999984,-0.7296309963099984
2014-04-15,17.03,-0.379999999999999,-0.369630996309999
2014-04-16,16.42,-0.6099999999999994,-0.5996309963099994
2014-04-17,15.59,-0.8300000000000018,-0.8196309963100018
2014-04-21,16.33,0.7399999999999984,0.7503690036899985
2014-04-22,16.48,0.15000000000000213,0.16036900369000212
2014-04-23,16.24,-0.240000000000002,-0.229630996310002
2014-04-24,16.58,0.33999999999999986,0.35036900368999985
2014-04-25,17.14,0.5600000000000023,0.5703690036900023
2014-04-28,16.88,-0.26000000000000156,-0.24963099631000157
2014-04-29,16.77,-0.10999999999999943,-0.09963099630999943
2014-04-30,16.82,0.05000000000000071,0.060369003690000714
2014-05-01,16.46,-0.35999999999999943,-0.34963099630999944
2014-05-02,15.94,-0.5200000000000014,-0.5096309963100013
2014-05-05,16.08,0.1399999999999988,0.15036900368999878
2014-05-06,15.96,-0.11999999999999744,-0.10963099630999744
2014-05-07,15.9,-0.0600000000000005,-0.049630996310000494
2014-05-08,17.11,1.209999999999999,1.220369003689999
2014-05-09,16.8,-0.3099999999999987,-0.29963099630999873
2014-05-12,15.82,-0.9800000000000004,-0.9696309963100004
2014-05-13,15.21,-0.6099999999999994,-0.5996309963099994
2014-05-14,15.0,-0.21000000000000085,-0.19963099631000086
2014-05-15,15.98,0.9800000000000004,0.9903690036900005
2014-05-16,15.72,-0.2599999999999998,-0.2496309963099998
2014-05-19,15.21,-0.5099999999999998,-0.4996309963099998
2014-05-20,15.22,0.009999999999999787,0.02036900368999979
2014-05-21,14.31,-0.9100000000000001,-0.8996309963100001
2014-05-22,14.54,0.22999999999999865,0.24036900368999864
2014-05-23,14.31,-0.22999999999999865,-0.21963099630999866
2014-05-27,14.37,0.05999999999999872,0.07036900368999872
2014-05-28,14.17,-0.1999999999999993,-0.1896309963099993
2014-05-29,13.85,-0.3200000000000003,-0.3096309963100003
2014-05-30,14.29,0.4399999999999995,0.4503690036899995
2014-06-02,14.56,0.27000000000000135,0.28036900369000134
2014-06-03,14.76,0.1999999999999993,0.21036900368999928
2014-06-04,14.77,0.009999999999999787,0.02036900368999979
2014-06-05,14.33,-0.4399999999999995,-0.4296309963099995
2014-06-06,13.91,-0.41999999999999993,-0.40963099630999994
2014-06-09,14.28,0.3699999999999992,0.3803690036899992
2014-06-10,14.21,-0.06999999999999851,-0.059630996309998505
2014-06-11,14.03,-0.1800000000000015,-0.1696309963100015
2014-06-12,15.3,1.2700000000000014,1.2803690036900013
2014-06-13,15.62,0.3199999999999985,0.3303690036899985
2014-06-16,16.2,0.5800000000000001,0.5903690036900001
2014-06-17,15.86,-0.33999999999999986,-0.32963099630999987
2014-06-18,14.95,-0.9100000000000001,-0.8996309963100001
2014-06-19,13.98,-0.9699999999999989,-0.9596309963099988
2014-06-20,13.73,-0.25,-0.23963099631
2014-06-23,14.29,0.5599999999999987,0.5703690036899988
2014-06-24,15.67,1.3800000000000008,1.3903690036900007
2014-06-25,15.53,-0.14000000000000057,-0.12963099631000058
2014-06-26,15.58,0.05000000000000071,0.060369003690000714
2014-06-27,15.38,-0.1999999999999993,-0.1896309963099993
2014-06-30,15.62,0.23999999999999844,0.2503690036899984
2014-07-01,14.92,-0.6999999999999993,-0.6896309963099992
2014-07-02,14.7,-0.22000000000000064,-0.20963099631000065
2014-07-03,14.28,-0.41999999999999993,-0.40963099630999994
2014-07-07,15.21,0.9300000000000015,0.9403690036900015
2014-07-08,15.5,0.28999999999999915,0.30036900368999914
2014-07-09,14.94,-0.5600000000000005,-0.5496309963100005
2014-07-10,15.8,0.8600000000000012,0.8703690036900013
2014-07-11,16.06,0.259999999999998,0.270369003689998
2014-07-14,15.26,-0.7999999999999989,-0.7896309963099989
2014-07-15,15.11,-0.15000000000000036,-0.13963099631000037
2014-07-16,14.42,-0.6899999999999995,-0.6796309963099995
2014-07-17,16.53,2.110000000000001,2.1203690036900014
2014-07-18,15.63,-0.9000000000000004,-0.8896309963100003
2014-07-21,15.44,-0.19000000000000128,-0.1796309963100013
2014-07-22,15.25,-0.1899999999999995,-0.1796309963099995
2014-07-23,15.1,-0.15000000000000036,-0.13963099631000037
2014-07-24,14.95,-0.15000000000000036,-0.13963099631000037
2014-07-25,15.38,0.4300000000000015,0.4403690036900015
2014-07-28,16.12,0.7400000000000002,0.7503690036900003
2014-07-29,16.06,-0.060000000000002274,-0.04963099631000227
2014-07-30,16.53,0.4700000000000024,0.4803690036900024
2014-07-31,19.24,2.7099999999999973,2.7203690036899975
2014-08-01,19.83,0.5899999999999999,0.6003690036899999
2014-08-04,18.58,-1.25,-1.23963099631
2014-08-05,20.51,1.9300000000000033,1.9403690036900032
2014-08-06,20.4,-0.11000000000000298,-0.09963099631000298
2014-08-07,20.36,-0.03999999999999915,-0.029630996309999144
2014-08-08,19.8,-0.5599999999999987,-0.5496309963099987
2014-08-11,19.22,-0.5800000000000018,-0.5696309963100018
2014-08-12,19.13,-0.08999999999999986,-0.07963099630999985
2014-08-13,17.71,-1.4199999999999982,-1.4096309963099982
2014-08-14,16.44,-1.2699999999999996,-1.2596309963099996
2014-08-15,16.71,0.2699999999999996,0.28036900368999956
2014-08-18,15.82,-0.8900000000000006,-0.8796309963100005
2014-08-19,14.43,-1.3900000000000006,-1.3796309963100006
2014-08-20,14.38,-0.049999999999998934,-0.03963099630999893
2014-08-21,14.13,-0.25,-0.23963099631
2014-08-22,14.39,0.2599999999999998,0.2703690036899998
2014-08-25,13.98,-0.41000000000000014,-0.39963099631000015
2014-08-26,13.79,-0.19000000000000128,-0.1796309963100013
2014-08-27,13.99,0.20000000000000107,0.21036900369000106
2014-08-28,14.21,0.22000000000000064,0.23036900369000063
2014-08-29,13.89,-0.3200000000000003,-0.3096309963100003
2014-09-02,15.26,1.3699999999999992,1.3803690036899992
2014-09-03,14.9,-0.35999999999999943,-0.34963099630999944
2014-09-04,15.96,1.0600000000000005,1.0703690036900004
2014-09-05,15.51,-0.45000000000000107,-0.4396309963100011
2014-09-08,16.39,0.8800000000000008,0.8903690036900008
2014-09-09,16.74,0.34999999999999787,0.36036900368999786
2014-09-10,17.17,0.43000000000000327,0.44036900369000326
2014-09-11,17.16,-0.010000000000001563,0.0003690036899984383
2014-09-12,17.81,0.6499999999999986,0.6603690036899986
2014-09-15,18.12,0.3100000000000023,0.32036900369000226
2014-09-16,17.39,-0.7300000000000004,-0.7196309963100004
2014-09-17,17.03,-0.35999999999999943,-0.34963099630999944
2014-09-18,17.24,0.2099999999999973,0.2203690036899973
2014-09-19,16.95,-0.28999999999999915,-0.27963099630999916
2014-09-22,18.45,1.5,1.51036900369
2014-09-23,18.99,0.5399999999999991,0.5503690036899992
2014-09-24,18.91,-0.0799999999999983,-0.06963099630999829
2014-09-25,19.92,1.0100000000000016,1.0203690036900015
2014-09-26,19.11,-0.8100000000000023,-0.7996309963100022
2014-09-29,20.27,1.1600000000000001,1.17036900369
2014-09-30,21.34,1.0700000000000003,1.0803690036900002
2014-10-01,22.45,1.1099999999999994,1.1203690036899994
2014-10-02,22.45,0.0,0.010369003690000001
2014-10-03,22.23,-0.21999999999999886,-0.20963099630999887
2014-10-06,21.99,-0.240000000000002,-0.229630996310002
2014-10-07,22.72,0.7300000000000004,0.7403690036900005
2014-10-08,22.94,0.22000000000000242,0.2303690036900024
2014-10-09,26.05,3.1099999999999994,3.1203690036899996
2014-10-10,29.32,3.2699999999999996,3.2803690036899997
2014-10-13,35.72,6.399999999999999,6.410369003689999
2014-10-14,37.32,1.6000000000000014,1.6103690036900014
2014-10-15,37.56,0.240000000000002,0.250369003690002
2014-10-16,38.24,0.6799999999999997,0.6903690036899998
2014-10-17,33.62,-4.6200000000000045,-4.609630996310004
2014-10-20,30.46,-3.1599999999999966,-3.1496309963099964
2014-10-21,25.77,-4.690000000000001,-4.679630996310001
2014-10-22,26.92,1.1500000000000021,1.160369003690002
2014-10-23,25.27,-1.6500000000000021,-1.6396309963100022
2014-10-24,26.2,0.9299999999999997,0.9403690036899998
2014-10-27,28.65,2.4499999999999993,2.4603690036899994
2014-10-28,25.78,-2.8699999999999974,-2.8596309963099973
2014-10-29,25.04,-0.740000000000002,-0.729630996310002
2014-10-30,25.44,0.40000000000000213,0.4103690036900021
2014-10-31,24.4,-1.0400000000000027,-1.0296309963100028
2014-11-03,25.47,1.0700000000000003,1.0803690036900002
2014-11-04,27.76,2.2900000000000027,2.300369003690003
2014-11-05,26.45,-1.3100000000000023,-1.2996309963100023
2014-11-06,25.82,-0.629999999999999,-0.619630996309999
2014-11-07,23.72,-2.1000000000000014,-2.0896309963100013
2014-11-10,24.46,0.740000000000002,0.750369003690002
2014-11-11,23.87,-0.5899999999999999,-0.5796309963099998
2014-11-12,24.2,0.3299999999999983,0.3403690036899983
2014-11-13,25.58,1.379999999999999,1.390369003689999
2014-11-14,25.22,-0.35999999999999943,-0.34963099630999944
2014-11-17,25.61,0.39000000000000057,0.40036900369000056
2014-11-18,25.84,0.23000000000000043,0.24036900369000042
2014-11-19,25.87,0.030000000000001137,0.04036900369000114
2014-11-20,25.07,-0.8000000000000007,-0.7896309963100007
2014-11-21,24.14,-0.9299999999999997,-0.9196309963099997
2014-11-24,23.99,-0.15000000000000213,-0.13963099631000214
2014-11-25,25.34,1.3500000000000014,1.3603690036900014
2014-11-26,26.51,1.1700000000000017,1.1803690036900016
2014-11-28,27.87,1.3599999999999994,1.3703690036899994
2014-12-01,30.03,2.16,2.1703690036900003
2014-12-02,28.26,-1.7699999999999996,-1.7596309963099996
2014-12-03,26.73,-1.5300000000000011,-1.5196309963100012
2014-12-04,27.73,1.0,1.01036900369
2014-12-05,27.5,-0.23000000000000043,-0.21963099631000044
2014-12-08,31.64,4.140000000000001,4.150369003690001
2014-12-09,31.48,-0.16000000000000014,-0.14963099631000015
2014-12-10,36.31,4.830000000000002,4.840369003690002
2014-12-11,36.21,-0.10000000000000142,-0.08963099631000142
2014-12-12,39.43,3.219999999999999,3.230369003689999
2014-12-15,40.1,0.6700000000000017,0.6803690036900018
2014-12-16,40.42,0.3200000000000003,0.3303690036900003
2014-12-17,39.58,-0.8400000000000034,-0.8296309963100034
2014-12-18,35.51,-4.07,-4.05963099631
2014-12-19,30.43,-5.079999999999998,-5.069630996309998
2014-12-22,30.46,0.030000000000001137,0.04036900369000114
2014-12-23,27.31,-3.150000000000002,-3.139630996310002
2014-12-24,27.51,0.20000000000000284,0.21036900369000283
2014-12-26,26.85,-0.6600000000000001,-0.6496309963100001
2014-12-29,27.52,0.6699999999999982,0.6803690036899982
2014-12-30,28.39,0.870000000000001,0.880369003690001
2014-12-31,29.18,0.7899999999999991,0.8003690036899992
2015-01-02,29.81,0.629999999999999,0.640369003689999
2015-01-05,32.37,2.5599999999999987,2.570369003689999
2015-01-06,33.31,0.9400000000000048,0.9503690036900049
2015-01-07,32.05,-1.2600000000000051,-1.2496309963100052
2015-01-08,30.66,-1.389999999999997,-1.379630996309997
2015-01-09,30.15,-0.5100000000000016,-0.4996309963100016
2015-01-12,31.86,1.7100000000000009,1.7203690036900008
2015-01-13,34.75,2.8900000000000006,2.9003690036900007
2015-01-14,35.29,0.5399999999999991,0.5503690036899992
2015-01-15,35.09,-0.19999999999999574,-0.18963099630999575
2015-01-16,33.12,-1.970000000000006,-1.959630996310006
2015-01-20,33.0,-0.11999999999999744,-0.10963099630999744
2015-01-21,30.2,-2.8000000000000007,-2.7896309963100006
2015-01-22,28.04,-2.16,-2.14963099631
2015-01-23,27.61,-0.4299999999999997,-0.4196309963099997
2015-01-26,27.13,-0.4800000000000004,-0.46963099631000044
2015-01-27,27.43,0.3000000000000007,0.3103690036900007
2015-01-28,31.86,4.43,4.44036900369
2015-01-29,31.73,-0.129999999999999,-0.119630996309999
2015-01-30,32.16,0.42999999999999616,0.44036900368999615
2015-02-02,30.95,-1.2099999999999973,-1.1996309963099974
2015-02-03,29.65,-1.3000000000000007,-1.2896309963100008
2015-02-04,30.83,1.1799999999999997,1.1903690036899996
2015-02-05,29.72,-1.1099999999999994,-1.0996309963099995
2015-02-06,29.24,-0.4800000000000004,-0.46963099631000044
2015-02-09,29.87,0.6300000000000026,0.6403690036900026
2015-02-10,29.67,-0.1999999999999993,-0.1896309963099993
2015-02-11,29.89,0.21999999999999886,0.23036900368999885
2015-02-12,27.2,-2.6900000000000013,-2.679630996310001
2015-02-13,25.8,-1.3999999999999986,-1.3896309963099986
2015-02-17,27.38,1.5799999999999983,1.5903690036899982
2015-02-18,27.31,-0.07000000000000028,-0.05963099631000028
2015-02-19,26.39,-0.9199999999999982,-0.9096309963099981
2015-02-20,25.94,-0.4499999999999993,-0.4396309963099993
2015-02-23,25.57,-0.370000000000001,-0.359630996310001
2015-02-24,24.4,-1.1700000000000017,-1.1596309963100018
2015-02-25,23.23,-1.1699999999999982,-1.1596309963099982
2015-02-26,24.51,1.2800000000000011,1.290369003690001
2015-02-27,23.77,-0.740000000000002,-0.729630996310002
2015-03-02,24.14,0.370000000000001,0.380369003690001
2015-03-03,23.5,-0.6400000000000006,-0.6296309963100005
2015-03-04,23.67,0.1700000000000017,0.1803690036900017
2015-03-05,23.26,-0.41000000000000014,-0.39963099631000015
2015-03-06,24.71,1.4499999999999993,1.4603690036899992
2015-03-09,24.44,-0.2699999999999996,-0.2596309963099996
2015-03-10,25.43,0.9899999999999984,1.0003690036899984
2015-03-11,24.99,-0.4400000000000013,-0.4296309963100013
2015-03-12,24.12,-0.8699999999999974,-0.8596309963099974
2015-03-13,24.71,0.5899999999999999,0.6003690036899999
2015-03-16,24.15,-0.5600000000000023,-0.5496309963100022
2015-03-17,23.71,-0.4399999999999977,-0.42963099630999774
2015-03-18,23.09,-0.620000000000001,-0.609630996310001
2015-03-19,23.38,0.28999999999999915,0.30036900368999914
2015-03-20,22.01,-1.3699999999999974,-1.3596309963099975
2015-03-23,21.25,-0.7600000000000016,-0.7496309963100015
2015-03-24,21.2,-0.05000000000000071,-0.03963099631000071
2015-03-25,22.16,0.9600000000000009,0.9703690036900009
2015-03-26,22.91,0.75,0.76036900369
2015-03-27,23.49,0.5799999999999983,0.5903690036899983
2015-03-30,22.22,-1.2699999999999996,-1.2596309963099996
2015-03-31,22.43,0.21000000000000085,0.22036900369000084
2015-04-01,22.29,-0.14000000000000057,-0.12963099631000058
2015-04-02,21.87,-0.41999999999999815,-0.40963099630999816
2015-04-06,21.51,-0.35999999999999943,-0.34963099630999944
2015-04-07,21.16,-0.3500000000000014,-0.33963099631000143
2015-04-08,21.36,0.1999999999999993,0.21036900368999928
2015-04-09,20.51,-0.8499999999999979,-0.8396309963099978
2015-04-10,19.63,-0.8800000000000026,-0.8696309963100025
2015-04-13,19.79,0.16000000000000014,0.17036900369000013
2015-04-14,19.52,-0.2699999999999996,-0.2596309963099996
2015-04-15,19.68,0.16000000000000014,0.17036900369000013
2015-04-16,19.17,-0.509999999999998,-0.499630996309998
2015-04-17,19.9,0.7299999999999969,0.7403690036899969
2015-04-20,19.45,-0.4499999999999993,-0.4396309963099993
2015-04-21,19.97,0.5199999999999996,0.5303690036899996
2015-04-22,19.66,-0.3099999999999987,-0.29963099630999873
2015-04-23,19.1,-0.5599999999999987,-0.5496309963099987
2015-04-24,19.77,0.6699999999999982,0.6803690036899982
2015-04-27,20.04,0.2699999999999996,0.28036900368999956
2015-04-28,19.78,-0.259999999999998,-0.24963099630999802
2015-04-29,19.67,-0.10999999999999943,-0.09963099630999943
2015-04-30,20.61,0.9399999999999977,0.9503690036899978
2015-05-01,19.89,-0.7199999999999989,-0.7096309963099988
2015-05-04,20.78,0.8900000000000006,0.9003690036900006
2015-05-05,21.17,0.39000000000000057,0.40036900369000056
2015-05-06,21.74,0.5699999999999967,0.5803690036899968
2015-05-07,22.54,0.8000000000000007,0.8103690036900008
2015-05-08,20.5,-2.039999999999999,-2.029630996309999
2015-05-11,21.88,1.379999999999999,1.390369003689999
2015-05-12,20.68,-1.1999999999999993,-1.1896309963099994
2015-05-13,20.26,-0.41999999999999815,-0.40963099630999816
2015-05-14,19.43,-0.8300000000000018,-0.8196309963100018
2015-05-15,18.23,-1.1999999999999993,-1.1896309963099994
2015-05-18,18.85,0.620000000000001,0.630369003690001
2015-05-19,20.03,1.1799999999999997,1.1903690036899996
2015-05-20,19.48,-0.5500000000000007,-0.5396309963100007
2015-05-21,18.7,-0.7800000000000011,-0.7696309963100011
2015-05-22,18.64,-0.05999999999999872,-0.04963099630999872
2015-05-26,20.19,1.5500000000000007,1.5603690036900006
2015-05-27,20.18,-0.010000000000001563,0.0003690036899984383
2015-05-28,19.9,-0.28000000000000114,-0.26963099631000115
2015-05-29,19.17,-0.7299999999999969,-0.7196309963099968
2015-06-01,19.0,-0.1700000000000017,-0.15963099631000172
2015-06-02,18.73,-0.2699999999999996,-0.2596309963099996
2015-06-03,19.37,0.6400000000000006,0.6503690036900006
2015-06-04,20.22,0.8499999999999979,0.8603690036899979
2015-06-05,17.86,-2.3599999999999994,-2.3496309963099993
2015-06-08,18.69,0.8300000000000018,0.8403690036900019
2015-06-09,18.28,-0.41000000000000014,-0.39963099631000015
2015-06-10,17.02,-1.2600000000000016,-1.2496309963100016
2015-06-11,16.62,-0.3999999999999986,-0.3896309963099986
2015-06-12,16.98,0.35999999999999943,0.3703690036899994
2015-06-15,17.6,0.620000000000001,0.630369003690001
2015-06-16,17.11,-0.490000000000002,-0.479630996310002
2015-06-17,17.09,-0.019999999999999574,-0.009630996309999572
2015-06-18,16.62,-0.46999999999999886,-0.4596309963099989
2015-06-19,15.96,-0.6600000000000001,-0.6496309963100001
2015-06-22,15.11,-0.8500000000000014,-0.8396309963100014
2015-06-23,14.67,-0.4399999999999995,-0.4296309963099995
2015-06-24,15.19,0.5199999999999996,0.5303690036899996
2015-06-25,16.46,1.2700000000000014,1.2803690036900013
2015-06-26,16.99,0.5299999999999976,0.5403690036899976
2015-06-29,20.0,3.0100000000000016,3.0203690036900017
2015-06-30,19.32,-0.6799999999999997,-0.6696309963099997
2015-07-01,20.13,0.8099999999999987,0.8203690036899988
2015-07-02,19.96,-0.16999999999999815,-0.15963099630999816
2015-07-06,21.37,1.4100000000000001,1.42036900369
2015-07-07,20.92,-0.4499999999999993,-0.4396309963099993
